experiment,threshold,false_match_rate,true_match_rate
lfw_development,1.9230355571434032,0.0,0.0
lfw_development,0.9230355571434032,0.0,0.0022624434389140274
lfw_development,0.9042162456798771,0.0,0.004524886877828055
lfw_development,0.9020390129106328,0.0,0.006787330316742082
lfw_development,0.891010481840575,0.0,0.00904977375565611
lfw_development,0.8839239554662346,0.0,0.011312217194570135
lfw_development,0.8821926981701825,0.0,0.013574660633484163
lfw_development,0.8815726759695027,0.0,0.01583710407239819
lfw_development,0.8765006483927273,0.0,0.01809954751131222
lfw_development,0.8734423920753515,0.0,0.020361990950226245
lfw_development,0.8715844252805498,0.0,0.02262443438914027
lfw_development,0.8658793983295008,0.0,0.024886877828054297
lfw_development,0.8628913219118813,0.0,0.027149321266968326
lfw_development,0.8583851697144791,0.0,0.029411764705882353
lfw_development,0.8569325008922821,0.0,0.03167420814479638
lfw_development,0.8563690464183035,0.0,0.033936651583710405
lfw_development,0.8509509396172938,0.0,0.03619909502262444
lfw_development,0.8470817755289607,0.0,0.038461538461538464
lfw_development,0.8404900867082591,0.0,0.04072398190045249
lfw_development,0.8378449139689046,0.0,0.042986425339366516
lfw_development,0.8355235134208763,0.0,0.04524886877828054
lfw_development,0.8324843173623717,0.0,0.04751131221719457
lfw_development,0.83203015891304,0.0,0.049773755656108594
lfw_development,0.8303584573585227,0.0,0.05203619909502263
lfw_development,0.8295319991423347,0.0,0.05429864253393665
lfw_development,0.8291910278072506,0.0,0.05656108597285068
lfw_development,0.8284959858954801,0.0,0.058823529411764705
lfw_development,0.8263828523256227,0.0,0.06108597285067873
lfw_development,0.8257905308581297,0.0,0.06334841628959276
lfw_development,0.823723121593875,0.0,0.06561085972850679
lfw_development,0.8229943648746477,0.0,0.06787330316742081
lfw_development,0.8206268061468167,0.0,0.07013574660633484
lfw_development,0.8204088979847783,0.0,0.07239819004524888
lfw_development,0.8190423974787766,0.0,0.0746606334841629
lfw_development,0.8167203436573479,0.0,0.07692307692307693
lfw_development,0.8160531934547564,0.0,0.07918552036199095
lfw_development,0.8146251232711128,0.0,0.08144796380090498
lfw_development,0.812926871728444,0.0,0.083710407239819
lfw_development,0.8110442484359428,0.0,0.08597285067873303
lfw_development,0.8108842951646512,0.0,0.08823529411764706
lfw_development,0.810413709786981,0.0,0.09049773755656108
lfw_development,0.8094604542603514,0.0,0.09276018099547512
lfw_development,0.8075598665460568,0.0,0.09502262443438914
lfw_development,0.8002611574334385,0.0,0.09728506787330317
lfw_development,0.7991372551239111,0.0,0.09954751131221719
lfw_development,0.7967246048724721,0.0,0.10180995475113122
lfw_development,0.794945747807452,0.0,0.10407239819004525
lfw_development,0.7945252666951111,0.0,0.10633484162895927
lfw_development,0.7938762523035934,0.0,0.1085972850678733
lfw_development,0.7937389184425867,0.0,0.11085972850678733
lfw_development,0.7932374609057716,0.0,0.11312217194570136
lfw_development,0.7931774858086478,0.0,0.11538461538461539
lfw_development,0.7928475639660973,0.0,0.11764705882352941
lfw_development,0.7926954022193518,0.0,0.11990950226244344
lfw_development,0.7912803034586977,0.0,0.12217194570135746
lfw_development,0.7898153955875331,0.0,0.1244343891402715
lfw_development,0.7876441155208548,0.0,0.12669683257918551
lfw_development,0.7858630402814892,0.0,0.12895927601809956
lfw_development,0.7830288574177551,0.0,0.13122171945701358
lfw_development,0.7816519867589529,0.0,0.1334841628959276
lfw_development,0.7816293398413316,0.0,0.13574660633484162
lfw_development,0.7812212622015563,0.0,0.13800904977375567
lfw_development,0.7790503689384806,0.0,0.14027149321266968
lfw_development,0.7785770954435157,0.0,0.1425339366515837
lfw_development,0.7777951669938029,0.0,0.14479638009049775
lfw_development,0.7775802355022229,0.0,0.14705882352941177
lfw_development,0.7757657580917149,0.0,0.1493212669683258
lfw_development,0.775567111297377,0.0,0.1515837104072398
lfw_development,0.7747987412963745,0.0,0.15384615384615385
lfw_development,0.7728717430212464,0.0,0.15610859728506787
lfw_development,0.7724610881934437,0.0,0.1583710407239819
lfw_development,0.7714564702906815,0.0,0.16063348416289594
lfw_development,0.7696427847818258,0.0,0.16289592760180996
lfw_development,0.7684754605989919,0.0,0.16515837104072398
lfw_development,0.7682992934615945,0.0,0.167420814479638
lfw_development,0.7680466304955342,0.0,0.16968325791855204
lfw_development,0.767198858044436,0.0,0.17194570135746606
lfw_development,0.7671062715437029,0.0,0.17420814479638008
lfw_development,0.7665673931744457,0.0,0.17647058823529413
lfw_development,0.765879916155149,0.0,0.17873303167420815
lfw_development,0.7626980958647271,0.0,0.18099547511312217
lfw_development,0.7622055944512757,0.0,0.1832579185520362
lfw_development,0.7599035230423665,0.0,0.18552036199095023
lfw_development,0.7591808784773746,0.0,0.18778280542986425
lfw_development,0.7587837115808194,0.0,0.19004524886877827
lfw_development,0.7583581102838726,0.0,0.19230769230769232
lfw_development,0.7582745756292688,0.0,0.19457013574660634
lfw_development,0.7582411268498268,0.0,0.19683257918552036
lfw_development,0.7582359935538796,0.0,0.19909502262443438
lfw_development,0.7548179787350515,0.0,0.20135746606334842
lfw_development,0.7544739306369117,0.0,0.20361990950226244
lfw_development,0.7539963258766978,0.0,0.20588235294117646
lfw_development,0.7524908029651073,0.0,0.2081447963800905
lfw_development,0.7518209454378258,0.0,0.21040723981900453
lfw_development,0.7515487426450819,0.0,0.21266968325791855
lfw_development,0.7505158965927299,0.0,0.2149321266968326
lfw_development,0.7496490610062063,0.0,0.2171945701357466
lfw_development,0.7492431608723962,0.0,0.21945701357466063
lfw_development,0.7487170708381147,0.0,0.22171945701357465
lfw_development,0.7484421227200393,0.0,0.2239819004524887
lfw_development,0.7476719801700037,0.0,0.22624434389140272
lfw_development,0.7476366830302061,0.0,0.22850678733031674
lfw_development,0.746861329362437,0.0,0.23076923076923078
lfw_development,0.7461280431882249,0.0,0.2330316742081448
lfw_development,0.7453334624779236,0.0,0.23529411764705882
lfw_development,0.7452477497638286,0.0,0.23755656108597284
lfw_development,0.7442704202237918,0.0,0.2398190045248869
lfw_development,0.7441266687188532,0.0,0.2420814479638009
lfw_development,0.7439918074487012,0.0,0.24434389140271492
lfw_development,0.7437964649289507,0.0,0.24660633484162897
lfw_development,0.7407705917173735,0.0,0.248868778280543
lfw_development,0.7397342960508078,0.0,0.251131221719457
lfw_development,0.7393566312087307,0.0,0.25339366515837103
lfw_development,0.7393379155478711,0.0,0.25565610859728505
lfw_development,0.7392296747804222,0.0,0.2579185520361991
lfw_development,0.7388961518924118,0.0,0.26018099547511314
lfw_development,0.7381146054343954,0.0,0.26244343891402716
lfw_development,0.7371057928829617,0.0,0.2647058823529412
lfw_development,0.7370388722412397,0.0,0.2669683257918552
lfw_development,0.736915581518971,0.0,0.2692307692307692
lfw_development,0.7368108684241752,0.0,0.27149321266968324
lfw_development,0.736625869700858,0.0,0.2737556561085973
lfw_development,0.734787914669796,0.0,0.27601809954751133
lfw_development,0.734353976953727,0.0,0.27828054298642535
lfw_development,0.7342957765395964,0.0,0.28054298642533937
lfw_development,0.7339651826752468,0.0,0.2828054298642534
lfw_development,0.733860685727184,0.0,0.2850678733031674
lfw_development,0.7336583930311066,0.0,0.2873303167420814
lfw_development,0.7335764465168466,0.0,0.2895927601809955
lfw_development,0.7330088867103546,0.0,0.2918552036199095
lfw_development,0.7322066347695876,0.0,0.29411764705882354
lfw_development,0.7310138801320645,0.0,0.29638009049773756
lfw_development,0.7308455144460994,0.0,0.2986425339366516
lfw_development,0.7302500199887635,0.0,0.3009049773755656
lfw_development,0.7300707708699619,0.0,0.3031674208144796
lfw_development,0.7297914873419141,0.0,0.3054298642533937
lfw_development,0.7290738046401888,0.0,0.3076923076923077
lfw_development,0.7281850135757909,0.0,0.30995475113122173
lfw_development,0.7267698015789081,0.0,0.31221719457013575
lfw_development,0.7264863266143669,0.0,0.31447963800904977
lfw_development,0.7262678619502316,0.0,0.3167420814479638
lfw_development,0.7255739467433615,0.0,0.3190045248868778
lfw_development,0.7254393548773579,0.0,0.3212669683257919
lfw_development,0.7252338161272343,0.0,0.3235294117647059
lfw_development,0.7249880658337161,0.0,0.3257918552036199
lfw_development,0.7248402184826752,0.0,0.32805429864253394
lfw_development,0.7237255579723724,0.0,0.33031674208144796
lfw_development,0.7237041704601196,0.0,0.332579185520362
lfw_development,0.7235534161822343,0.0,0.334841628959276
lfw_development,0.7233080945359517,0.0,0.33710407239819007
lfw_development,0.7231333425762911,0.0,0.3393665158371041
lfw_development,0.7211194291564854,0.0,0.3416289592760181
lfw_development,0.7179291977544932,0.0,0.3438914027149321
lfw_development,0.7176213654755544,0.0,0.34615384615384615
lfw_development,0.7175188582065598,0.0,0.34841628959276016
lfw_development,0.717119233763836,0.0,0.3506787330316742
lfw_development,0.7169351410540872,0.0,0.35294117647058826
lfw_development,0.7161613407277205,0.0,0.3552036199095023
lfw_development,0.7152893751604098,0.0,0.3574660633484163
lfw_development,0.7152253210905143,0.0,0.3597285067873303
lfw_development,0.7136475426978898,0.0,0.36199095022624433
lfw_development,0.7134224736974859,0.0,0.36425339366515835
lfw_development,0.713148346322023,0.0,0.3665158371040724
lfw_development,0.7111003308199839,0.0,0.36877828054298645
lfw_development,0.7101496984525714,0.0,0.37104072398190047
lfw_development,0.7098970294275182,0.0,0.3733031674208145
lfw_development,0.7087203789211667,0.0,0.3755656108597285
lfw_development,0.7086334644071004,0.0,0.3778280542986425
lfw_development,0.7080245581012454,0.0,0.38009049773755654
lfw_development,0.7075410877665367,0.0,0.38235294117647056
lfw_development,0.7070309299653039,0.0,0.38461538461538464
lfw_development,0.7058384294644291,0.0,0.38687782805429866
lfw_development,0.7057814175317911,0.0,0.3891402714932127
lfw_development,0.7039064221656524,0.0,0.3914027149321267
lfw_development,0.7037644607520179,0.0,0.3936651583710407
lfw_development,0.7036993701852864,0.0,0.39592760180995473
lfw_development,0.7036028111882916,0.0,0.39819004524886875
lfw_development,0.7029032380180404,0.0,0.4004524886877828
lfw_development,0.7023213820904425,0.0,0.40271493212669685
lfw_development,0.7015929398343411,0.0,0.40497737556561086
lfw_development,0.7008583176218735,0.0,0.4072398190045249
lfw_development,0.7000133315678345,0.0,0.4095022624434389
lfw_development,0.699065404820736,0.0,0.4117647058823529
lfw_development,0.6975468948098594,0.0,0.41402714932126694
lfw_development,0.6970311064110397,0.0,0.416289592760181
lfw_development,0.6962687369942544,0.0,0.41855203619909503
lfw_development,0.6961199327746604,0.0,0.42081447963800905
lfw_development,0.6954891042274581,0.0,0.4230769230769231
lfw_development,0.6954399295475348,0.0,0.4253393665158371
lfw_development,0.6949872820159326,0.0,0.4276018099547511
lfw_development,0.694411646590485,0.0,0.4298642533936652
lfw_development,0.6938875073527769,0.0,0.4321266968325792
lfw_development,0.6933748025252162,0.0,0.4343891402714932
lfw_development,0.6930606846437581,0.0,0.43665158371040724
lfw_development,0.6927546414251847,0.0,0.43891402714932126
lfw_development,0.6927298125329607,0.0,0.4411764705882353
lfw_development,0.6924768556907003,0.0,0.4434389140271493
lfw_development,0.6923863657396352,0.0,0.4457013574660634
lfw_development,0.6923121975002517,0.0,0.4479638009049774
lfw_development,0.6920360946839494,0.0,0.4502262443438914
lfw_development,0.6920135500904597,0.0,0.45248868778280543
lfw_development,0.6918732642965537,0.0,0.45475113122171945
lfw_development,0.6913457189277791,0.0,0.45701357466063347
lfw_development,0.6912894341286903,0.0,0.4592760180995475
lfw_development,0.6911330923236363,0.0,0.46153846153846156
lfw_development,0.6894991270758755,0.0,0.4638009049773756
lfw_development,0.6891952302394223,0.0,0.4660633484162896
lfw_development,0.6891010601647167,0.0,0.4683257918552036
lfw_development,0.6870291961815063,0.0,0.47058823529411764
lfw_development,0.6868987205177695,0.0,0.47285067873303166
lfw_development,0.6855691325939545,0.0,0.4751131221719457
lfw_development,0.6852858985027371,0.0,0.47737556561085975
lfw_development,0.6852484137945343,0.0,0.4796380090497738
lfw_development,0.684993200504969,0.0,0.4819004524886878
lfw_development,0.6836898380739868,0.0,0.4841628959276018
lfw_development,0.6832299044093453,0.0,0.48642533936651583
lfw_development,0.6821121231496229,0.0,0.48868778280542985
lfw_development,0.6819915501963774,0.0,0.49095022624434387
lfw_development,0.6809071076103288,0.0,0.49321266968325794
lfw_development,0.6804705745673328,0.0,0.49547511312217196
lfw_development,0.68020950825654,0.0,0.497737556561086
lfw_development,0.6785627308015766,0.0,0.5
lfw_development,0.6782429226131759,0.0,0.502262443438914
lfw_development,0.6768848272948192,0.0,0.504524886877828
lfw_development,0.6764858198287875,0.0,0.5067873303167421
lfw_development,0.6755832229931229,0.0,0.5090497737556561
lfw_development,0.6751610616781507,0.0,0.5113122171945701
lfw_development,0.6751350119446271,0.0,0.5135746606334841
lfw_development,0.6748934001423553,0.0,0.5158371040723982
lfw_development,0.6747598070491438,0.0,0.5180995475113123
lfw_development,0.6744728616812551,0.0,0.5203619909502263
lfw_development,0.6730894007407882,0.0,0.5226244343891403
lfw_development,0.6727675395959635,0.0,0.5248868778280543
lfw_development,0.6722096948404295,0.0,0.5271493212669683
lfw_development,0.672072522359616,0.0,0.5294117647058824
lfw_development,0.6704665095485451,0.0,0.5316742081447964
lfw_development,0.6701683058249644,0.0,0.5339366515837104
lfw_development,0.669682324951967,0.0,0.5361990950226244
lfw_development,0.6691918833033129,0.0,0.5384615384615384
lfw_development,0.6690152293149276,0.0,0.5407239819004525
lfw_development,0.6689474087597668,0.0,0.5429864253393665
lfw_development,0.667914425196598,0.0,0.5452488687782805
lfw_development,0.6672943650354288,0.0,0.5475113122171946
lfw_development,0.6672468158364191,0.0,0.5497737556561086
lfw_development,0.6672393834950952,0.0,0.5520361990950227
lfw_development,0.6672220855394979,0.0,0.5542986425339367
lfw_development,0.6646629810266081,0.0,0.5565610859728507
lfw_development,0.66405081661763,0.0,0.5588235294117647
lfw_development,0.6611006259851699,0.0,0.5610859728506787
lfw_development,0.6606679591974649,0.0,0.5633484162895928
lfw_development,0.6603698440506214,0.0,0.5656108597285068
lfw_development,0.6597761066931183,0.0,0.5678733031674208
lfw_development,0.6596768166650685,0.0,0.5701357466063348
lfw_development,0.6593996229323763,0.0,0.5723981900452488
lfw_development,0.6586754891459913,0.0,0.5746606334841629
lfw_development,0.6584317146481687,0.0,0.5769230769230769
lfw_development,0.6578246220807489,0.0,0.579185520361991
lfw_development,0.6570551829750216,0.0,0.581447963800905
lfw_development,0.6570405166934434,0.0,0.583710407239819
lfw_development,0.6566904853112023,0.0,0.5859728506787331
lfw_development,0.6562154991885987,0.0,0.5882352941176471
lfw_development,0.6561405028806921,0.0,0.5904977375565611
lfw_development,0.655255709160691,0.0,0.5927601809954751
lfw_development,0.6549051708885658,0.0,0.5950226244343891
lfw_development,0.6536966535944012,0.0,0.5972850678733032
lfw_development,0.6534209543941907,0.0,0.5995475113122172
lfw_development,0.6527919177766177,0.0,0.6018099547511312
lfw_development,0.6524954679389936,0.0,0.6040723981900452
lfw_development,0.6519605579661074,0.0,0.6063348416289592
lfw_development,0.6514976098350458,0.0,0.6085972850678733
lfw_development,0.6510849796851591,0.0,0.6108597285067874
lfw_development,0.6508952147344732,0.0,0.6131221719457014
lfw_development,0.6508147100961578,0.0,0.6153846153846154
lfw_development,0.6504099495792688,0.0,0.6176470588235294
lfw_development,0.6502066059487033,0.0,0.6199095022624435
lfw_development,0.6499286967485499,0.0,0.6221719457013575
lfw_development,0.6496449017794859,0.0,0.6244343891402715
lfw_development,0.6484615571178922,0.0,0.6266968325791855
lfw_development,0.6466126975738608,0.0,0.6289592760180995
lfw_development,0.6463954302180749,0.0,0.6312217194570136
lfw_development,0.646324624376456,0.0,0.6334841628959276
lfw_development,0.6454262369773646,0.0,0.6357466063348416
lfw_development,0.6453463455866223,0.0,0.6380090497737556
lfw_development,0.6452487386560118,0.0,0.6402714932126696
lfw_development,0.6450643588435185,0.0,0.6425339366515838
lfw_development,0.6447111753697574,0.0,0.6447963800904978
lfw_development,0.644576436251665,0.0,0.6470588235294118
lfw_development,0.6429803337653398,0.0,0.6493212669683258
lfw_development,0.6426998938550156,0.0,0.6515837104072398
lfw_development,0.6423542522829394,0.0,0.6538461538461539
lfw_development,0.6420930517905352,0.0,0.6561085972850679
lfw_development,0.6407563221854646,0.0,0.6583710407239819
lfw_development,0.6405408414011861,0.0,0.6606334841628959
lfw_development,0.6383623835268166,0.0,0.6628959276018099
lfw_development,0.6383297187763621,0.0,0.665158371040724
lfw_development,0.6381636178522715,0.0,0.667420814479638
lfw_development,0.6381082852841684,0.0,0.669683257918552
lfw_development,0.6378795576203933,0.0,0.6719457013574661
lfw_development,0.6377155457110294,0.0,0.6742081447963801
lfw_development,0.6371440089786965,0.0,0.6764705882352942
lfw_development,0.6343796191171229,0.0,0.6787330316742082
lfw_development,0.631877502051535,0.0,0.6809954751131222
lfw_development,0.631176940904365,0.0,0.6832579185520362
lfw_development,0.6309974803024705,0.0,0.6855203619909502
lfw_development,0.6308511147992378,0.0,0.6877828054298643
lfw_development,0.6305779118398049,0.0,0.6900452488687783
lfw_development,0.6295164954983685,0.0,0.6923076923076923
lfw_development,0.6290440426280437,0.0,0.6945701357466063
lfw_development,0.6272947857549018,0.0,0.6968325791855203
lfw_development,0.6268293323461465,0.0,0.6990950226244343
lfw_development,0.6245568542182667,0.0,0.7013574660633484
lfw_development,0.6234403702099345,0.0,0.7036199095022625
lfw_development,0.6230049432282103,0.0,0.7058823529411765
lfw_development,0.6213537120291397,0.0,0.7081447963800905
lfw_development,0.6212024386559258,0.0,0.7104072398190046
lfw_development,0.6206438756836563,0.0,0.7126696832579186
lfw_development,0.6205709527796769,0.0,0.7149321266968326
lfw_development,0.6205310139546188,0.0,0.7171945701357466
lfw_development,0.6195772541904754,0.0,0.7194570135746606
lfw_development,0.6193504148132323,0.0,0.7217194570135747
lfw_development,0.6189744802373081,0.0,0.7239819004524887
lfw_development,0.6189461585364341,0.0,0.7262443438914027
lfw_development,0.6188804348619965,0.0,0.7285067873303167
lfw_development,0.6186174298648547,0.0,0.7307692307692307
lfw_development,0.6176262829245095,0.0,0.7330316742081447
lfw_development,0.6175937701411225,0.0,0.7352941176470589
lfw_development,0.6165344233744627,0.0,0.7375565610859729
lfw_development,0.615522408409573,0.0,0.7398190045248869
lfw_development,0.6154255241143197,0.0,0.7420814479638009
lfw_development,0.6146280223561511,0.0,0.744343891402715
lfw_development,0.6130492758015105,0.0,0.746606334841629
lfw_development,0.6128417797981629,0.0,0.748868778280543
lfw_development,0.6096868830866872,0.0,0.751131221719457
lfw_development,0.6084152861341915,0.0,0.753393665158371
lfw_development,0.608408112186848,0.0,0.755656108597285
lfw_development,0.6082024594294339,0.0,0.7579185520361991
lfw_development,0.6076255461125428,0.0,0.7601809954751131
lfw_development,0.6071876271383485,0.0,0.7624434389140271
lfw_development,0.607055700900047,0.0,0.7647058823529411
lfw_development,0.6065492755052704,0.0,0.7669683257918553
lfw_development,0.6064888699964848,0.0,0.7692307692307693
lfw_development,0.6044575534024303,0.0,0.7714932126696833
lfw_development,0.603313538526306,0.0,0.7737556561085973
lfw_development,0.6025739596535696,0.0,0.7760180995475113
lfw_development,0.6020055009844877,0.0,0.7782805429864253
lfw_development,0.6019767497336607,0.0,0.7805429864253394
lfw_development,0.6002772758394713,0.0,0.7828054298642534
lfw_development,0.5994621591987117,0.0,0.7850678733031674
lfw_development,0.5988925133780966,0.0,0.7873303167420814
lfw_development,0.5974891586421128,0.0,0.7895927601809954
lfw_development,0.5974692687086176,0.0,0.7918552036199095
lfw_development,0.5970886851136504,0.0,0.7941176470588235
lfw_development,0.5969872686647913,0.0,0.7963800904977375
lfw_development,0.5942478609872424,0.0,0.7986425339366516
lfw_development,0.5941184986198169,0.0,0.8009049773755657
lfw_development,0.587367579852953,0.0,0.8031674208144797
lfw_development,0.5869388203041125,0.0,0.8054298642533937
lfw_development,0.5860337607058331,0.0,0.8076923076923077
lfw_development,0.5851695433202805,0.0,0.8099547511312217
lfw_development,0.5848103120756111,0.0,0.8122171945701357
lfw_development,0.5844592945518917,0.0,0.8144796380090498
lfw_development,0.5836577830463248,0.0,0.8167420814479638
lfw_development,0.5824830865632158,0.0,0.8190045248868778
lfw_development,0.5816771937309508,0.0,0.8212669683257918
lfw_development,0.581457815778766,0.0,0.8235294117647058
lfw_development,0.5812300927809076,0.0,0.8257918552036199
lfw_development,0.5811079854744853,0.0,0.8280542986425339
lfw_development,0.579314390146689,0.0,0.830316742081448
lfw_development,0.5782828096737301,0.0,0.832579185520362
lfw_development,0.577638191425306,0.0,0.834841628959276
lfw_development,0.5776319957654557,0.0,0.8371040723981901
lfw_development,0.577540314305114,0.0,0.8393665158371041
lfw_development,0.5765473541757574,0.0,0.8416289592760181
lfw_development,0.5761337470980231,0.0,0.8438914027149321
lfw_development,0.5749028494193947,0.0,0.8461538461538461
lfw_development,0.5744324386620286,0.0,0.8484162895927602
lfw_development,0.5726798049735701,0.0,0.8506787330316742
lfw_development,0.5652014206348908,0.0,0.8529411764705882
lfw_development,0.5622058986032495,0.0,0.8552036199095022
lfw_development,0.561817881897746,0.0,0.8574660633484162
lfw_development,0.5613629471305293,0.0,0.8597285067873304
lfw_development,0.5610874426400946,0.0,0.8619909502262444
lfw_development,0.5555064921379722,0.0,0.8642533936651584
lfw_development,0.5549497465478862,0.0,0.8665158371040724
lfw_development,0.5549245945248543,0.0,0.8687782805429864
lfw_development,0.5487306645627957,0.0,0.8710407239819005
lfw_development,0.5484492307587094,0.0,0.8733031674208145
lfw_development,0.5463714033346181,0.0,0.8755656108597285
lfw_development,0.5453129614426132,0.0,0.8778280542986425
lfw_development,0.5450594991569989,0.0,0.8800904977375565
lfw_development,0.5446399277915723,0.0,0.8823529411764706
lfw_development,0.5404433476856202,0.0,0.8846153846153846
lfw_development,0.5403936960268095,0.0,0.8868778280542986
lfw_development,0.539434836807754,0.0,0.8891402714932126
lfw_development,0.5365617628087347,0.0,0.8914027149321267
lfw_development,0.5347662476059657,0.0,0.8936651583710408
lfw_development,0.5335446993990554,0.0,0.8959276018099548
lfw_development,0.5305097710427767,0.0,0.8981900452488688
lfw_development,0.5302944691652512,0.0,0.9004524886877828
lfw_development,0.529475251906282,0.0,0.9027149321266968
lfw_development,0.5286161531127876,0.0,0.9049773755656109
lfw_development,0.5281512798731964,0.0,0.9072398190045249
lfw_development,0.5271871101993777,0.0,0.9095022624434389
lfw_development,0.526713605394946,0.0,0.9117647058823529
lfw_development,0.5249791662453909,0.0,0.9140271493212669
lfw_development,0.5241921779325404,0.0,0.916289592760181
lfw_development,0.5224789964624769,0.0,0.918552036199095
lfw_development,0.5204190581259094,0.0,0.920814479638009
lfw_development,0.5175980701665412,0.0,0.9230769230769231
lfw_development,0.5172335547918796,0.0,0.9253393665158371
lfw_development,0.5152720199319433,0.0,0.9276018099547512
lfw_development,0.5140228030922488,0.0,0.9298642533936652
lfw_development,0.5098746777077036,0.0,0.9321266968325792
lfw_development,0.5098619188820704,0.0,0.9343891402714932
lfw_development,0.5089445415129251,0.0,0.9366515837104072
lfw_development,0.50339417741388,0.0,0.9389140271493213
lfw_development,0.5022516144445243,0.0,0.9411764705882353
lfw_development,0.5017422888284657,0.0,0.9434389140271493
lfw_development,0.5014702871952688,0.0,0.9457013574660633
lfw_development,0.5000939561324611,0.0,0.9479638009049773
lfw_development,0.49609074495032723,0.0,0.9502262443438914
lfw_development,0.4801663761827124,0.0,0.9524886877828054
lfw_development,0.47523722923667955,0.0,0.9547511312217195
lfw_development,0.4675420438818528,0.0,0.9570135746606335
lfw_development,0.45693428432067984,0.0,0.9592760180995475
lfw_development,0.4569153400038602,0.0,0.9615384615384616
lfw_development,0.44723109410493755,0.0,0.9638009049773756
lfw_development,0.44718105194598534,0.0,0.9660633484162896
lfw_development,0.4431893791926198,0.0,0.9683257918552036
lfw_development,0.44249425867473907,0.0,0.9705882352941176
lfw_development,0.42904797699339475,0.0,0.9728506787330317
lfw_development,0.42047767869659136,0.0,0.9751131221719457
lfw_development,0.41915414902228704,0.0,0.9773755656108597
lfw_development,0.3911319264323977,0.0,0.9796380090497737
lfw_development,0.37713089907579783,0.0,0.9819004524886877
lfw_development,0.3732647131462053,0.0,0.9841628959276018
lfw_development,0.3388926973757882,0.0022026431718061676,0.9841628959276018
lfw_development,0.32980396458674666,0.004405286343612335,0.9841628959276018
lfw_development,0.31131752253130857,0.006607929515418502,0.9841628959276018
lfw_development,0.3053429285047487,0.006607929515418502,0.9864253393665159
lfw_development,0.30418250511862965,0.00881057268722467,0.9864253393665159
lfw_development,0.29990982680472716,0.011013215859030838,0.9864253393665159
lfw_development,0.294074050045025,0.013215859030837005,0.9864253393665159
lfw_development,0.2931315230540106,0.015418502202643172,0.9864253393665159
lfw_development,0.29248710633183406,0.01762114537444934,0.9864253393665159
lfw_development,0.286878992404437,0.019823788546255508,0.9864253393665159
lfw_development,0.28466027340555744,0.022026431718061675,0.9864253393665159
lfw_development,0.28014268817830595,0.024229074889867842,0.9864253393665159
lfw_development,0.2782228410937929,0.02643171806167401,0.9864253393665159
lfw_development,0.2757010592854022,0.028634361233480177,0.9864253393665159
lfw_development,0.27551297890808296,0.030837004405286344,0.9864253393665159
lfw_development,0.2717154219237121,0.03303964757709251,0.9864253393665159
lfw_development,0.2702109375024488,0.03524229074889868,0.9864253393665159
lfw_development,0.2698599261677536,0.037444933920704845,0.9864253393665159
lfw_development,0.26917056402445294,0.039647577092511016,0.9864253393665159
lfw_development,0.26906797915452824,0.04185022026431718,0.9864253393665159
lfw_development,0.2596268047047149,0.04405286343612335,0.9864253393665159
lfw_development,0.25785717049342066,0.046255506607929514,0.9864253393665159
lfw_development,0.25303433244845575,0.048458149779735685,0.9864253393665159
lfw_development,0.25283703732024915,0.05066079295154185,0.9864253393665159
lfw_development,0.24901082201399083,0.05286343612334802,0.9864253393665159
lfw_development,0.23820056966517625,0.05506607929515418,0.9864253393665159
lfw_development,0.23791628031561804,0.05726872246696035,0.9864253393665159
lfw_development,0.23317290654885706,0.05947136563876652,0.9864253393665159
lfw_development,0.23096501614165663,0.06167400881057269,0.9864253393665159
lfw_development,0.22894811698726267,0.06387665198237885,0.9864253393665159
lfw_development,0.22861183884142788,0.06607929515418502,0.9864253393665159
lfw_development,0.22724661025759926,0.06828193832599119,0.9864253393665159
lfw_development,0.22721751268777637,0.07048458149779736,0.9864253393665159
lfw_development,0.226235821889879,0.07048458149779736,0.9886877828054299
lfw_development,0.22513782804325994,0.07268722466960352,0.9886877828054299
lfw_development,0.2239070134244096,0.07268722466960352,0.9909502262443439
lfw_development,0.22344180294959848,0.07488986784140969,0.9909502262443439
lfw_development,0.21857776537353119,0.07709251101321586,0.9909502262443439
lfw_development,0.21731066552510359,0.07929515418502203,0.9909502262443439
lfw_development,0.2161362061847254,0.08149779735682819,0.9909502262443439
lfw_development,0.21123837004459667,0.08370044052863436,0.9909502262443439
lfw_development,0.20802258545048397,0.08590308370044053,0.9909502262443439
lfw_development,0.20684640597359502,0.0881057268722467,0.9909502262443439
lfw_development,0.20646665444680484,0.09030837004405286,0.9909502262443439
lfw_development,0.20562325695343714,0.09251101321585903,0.9909502262443439
lfw_development,0.20465579373638154,0.0947136563876652,0.9909502262443439
lfw_development,0.2029385803498594,0.09691629955947137,0.9909502262443439
lfw_development,0.2018730893445697,0.09911894273127753,0.9909502262443439
lfw_development,0.20164577445536552,0.1013215859030837,0.9909502262443439
lfw_development,0.2014572948751857,0.10352422907488987,0.9909502262443439
lfw_development,0.20071819723449094,0.10572687224669604,0.9909502262443439
lfw_development,0.1997730696612304,0.10792951541850221,0.9909502262443439
lfw_development,0.19753228510263496,0.10792951541850221,0.9932126696832579
lfw_development,0.1972360788274385,0.11013215859030837,0.9932126696832579
lfw_development,0.19483768011615168,0.11233480176211454,0.9932126696832579
lfw_development,0.19406906701294077,0.1145374449339207,0.9932126696832579
lfw_development,0.19353432406251164,0.11674008810572688,0.9932126696832579
lfw_development,0.193359806097108,0.11894273127753303,0.9932126696832579
lfw_development,0.19317064648686225,0.1211453744493392,0.9932126696832579
lfw_development,0.18843462517696305,0.12334801762114538,0.9932126696832579
lfw_development,0.18744406378564196,0.12555066079295155,0.9932126696832579
lfw_development,0.18620368644192772,0.1277533039647577,0.9932126696832579
lfw_development,0.18606414395156995,0.1299559471365639,0.9932126696832579
lfw_development,0.1850164488318119,0.13215859030837004,0.9932126696832579
lfw_development,0.1841580564110905,0.1343612334801762,0.9932126696832579
lfw_development,0.18285725329817695,0.13656387665198239,0.9932126696832579
lfw_development,0.1821639193231765,0.13876651982378854,0.9932126696832579
lfw_development,0.1818131311262523,0.14096916299559473,0.9932126696832579
lfw_development,0.18110532602866908,0.14317180616740088,0.9932126696832579
lfw_development,0.1807820684972109,0.14537444933920704,0.9932126696832579
lfw_development,0.18071641933928267,0.14757709251101322,0.9932126696832579
lfw_development,0.1797691168991235,0.14977973568281938,0.9932126696832579
lfw_development,0.17928918245293188,0.15198237885462554,0.9932126696832579
lfw_development,0.17838576765137593,0.15418502202643172,0.9932126696832579
lfw_development,0.17770278337665557,0.15638766519823788,0.9932126696832579
lfw_development,0.1773412284179832,0.15859030837004406,0.9932126696832579
lfw_development,0.17699761879963397,0.16079295154185022,0.9932126696832579
lfw_development,0.17512768095967118,0.16299559471365638,0.9932126696832579
lfw_development,0.1747380187308049,0.16519823788546256,0.9932126696832579
lfw_development,0.17378920377882373,0.16740088105726872,0.9932126696832579
lfw_development,0.17312892023343893,0.1696035242290749,0.9932126696832579
lfw_development,0.17237471144737423,0.17180616740088106,0.9932126696832579
lfw_development,0.17186918469419438,0.17400881057268722,0.9932126696832579
lfw_development,0.17173707818114373,0.1762114537444934,0.9932126696832579
lfw_development,0.1709933283040526,0.17841409691629956,0.9932126696832579
lfw_development,0.1702191026737796,0.18061674008810572,0.9932126696832579
lfw_development,0.16982929472499406,0.1828193832599119,0.9932126696832579
lfw_development,0.16953613963117536,0.18502202643171806,0.9932126696832579
lfw_development,0.1690421990230971,0.18722466960352424,0.9932126696832579
lfw_development,0.1682724465576818,0.1894273127753304,0.9932126696832579
lfw_development,0.16775417858097155,0.19162995594713655,0.9932126696832579
lfw_development,0.16752918862915736,0.19383259911894274,0.9932126696832579
lfw_development,0.16698248312359165,0.1960352422907489,0.9932126696832579
lfw_development,0.16617144685084534,0.19823788546255505,0.9932126696832579
lfw_development,0.16457090462016327,0.19823788546255505,0.995475113122172
lfw_development,0.16411822464919232,0.20044052863436124,0.995475113122172
lfw_development,0.16391670234823386,0.2026431718061674,0.995475113122172
lfw_development,0.1636581246902003,0.20484581497797358,0.995475113122172
lfw_development,0.16336828564323458,0.20704845814977973,0.995475113122172
lfw_development,0.16275380763617767,0.2092511013215859,0.995475113122172
lfw_development,0.16079071992814187,0.21145374449339208,0.995475113122172
lfw_development,0.159677482830755,0.21365638766519823,0.995475113122172
lfw_development,0.15855816511480597,0.21585903083700442,0.995475113122172
lfw_development,0.1583470821729837,0.21806167400881057,0.995475113122172
lfw_development,0.15756600796622935,0.22026431718061673,0.995475113122172
lfw_development,0.15733222288443172,0.22246696035242292,0.995475113122172
lfw_development,0.1566758409752773,0.22466960352422907,0.995475113122172
lfw_development,0.15666356764121886,0.22687224669603523,0.995475113122172
lfw_development,0.15575786755639712,0.2290748898678414,0.995475113122172
lfw_development,0.15563559525927168,0.23127753303964757,0.995475113122172
lfw_development,0.154900297242844,0.23348017621145375,0.995475113122172
lfw_development,0.15488561820377553,0.2356828193832599,0.995475113122172
lfw_development,0.1547936264044725,0.23788546255506607,0.995475113122172
lfw_development,0.15310801765911833,0.24008810572687225,0.995475113122172
lfw_development,0.15298577951822875,0.2422907488986784,0.995475113122172
lfw_development,0.15170169262099786,0.2444933920704846,0.995475113122172
lfw_development,0.1514541496194071,0.24669603524229075,0.995475113122172
lfw_development,0.15110046575419905,0.2488986784140969,0.995475113122172
lfw_development,0.1505110236787816,0.2511013215859031,0.995475113122172
lfw_development,0.15036748661069432,0.2533039647577093,0.995475113122172
lfw_development,0.15027032961305806,0.2555066079295154,0.995475113122172
lfw_development,0.14984192177956943,0.2577092511013216,0.995475113122172
lfw_development,0.14879410398546378,0.2599118942731278,0.995475113122172
lfw_development,0.14528850467300808,0.2621145374449339,0.995475113122172
lfw_development,0.14441422257384787,0.2643171806167401,0.995475113122172
lfw_development,0.14418952264512838,0.2665198237885463,0.995475113122172
lfw_development,0.1440062957953349,0.2687224669603524,0.995475113122172
lfw_development,0.14324680754790226,0.2709251101321586,0.995475113122172
lfw_development,0.14307721511266605,0.27312775330396477,0.995475113122172
lfw_development,0.14162918584932252,0.2753303964757709,0.995475113122172
lfw_development,0.14127101545564655,0.2775330396475771,0.995475113122172
lfw_development,0.14094589679644573,0.27973568281938327,0.995475113122172
lfw_development,0.1404957610166455,0.28193832599118945,0.995475113122172
lfw_development,0.13892853232783095,0.2841409691629956,0.995475113122172
lfw_development,0.1378181998272965,0.28634361233480177,0.995475113122172
lfw_development,0.1375258424308008,0.28854625550660795,0.995475113122172
lfw_development,0.13717158517224287,0.2907488986784141,0.995475113122172
lfw_development,0.13629704747439175,0.29295154185022027,0.995475113122172
lfw_development,0.1353885989319286,0.29515418502202645,0.995475113122172
lfw_development,0.13446038324245632,0.2973568281938326,0.995475113122172
lfw_development,0.13438925723802855,0.29955947136563876,0.995475113122172
lfw_development,0.13418572593438122,0.30176211453744495,0.995475113122172
lfw_development,0.13377870736588648,0.3039647577092511,0.995475113122172
lfw_development,0.1332467584328099,0.30616740088105726,0.995475113122172
lfw_development,0.13161382657163148,0.30837004405286345,0.995475113122172
lfw_development,0.129850402720171,0.31057268722466963,0.995475113122172
lfw_development,0.12935719259940964,0.31277533039647576,0.995475113122172
lfw_development,0.12854102078731983,0.31497797356828194,0.995475113122172
lfw_development,0.12844014806601714,0.31718061674008813,0.995475113122172
lfw_development,0.1283855277587856,0.31938325991189426,0.995475113122172
lfw_development,0.12819530105186658,0.32158590308370044,0.995475113122172
lfw_development,0.1281407151298942,0.3237885462555066,0.995475113122172
lfw_development,0.12738847654679328,0.32599118942731276,0.995475113122172
lfw_development,0.12640445586231994,0.32819383259911894,0.995475113122172
lfw_development,0.12639252589659952,0.3303964757709251,0.995475113122172
lfw_development,0.1261271526865953,0.33259911894273125,0.995475113122172
lfw_development,0.12600218952587006,0.33480176211453744,0.995475113122172
lfw_development,0.12468374593030529,0.3370044052863436,0.995475113122172
lfw_development,0.1245299730604429,0.3392070484581498,0.995475113122172
lfw_development,0.12377834154361561,0.34140969162995594,0.995475113122172
lfw_development,0.12332225228760742,0.3436123348017621,0.995475113122172
lfw_development,0.12043580062918831,0.3458149779735683,0.995475113122172
lfw_development,0.11975384616098286,0.34801762114537443,0.995475113122172
lfw_development,0.11943252838851062,0.3502202643171806,0.995475113122172
lfw_development,0.11937525658509368,0.3524229074889868,0.995475113122172
lfw_development,0.11859605786601489,0.35462555066079293,0.995475113122172
lfw_development,0.11828871116341987,0.3568281938325991,0.995475113122172
lfw_development,0.11769695646270396,0.3590308370044053,0.995475113122172
lfw_development,0.11748439859693337,0.36123348017621143,0.995475113122172
lfw_development,0.11655543884033229,0.3634361233480176,0.995475113122172
lfw_development,0.11551177428225137,0.3656387665198238,0.995475113122172
lfw_development,0.11503538379958263,0.36784140969163,0.995475113122172
lfw_development,0.11461595210445524,0.3700440528634361,0.995475113122172
lfw_development,0.11380653891375288,0.3722466960352423,0.995475113122172
lfw_development,0.11243721573283738,0.3744493392070485,0.995475113122172
lfw_development,0.10973094896688125,0.3766519823788546,0.995475113122172
lfw_development,0.109452690741222,0.3788546255506608,0.995475113122172
lfw_development,0.10918173916841631,0.381057268722467,0.995475113122172
lfw_development,0.10908019369403685,0.3832599118942731,0.995475113122172
lfw_development,0.10882244118278311,0.3854625550660793,0.995475113122172
lfw_development,0.10843248112631405,0.3876651982378855,0.995475113122172
lfw_development,0.10744114114586927,0.3898678414096916,0.995475113122172
lfw_development,0.10731343580831268,0.3920704845814978,0.995475113122172
lfw_development,0.1066294745369161,0.394273127753304,0.995475113122172
lfw_development,0.10656045208230291,0.3964757709251101,0.995475113122172
lfw_development,0.10645792551985024,0.3986784140969163,0.995475113122172
lfw_development,0.10601023547996453,0.4008810572687225,0.995475113122172
lfw_development,0.105083825186974,0.40308370044052866,0.995475113122172
lfw_development,0.10473968728299626,0.4052863436123348,0.995475113122172
lfw_development,0.10461063231007188,0.40748898678414097,0.995475113122172
lfw_development,0.10341647976382594,0.40969162995594716,0.995475113122172
lfw_development,0.102955209177801,0.4118942731277533,0.995475113122172
lfw_development,0.10241164832421225,0.41409691629955947,0.995475113122172
lfw_development,0.10204273845853853,0.41629955947136565,0.995475113122172
lfw_development,0.10111680128818218,0.4185022026431718,0.995475113122172
lfw_development,0.09983445493893499,0.42070484581497797,0.995475113122172
lfw_development,0.09878701671429979,0.42290748898678415,0.995475113122172
lfw_development,0.09865266123631991,0.4251101321585903,0.995475113122172
lfw_development,0.09681389204179547,0.42731277533039647,0.995475113122172
lfw_development,0.09605300454494033,0.42951541850220265,0.995475113122172
lfw_development,0.09539188488976337,0.43171806167400884,0.995475113122172
lfw_development,0.09529109546619766,0.43392070484581496,0.995475113122172
lfw_development,0.09514201616094294,0.43612334801762115,0.995475113122172
lfw_development,0.09510332223436058,0.43832599118942733,0.995475113122172
lfw_development,0.09423863572689165,0.44052863436123346,0.995475113122172
lfw_development,0.09414073574042534,0.44273127753303965,0.995475113122172
lfw_development,0.09409727552405878,0.44493392070484583,0.995475113122172
lfw_development,0.09344744818138839,0.44713656387665196,0.995475113122172
lfw_development,0.09341060772901548,0.44933920704845814,0.995475113122172
lfw_development,0.0926417565225797,0.45154185022026433,0.995475113122172
lfw_development,0.09206710968623306,0.45374449339207046,0.995475113122172
lfw_development,0.09127697044299843,0.45594713656387664,0.995475113122172
lfw_development,0.09107709866638149,0.4581497797356828,0.995475113122172
lfw_development,0.09077795103359261,0.460352422907489,0.995475113122172
lfw_development,0.09072019859766976,0.46255506607929514,0.995475113122172
lfw_development,0.09001606309878768,0.4647577092511013,0.995475113122172
lfw_development,0.08937971090451735,0.4647577092511013,0.997737556561086
lfw_development,0.08886345382536645,0.4669603524229075,0.997737556561086
lfw_development,0.08866433157493363,0.46916299559471364,0.997737556561086
lfw_development,0.08814265000262102,0.4713656387665198,0.997737556561086
lfw_development,0.08766848825663617,0.473568281938326,0.997737556561086
lfw_development,0.08706797945546672,0.47577092511013214,0.997737556561086
lfw_development,0.08664291366608988,0.4779735682819383,0.997737556561086
lfw_development,0.08647804999779608,0.4801762114537445,0.997737556561086
lfw_development,0.08585964800536112,0.48237885462555063,0.997737556561086
lfw_development,0.0850316006611005,0.4845814977973568,0.997737556561086
lfw_development,0.08487330772644656,0.486784140969163,0.997737556561086
lfw_development,0.08418181689474429,0.4889867841409692,0.997737556561086
lfw_development,0.08341440070285101,0.4911894273127753,0.997737556561086
lfw_development,0.0833742770840041,0.4933920704845815,0.997737556561086
lfw_development,0.08209375396501722,0.4955947136563877,0.997737556561086
lfw_development,0.08102472957709161,0.4977973568281938,0.997737556561086
lfw_development,0.08087643916656896,0.5,0.997737556561086
lfw_development,0.08062407881598503,0.5022026431718062,0.997737556561086
lfw_development,0.08015333027396868,0.5044052863436124,0.997737556561086
lfw_development,0.08007015737575197,0.5066079295154186,0.997737556561086
lfw_development,0.07875443347338794,0.5088105726872246,0.997737556561086
lfw_development,0.07785532180210744,0.5110132158590308,0.997737556561086
lfw_development,0.07682049097552104,0.513215859030837,0.997737556561086
lfw_development,0.07635178600107811,0.5154185022026432,0.997737556561086
lfw_development,0.07489909960620772,0.5176211453744494,0.997737556561086
lfw_development,0.07474764024691471,0.5198237885462555,0.997737556561086
lfw_development,0.07414485785797105,0.5220264317180616,0.997737556561086
lfw_development,0.07207038948270465,0.5242290748898678,0.997737556561086
lfw_development,0.07204586270728641,0.526431718061674,0.997737556561086
lfw_development,0.07191403721147047,0.5286343612334802,0.997737556561086
lfw_development,0.0718929981144303,0.5308370044052864,0.997737556561086
lfw_development,0.07151838280676139,0.5330396475770925,0.997737556561086
lfw_development,0.07046887095545112,0.5352422907488987,0.997737556561086
lfw_development,0.07031394794128673,0.5374449339207048,0.997737556561086
lfw_development,0.06993530069730906,0.539647577092511,0.997737556561086
lfw_development,0.06827138646672837,0.5418502202643172,0.997737556561086
lfw_development,0.06642772886521775,0.5440528634361234,0.997737556561086
lfw_development,0.06557123625959789,0.5462555066079295,0.997737556561086
lfw_development,0.06520186954071039,0.5484581497797357,0.997737556561086
lfw_development,0.06501556979831316,0.5506607929515418,0.997737556561086
lfw_development,0.06373676666003329,0.552863436123348,0.997737556561086
lfw_development,0.06361391176334945,0.5550660792951542,0.997737556561086
lfw_development,0.06220467984608579,0.5572687224669604,0.997737556561086
lfw_development,0.06048924909091887,0.5594713656387665,0.997737556561086
lfw_development,0.05882261548315719,0.5616740088105727,0.997737556561086
lfw_development,0.05789818992933902,0.5638766519823789,0.997737556561086
lfw_development,0.057893176473117786,0.566079295154185,0.997737556561086
lfw_development,0.057390630023236175,0.5682819383259912,0.997737556561086
lfw_development,0.05717952238356497,0.5704845814977973,0.997737556561086
lfw_development,0.05700575772996016,0.5726872246696035,0.997737556561086
lfw_development,0.05664133042451022,0.5748898678414097,0.997737556561086
lfw_development,0.0562449699228061,0.5748898678414097,1.0
lfw_development,0.05612760369640579,0.5770925110132159,1.0
lfw_development,0.05592548139743687,0.579295154185022,1.0
lfw_development,0.05489029596234702,0.5814977973568282,1.0
lfw_development,0.05427833388051298,0.5837004405286343,1.0
lfw_development,0.05416839361275938,0.5859030837004405,1.0
lfw_development,0.05330661797888625,0.5881057268722467,1.0
lfw_development,0.05329046838353729,0.5903083700440529,1.0
lfw_development,0.053123301669185635,0.5925110132158591,1.0
lfw_development,0.052793395753622824,0.5947136563876652,1.0
lfw_development,0.052245890693140146,0.5969162995594713,1.0
lfw_development,0.05205803060774265,0.5991189427312775,1.0
lfw_development,0.05140791484742215,0.6013215859030837,1.0
lfw_development,0.05132057441607504,0.6035242290748899,1.0
lfw_development,0.051031932260084005,0.6057268722466961,1.0
lfw_development,0.05047821826103131,0.6079295154185022,1.0
lfw_development,0.05016574833622205,0.6101321585903083,1.0
lfw_development,0.04928100527140738,0.6123348017621145,1.0
lfw_development,0.0484774762547201,0.6145374449339207,1.0
lfw_development,0.04823357076625969,0.6167400881057269,1.0
lfw_development,0.04807736383007448,0.6189427312775331,1.0
lfw_development,0.04760101677808728,0.6211453744493393,1.0
lfw_development,0.04729714739460521,0.6233480176211453,1.0
lfw_development,0.04649148908905753,0.6255506607929515,1.0
lfw_development,0.045624371271214326,0.6277533039647577,1.0
lfw_development,0.045335077497135695,0.6299559471365639,1.0
lfw_development,0.045246961594411904,0.6321585903083701,1.0
lfw_development,0.04496945156387258,0.6343612334801763,1.0
lfw_development,0.04427958457330054,0.6365638766519823,1.0
lfw_development,0.043855805415746484,0.6387665198237885,1.0
lfw_development,0.042417008459738996,0.6409691629955947,1.0
lfw_development,0.04183232018235552,0.6431718061674009,1.0
lfw_development,0.04178876406575604,0.6453744493392071,1.0
lfw_development,0.04108314639491278,0.6475770925110133,1.0
lfw_development,0.040990773072980324,0.6497797356828194,1.0
lfw_development,0.040943483691079016,0.6519823788546255,1.0
lfw_development,0.04057701579074369,0.6541850220264317,1.0
lfw_development,0.040087088829783235,0.6563876651982379,1.0
lfw_development,0.039850813060426316,0.6585903083700441,1.0
lfw_development,0.0391004834285295,0.6607929515418502,1.0
lfw_development,0.0384939224357604,0.6629955947136564,1.0
lfw_development,0.0384117688861332,0.6651982378854625,1.0
lfw_development,0.03775756570503621,0.6674008810572687,1.0
lfw_development,0.03772691864751481,0.6696035242290749,1.0
lfw_development,0.03749119001489669,0.6718061674008811,1.0
lfw_development,0.03744741409072882,0.6740088105726872,1.0
lfw_development,0.03717271987337235,0.6762114537444934,1.0
lfw_development,0.036402144641366305,0.6784140969162996,1.0
lfw_development,0.03545979504124574,0.6806167400881057,1.0
lfw_development,0.03535236136317775,0.6828193832599119,1.0
lfw_development,0.03493990638536054,0.6850220264317181,1.0
lfw_development,0.03482940090014711,0.6872246696035242,1.0
lfw_development,0.03400751690322297,0.6894273127753304,1.0
lfw_development,0.03292083738569922,0.6916299559471366,1.0
lfw_development,0.03197723527954088,0.6938325991189427,1.0
lfw_development,0.03110375204374347,0.6960352422907489,1.0
lfw_development,0.03062350097683578,0.698237885462555,1.0
lfw_development,0.030293436353081744,0.7004405286343612,1.0
lfw_development,0.029782712888650763,0.7026431718061674,1.0
lfw_development,0.028869964271808567,0.7048458149779736,1.0
lfw_development,0.027896500848101042,0.7070484581497798,1.0
lfw_development,0.02608478577671376,0.7092511013215859,1.0
lfw_development,0.025308096972700193,0.711453744493392,1.0
lfw_development,0.02481542267212102,0.7136563876651982,1.0
lfw_development,0.024019290210728707,0.7158590308370044,1.0
lfw_development,0.02394518200624419,0.7180616740088106,1.0
lfw_development,0.023486692352734474,0.7202643171806168,1.0
lfw_development,0.022769649578617907,0.7224669603524229,1.0
lfw_development,0.022452719428756974,0.724669603524229,1.0
lfw_development,0.02228341995500361,0.7268722466960352,1.0
lfw_development,0.02226673909234979,0.7290748898678414,1.0
lfw_development,0.0221913043531808,0.7312775330396476,1.0
lfw_development,0.021215044499829736,0.7334801762114538,1.0
lfw_development,0.02035010443275953,0.73568281938326,1.0
lfw_development,0.01990023665154098,0.737885462555066,1.0
lfw_development,0.018962084410476376,0.7400881057268722,1.0
lfw_development,0.01864331860337275,0.7422907488986784,1.0
lfw_development,0.016962937143446113,0.7444933920704846,1.0
lfw_development,0.016663948550799515,0.7466960352422908,1.0
lfw_development,0.01574818108301091,0.748898678414097,1.0
lfw_development,0.015661338576839504,0.751101321585903,1.0
lfw_development,0.013561170285878924,0.7533039647577092,1.0
lfw_development,0.011992688355534607,0.7555066079295154,1.0
lfw_development,0.011869800086923623,0.7577092511013216,1.0
lfw_development,0.011787497844780432,0.7599118942731278,1.0
lfw_development,0.01147542496100646,0.762114537444934,1.0
lfw_development,0.009913282378893981,0.76431718061674,1.0
lfw_development,0.009119562035034758,0.7665198237885462,1.0
lfw_development,0.009080194061442462,0.7687224669603524,1.0
lfw_development,0.009072976398088267,0.7709251101321586,1.0
lfw_development,0.008829487818892562,0.7731277533039648,1.0
lfw_development,0.008194331371850438,0.775330396475771,1.0
lfw_development,0.007851797532267696,0.7775330396475771,1.0
lfw_development,0.007622277616175372,0.7797356828193832,1.0
lfw_development,0.007459571342393141,0.7819383259911894,1.0
lfw_development,0.007248402487079246,0.7841409691629956,1.0
lfw_development,0.006750824813382447,0.7863436123348018,1.0
lfw_development,0.005138726038070152,0.788546255506608,1.0
lfw_development,0.0041734730537176115,0.7907488986784141,1.0
lfw_development,0.00386897182365796,0.7929515418502202,1.0
lfw_development,0.003716491308346556,0.7951541850220264,1.0
lfw_development,0.0028124087152494835,0.7973568281938326,1.0
lfw_development,0.00266404312416635,0.7995594713656388,1.0
lfw_development,0.00264637058198765,0.801762114537445,1.0
lfw_development,0.0014620736488617503,0.8039647577092511,1.0
lfw_development,0.00024254936178521455,0.8061674008810573,1.0
lfw_development,7.3752310963765e-05,0.8083700440528634,1.0
lfw_development,-0.0008957541012422701,0.8105726872246696,1.0
lfw_development,-0.0010801484080828344,0.8127753303964758,1.0
lfw_development,-0.001194125408939463,0.8149779735682819,1.0
lfw_development,-0.001854095442330367,0.8171806167400881,1.0
lfw_development,-0.0032189914234711653,0.8193832599118943,1.0
lfw_development,-0.004223799719304391,0.8215859030837004,1.0
lfw_development,-0.005138039569153013,0.8237885462555066,1.0
lfw_development,-0.0057716399141437575,0.8259911894273128,1.0
lfw_development,-0.0059496948946650904,0.8281938325991189,1.0
lfw_development,-0.007286367886505565,0.8303964757709251,1.0
lfw_development,-0.007723871545210406,0.8325991189427313,1.0
lfw_development,-0.008872210012739084,0.8348017621145375,1.0
lfw_development,-0.009146005962992212,0.8370044052863436,1.0
lfw_development,-0.010451876287155187,0.8392070484581498,1.0
lfw_development,-0.010533322535487291,0.8414096916299559,1.0
lfw_development,-0.010987213598332674,0.8436123348017621,1.0
lfw_development,-0.012478558536582238,0.8458149779735683,1.0
lfw_development,-0.013592587327872725,0.8480176211453745,1.0
lfw_development,-0.014793866330255614,0.8502202643171806,1.0
lfw_development,-0.01645687008138931,0.8524229074889867,1.0
lfw_development,-0.01649770363797964,0.8546255506607929,1.0
lfw_development,-0.017273010543672414,0.8568281938325991,1.0
lfw_development,-0.017396301949993656,0.8590308370044053,1.0
lfw_development,-0.017982153752219024,0.8612334801762115,1.0
lfw_development,-0.018606882622154337,0.8634361233480177,1.0
lfw_development,-0.018649242346102938,0.8656387665198237,1.0
lfw_development,-0.022257548198950147,0.8678414096916299,1.0
lfw_development,-0.022754686821865655,0.8700440528634361,1.0
lfw_development,-0.022917929231033987,0.8722466960352423,1.0
lfw_development,-0.022954660027690203,0.8744493392070485,1.0
lfw_development,-0.02350984203934544,0.8766519823788547,1.0
lfw_development,-0.024712460956057024,0.8788546255506607,1.0
lfw_development,-0.026628380060219413,0.8810572687224669,1.0
lfw_development,-0.02738975160384514,0.8832599118942731,1.0
lfw_development,-0.02874758181749691,0.8854625550660793,1.0
lfw_development,-0.02908157149953561,0.8876651982378855,1.0
lfw_development,-0.03018488514436898,0.8898678414096917,1.0
lfw_development,-0.03025936967604531,0.8920704845814978,1.0
lfw_development,-0.03233455136059064,0.8942731277533039,1.0
lfw_development,-0.033099349694436606,0.8964757709251101,1.0
lfw_development,-0.03413678966633332,0.8986784140969163,1.0
lfw_development,-0.035230296179950826,0.9008810572687225,1.0
lfw_development,-0.035654180890547414,0.9030837004405287,1.0
lfw_development,-0.03584769303111344,0.9052863436123348,1.0
lfw_development,-0.03690163305304727,0.9074889867841409,1.0
lfw_development,-0.04019122949425891,0.9096916299559471,1.0
lfw_development,-0.04037678378294242,0.9118942731277533,1.0
lfw_development,-0.041967939226015494,0.9140969162995595,1.0
lfw_development,-0.042584975127391005,0.9162995594713657,1.0
lfw_development,-0.043323690928103,0.9185022026431718,1.0
lfw_development,-0.04341816734495232,0.920704845814978,1.0
lfw_development,-0.044166409941717805,0.9229074889867841,1.0
lfw_development,-0.044417270527429976,0.9251101321585903,1.0
lfw_development,-0.04469580031419705,0.9273127753303965,1.0
lfw_development,-0.046280428753973,0.9295154185022027,1.0
lfw_development,-0.04715300777638798,0.9317180616740088,1.0
lfw_development,-0.049170036604536595,0.933920704845815,1.0
lfw_development,-0.049178544093636714,0.9361233480176211,1.0
lfw_development,-0.050560580647482777,0.9383259911894273,1.0
lfw_development,-0.0509829336259518,0.9405286343612335,1.0
lfw_development,-0.05438790920698887,0.9427312775330396,1.0
lfw_development,-0.056477830370252696,0.9449339207048458,1.0
lfw_development,-0.05744784803687175,0.947136563876652,1.0
lfw_development,-0.060501744049015926,0.9493392070484582,1.0
lfw_development,-0.06774142071427852,0.9515418502202643,1.0
lfw_development,-0.06855065734236589,0.9537444933920705,1.0
lfw_development,-0.06895521232153397,0.9559471365638766,1.0
lfw_development,-0.07268364480007032,0.9581497797356828,1.0
lfw_development,-0.07443440706405767,0.960352422907489,1.0
lfw_development,-0.07518837903270878,0.9625550660792952,1.0
lfw_development,-0.07647581772667052,0.9647577092511013,1.0
lfw_development,-0.0781190364702186,0.9669603524229075,1.0
lfw_development,-0.08106655307104596,0.9691629955947136,1.0
lfw_development,-0.0813132878389395,0.9713656387665198,1.0
lfw_development,-0.08359792751426347,0.973568281938326,1.0
lfw_development,-0.08419381897048023,0.9757709251101322,1.0
lfw_development,-0.08437905898407462,0.9779735682819384,1.0
lfw_development,-0.09028786402925365,0.9801762114537445,1.0
lfw_development,-0.09226098507559094,0.9823788546255506,1.0
lfw_development,-0.11633594855573783,0.9845814977973568,1.0
lfw_development,-0.11685182459097365,0.986784140969163,1.0
lfw_development,-0.1224144724383671,0.9889867841409692,1.0
lfw_development,-0.1299460308390271,0.9911894273127754,1.0
lfw_development,-0.13868083590737143,0.9933920704845814,1.0
lfw_development,-0.1455667673218284,0.9955947136563876,1.0
lfw_development,-0.15838302355123635,0.9977973568281938,1.0
lfw_development,-0.24051236479689733,1.0,1.0
lfw_development,-1.2405123647968974,1.0,1.0
lfw_final,1.9525080102315329,0.0,0.0
lfw_final,0.9525080102315329,0.0,0.00037105751391465676
lfw_final,0.9518434431956053,0.0,0.0007421150278293135
lfw_final,0.9457172267770538,0.0,0.0011131725417439704
lfw_final,0.9382047308746341,0.0,0.001484230055658627
lfw_final,0.9319678098439111,0.0,0.0018552875695732839
lfw_final,0.925554720313775,0.0,0.0022263450834879408
lfw_final,0.9230355571434032,0.0,0.0025974025974025974
lfw_final,0.9182230557951921,0.0,0.002968460111317254
lfw_final,0.9162374877603217,0.0,0.003339517625231911
lfw_final,0.9148091650110943,0.0,0.0037105751391465678
lfw_final,0.9107635894822574,0.0,0.004081632653061225
lfw_final,0.9104685633988059,0.0,0.0044526901669758815
lfw_final,0.9068474413008487,0.0,0.004823747680890538
lfw_final,0.9042162456798771,0.0,0.005194805194805195
lfw_final,0.9022777228312342,0.0,0.0055658627087198514
lfw_final,0.89720009497453,0.0,0.005936920222634508
lfw_final,0.8967600674817287,0.0,0.006307977736549165
lfw_final,0.8964546861292306,0.0,0.006679035250463822
lfw_final,0.8934697247900247,0.0,0.007050092764378479
lfw_final,0.8896539962208054,0.0,0.0074211502782931356
lfw_final,0.8839239554662346,0.0,0.007792207792207792
lfw_final,0.8838640726373878,0.0,0.00816326530612245
lfw_final,0.8832087096308745,0.0,0.008534322820037106
lfw_final,0.8828876977368239,0.0,0.008905380333951763
lfw_final,0.8816635616110222,0.0,0.00927643784786642
lfw_final,0.8801107466076834,0.0,0.009647495361781076
lfw_final,0.8776861558362986,0.0,0.010018552875695733
lfw_final,0.8776631730581517,0.0,0.01038961038961039
lfw_final,0.8776529759022712,0.0,0.010760667903525046
lfw_final,0.8767033555253372,0.0,0.011131725417439703
lfw_final,0.8753587373335784,0.0,0.01150278293135436
lfw_final,0.8739869833377572,0.0,0.011873840445269016
lfw_final,0.8735862361809779,0.0,0.012244897959183673
lfw_final,0.8734423920753515,0.0,0.01261595547309833
lfw_final,0.8732671659689519,0.0,0.012987012987012988
lfw_final,0.8726360233403097,0.0,0.013358070500927645
lfw_final,0.8721072310660095,0.0,0.013729128014842301
lfw_final,0.8715683522555588,0.0,0.014100185528756958
lfw_final,0.8711117872995374,0.0,0.014471243042671614
lfw_final,0.8708492675443907,0.0,0.014842300556586271
lfw_final,0.870496731568547,0.0,0.015213358070500928
lfw_final,0.8685040954347389,0.0,0.015584415584415584
lfw_final,0.8683621857640371,0.0,0.01595547309833024
lfw_final,0.867320860338716,0.0,0.0163265306122449
lfw_final,0.8671004592092003,0.0,0.016697588126159554
lfw_final,0.8664151595715361,0.0,0.017068645640074213
lfw_final,0.8662781240301876,0.0,0.017439703153988868
lfw_final,0.8659121292290586,0.0,0.017810760667903526
lfw_final,0.8658793983295008,0.0,0.01818181818181818
lfw_final,0.8646271361951785,0.0,0.01855287569573284
lfw_final,0.8645810711855221,0.0,0.018923933209647494
lfw_final,0.8645686590177649,0.0,0.019294990723562153
lfw_final,0.8635833613171668,0.0,0.019666048237476808
lfw_final,0.863152487348523,0.0,0.020037105751391466
lfw_final,0.8628913219118813,0.0,0.02040816326530612
lfw_final,0.8615258341563885,0.0,0.02077922077922078
lfw_final,0.8590086235419669,0.0,0.021150278293135438
lfw_final,0.8583851697144791,0.0,0.021521335807050092
lfw_final,0.8573652465219461,0.0,0.02189239332096475
lfw_final,0.8569325008922821,0.0,0.022263450834879406
lfw_final,0.8563690464183035,0.0,0.022634508348794064
lfw_final,0.856296553283379,0.0,0.02300556586270872
lfw_final,0.8543610871656574,0.0,0.023376623376623377
lfw_final,0.8541292423303494,0.0,0.023747680890538032
lfw_final,0.8539649729965042,0.0,0.02411873840445269
lfw_final,0.8539521480447432,0.0,0.024489795918367346
lfw_final,0.8533535677790471,0.0,0.024860853432282004
lfw_final,0.8519204832230803,0.0,0.02523191094619666
lfw_final,0.8509531160519539,0.0,0.025602968460111317
lfw_final,0.8509509396172938,0.0,0.025974025974025976
lfw_final,0.8504177174816601,0.0,0.02634508348794063
lfw_final,0.8500920463691117,0.0,0.02671614100185529
lfw_final,0.8498233114221083,0.0,0.027087198515769944
lfw_final,0.8495293803618158,0.0,0.027458256029684602
lfw_final,0.849307272548524,0.0,0.027829313543599257
lfw_final,0.8491595966872615,0.0,0.028200371057513916
lfw_final,0.848372851961532,0.0,0.02857142857142857
lfw_final,0.8477120750719427,0.0,0.02894248608534323
lfw_final,0.8476405446164748,0.0,0.029313543599257884
lfw_final,0.8471278503533795,0.0,0.029684601113172542
lfw_final,0.8470817755289607,0.0,0.030055658627087197
lfw_final,0.8466981643527728,0.0,0.030426716141001856
lfw_final,0.8459067003302183,0.0,0.03079777365491651
lfw_final,0.8457646956104652,0.0,0.03116883116883117
lfw_final,0.8452084358496383,0.0,0.03153988868274583
lfw_final,0.8450808452899413,0.0,0.03191094619666048
lfw_final,0.8450295397236817,0.0,0.03228200371057514
lfw_final,0.8449015283613258,0.0,0.0326530612244898
lfw_final,0.8448351310561535,0.0,0.033024118738404454
lfw_final,0.8447621464394258,0.0,0.03339517625231911
lfw_final,0.8447440310847935,0.0,0.033766233766233764
lfw_final,0.8443250822244864,0.0,0.034137291280148425
lfw_final,0.8442900968498593,0.0,0.03450834879406308
lfw_final,0.843394608436447,0.0,0.034879406307977735
lfw_final,0.8432804207161531,0.0,0.03525046382189239
lfw_final,0.8422201368734049,0.0,0.03562152133580705
lfw_final,0.8417951525506134,0.0,0.03599257884972171
lfw_final,0.8417132441733006,0.0,0.03636363636363636
lfw_final,0.8415407043404066,0.0,0.036734693877551024
lfw_final,0.8412737935307864,0.0,0.03710575139146568
lfw_final,0.8411130250074836,0.0,0.037476808905380334
lfw_final,0.840949317884049,0.0,0.03784786641929499
lfw_final,0.8402179848977843,0.0,0.03821892393320965
lfw_final,0.8390657179197405,0.0,0.038589981447124305
lfw_final,0.8385169590348635,0.0,0.03896103896103896
lfw_final,0.838211963652698,0.0,0.039332096474953615
lfw_final,0.837935719818233,0.0,0.03970315398886828
lfw_final,0.8378177923197034,0.0,0.04007421150278293
lfw_final,0.8372495673594574,0.0,0.04044526901669759
lfw_final,0.8370323213842403,0.0,0.04081632653061224
lfw_final,0.8367772030889203,0.0,0.041187384044526903
lfw_final,0.8361788299748931,0.0,0.04155844155844156
lfw_final,0.8355809952254202,0.0,0.04192949907235621
lfw_final,0.8351789821338483,0.0,0.042300556586270875
lfw_final,0.8350148150136641,0.0,0.04267161410018553
lfw_final,0.8337899716385471,0.0,0.043042671614100185
lfw_final,0.8337627752097573,0.0,0.04341372912801484
lfw_final,0.8335633609536268,0.0,0.0437847866419295
lfw_final,0.8335177382654331,0.0,0.04415584415584416
lfw_final,0.8330719828412079,0.0,0.04452690166975881
lfw_final,0.8323609773419193,0.0,0.044897959183673466
lfw_final,0.8322034051527611,0.0,0.04526901669758813
lfw_final,0.83203015891304,0.0,0.04564007421150278
lfw_final,0.8319997294682648,0.0,0.04601113172541744
lfw_final,0.8319761656493296,0.0,0.04638218923933209
lfw_final,0.8316394455055657,0.0,0.046753246753246755
lfw_final,0.831067823191092,0.0,0.04712430426716141
lfw_final,0.8301946843683781,0.0,0.047495361781076065
lfw_final,0.8297890218118693,0.0,0.04786641929499073
lfw_final,0.8297325712373061,0.0,0.04823747680890538
lfw_final,0.8295319991423347,0.0,0.048608534322820036
lfw_final,0.8291910278072506,0.0,0.04897959183673469
lfw_final,0.8282806527295552,0.0,0.04935064935064935
lfw_final,0.8275157403222665,0.0,0.04972170686456401
lfw_final,0.8265550186828471,0.0,0.05009276437847866
lfw_final,0.8264214882597508,0.0,0.05046382189239332
lfw_final,0.8263828523256227,0.0,0.05083487940630798
lfw_final,0.8251570823810604,0.0,0.051205936920222635
lfw_final,0.824986862252705,0.0,0.05157699443413729
lfw_final,0.8245318636905268,0.0,0.05194805194805195
lfw_final,0.8242875334643397,0.0,0.052319109461966606
lfw_final,0.824221070583034,0.0,0.05269016697588126
lfw_final,0.8242056044616668,0.0,0.053061224489795916
lfw_final,0.8240438242127874,0.0,0.05343228200371058
lfw_final,0.823740141025145,0.0,0.05380333951762523
lfw_final,0.8234758825693186,0.0,0.05417439703153989
lfw_final,0.8233708781887855,0.0,0.05454545454545454
lfw_final,0.8230973309193312,0.0,0.054916512059369205
lfw_final,0.8229943648746477,0.0,0.05528756957328386
lfw_final,0.8221666753243206,0.0,0.055658627087198514
lfw_final,0.8220858787618218,0.0,0.05602968460111317
lfw_final,0.8216400528338921,0.0,0.05640074211502783
lfw_final,0.8215937593608492,0.0,0.056771799628942486
lfw_final,0.8214348069205757,0.0,0.05714285714285714
lfw_final,0.820944115750247,0.0,0.0575139146567718
lfw_final,0.8207847148825067,0.0,0.05788497217068646
lfw_final,0.8206268061468167,0.0,0.05825602968460111
lfw_final,0.8203001507489264,0.0,0.05862708719851577
lfw_final,0.8193494830737449,0.0,0.05899814471243043
lfw_final,0.8192451173442948,0.0,0.059369202226345084
lfw_final,0.8192092720171993,0.0,0.05974025974025974
lfw_final,0.8191449797362249,0.0,0.060111317254174394
lfw_final,0.8177206195687226,0.0,0.060482374768089056
lfw_final,0.817666612153742,0.0,0.06085343228200371
lfw_final,0.8176385194557857,0.0,0.061224489795918366
lfw_final,0.8169715396358356,0.0,0.06159554730983302
lfw_final,0.8168301730065712,0.0,0.06196660482374768
lfw_final,0.8165262856226937,0.0,0.06233766233766234
lfw_final,0.8160992693922703,0.0,0.062708719851577
lfw_final,0.8157709944146297,0.0,0.06307977736549165
lfw_final,0.8157310842012793,0.0,0.06345083487940631
lfw_final,0.8156956966760281,0.0,0.06382189239332096
lfw_final,0.815647081696388,0.0,0.06419294990723562
lfw_final,0.8154780624105813,0.0,0.06456400742115027
lfw_final,0.8153502210443188,0.0,0.06493506493506493
lfw_final,0.8150145205637594,0.0,0.0653061224489796
lfw_final,0.8146049130840092,0.0,0.06567717996289425
lfw_final,0.8144801717514931,0.0,0.06604823747680891
lfw_final,0.8144146231944092,0.0,0.06641929499072356
lfw_final,0.8134671567384426,0.0,0.06679035250463822
lfw_final,0.8129241208547662,0.0,0.06716141001855287
lfw_final,0.8127126542887075,0.0,0.06753246753246753
lfw_final,0.8126749224161179,0.0,0.0679035250463822
lfw_final,0.8126643973964802,0.0,0.06827458256029685
lfw_final,0.8124312798800638,0.0,0.0686456400742115
lfw_final,0.8122607480961427,0.0,0.06901669758812616
lfw_final,0.8122449313849913,0.0,0.06938775510204082
lfw_final,0.8122158404681576,0.0,0.06975881261595547
lfw_final,0.8120873409441655,0.0,0.07012987012987013
lfw_final,0.8119785239796913,0.0,0.07050092764378478
lfw_final,0.8113273926996136,0.0,0.07087198515769945
lfw_final,0.811224375802163,0.0,0.0712430426716141
lfw_final,0.811121084621895,0.0,0.07161410018552876
lfw_final,0.8111010249817991,0.0,0.07198515769944341
lfw_final,0.8110593552028575,0.0,0.07235621521335807
lfw_final,0.8110442484359428,0.0,0.07272727272727272
lfw_final,0.81093454171569,0.0,0.07309833024118738
lfw_final,0.810903346141063,0.0,0.07346938775510205
lfw_final,0.8108842951646512,0.0,0.0738404452690167
lfw_final,0.810716990945311,0.0,0.07421150278293136
lfw_final,0.8106872187284049,0.0,0.07458256029684601
lfw_final,0.8104957147357836,0.0,0.07495361781076067
lfw_final,0.8101367311455363,0.0,0.07532467532467532
lfw_final,0.8099175127085063,0.0,0.07569573283858998
lfw_final,0.8098378784182949,0.0,0.07606679035250463
lfw_final,0.8096356588327243,0.0,0.0764378478664193
lfw_final,0.809404528308864,0.0,0.07680890538033396
lfw_final,0.8090019924782662,0.0,0.07717996289424861
lfw_final,0.808571361359615,0.0,0.07755102040816327
lfw_final,0.8085494327245655,0.0,0.07792207792207792
lfw_final,0.8084304967318418,0.0,0.07829313543599258
lfw_final,0.8081250459110386,0.0,0.07866419294990723
lfw_final,0.8075598665460568,0.0,0.0790352504638219
lfw_final,0.8072773514996503,0.0,0.07940630797773655
lfw_final,0.8069875378295881,0.0,0.07977736549165121
lfw_final,0.8068991395420281,0.0,0.08014842300556586
lfw_final,0.806595915247791,0.0,0.08051948051948052
lfw_final,0.8065459653128375,0.0,0.08089053803339517
lfw_final,0.8064840657032069,0.0,0.08126159554730983
lfw_final,0.8063993920778513,0.0,0.08163265306122448
lfw_final,0.8055300542353192,0.0,0.08200371057513915
lfw_final,0.8054752161543405,0.0,0.08237476808905381
lfw_final,0.8052753857210597,0.0,0.08274582560296846
lfw_final,0.8052235462330231,0.0,0.08311688311688312
lfw_final,0.8050898403469104,0.0,0.08348794063079777
lfw_final,0.8050358052376111,0.0,0.08385899814471243
lfw_final,0.8049522480341745,0.0,0.08423005565862708
lfw_final,0.804925340450577,0.0,0.08460111317254175
lfw_final,0.8049216750614916,0.0,0.0849721706864564
lfw_final,0.8041991359943338,0.0,0.08534322820037106
lfw_final,0.8040276242678708,0.0,0.08571428571428572
lfw_final,0.8038757041158732,0.0,0.08608534322820037
lfw_final,0.8038052515950904,0.0,0.08645640074211502
lfw_final,0.8025251347886379,0.0,0.08682745825602968
lfw_final,0.802214131515573,0.0,0.08719851576994433
lfw_final,0.8019352326292438,0.0,0.087569573283859
lfw_final,0.8011811078540676,0.0,0.08794063079777366
lfw_final,0.8010884834734748,0.0,0.08831168831168831
lfw_final,0.801005788357495,0.0,0.08868274582560297
lfw_final,0.8005542998899751,0.0,0.08905380333951762
lfw_final,0.8003702695791443,0.0,0.08942486085343228
lfw_final,0.8002611574334385,0.0,0.08979591836734693
lfw_final,0.7999621016813877,0.0,0.0901669758812616
lfw_final,0.7999434676936351,0.0,0.09053803339517626
lfw_final,0.7996658247997932,0.0,0.09090909090909091
lfw_final,0.799593393900865,0.0,0.09128014842300557
lfw_final,0.7992723925567373,0.0,0.09165120593692022
lfw_final,0.7991686740536256,0.0,0.09202226345083488
lfw_final,0.7991372551239111,0.0,0.09239332096474953
lfw_final,0.7987505013323792,0.0,0.09276437847866419
lfw_final,0.7987090873031556,0.0,0.09313543599257885
lfw_final,0.7985247899001521,0.0,0.09350649350649351
lfw_final,0.7981051380171866,0.0,0.09387755102040816
lfw_final,0.7979775342270581,0.0,0.09424860853432282
lfw_final,0.7979477428549374,0.0,0.09461966604823747
lfw_final,0.7974587077350361,0.0,0.09499072356215213
lfw_final,0.7973132425655974,0.0,0.09536178107606678
lfw_final,0.7971388248620708,0.0,0.09573283858998145
lfw_final,0.7971126525950277,0.0,0.09610389610389611
lfw_final,0.7966325223004598,0.0,0.09647495361781076
lfw_final,0.796547654559995,0.0,0.09684601113172542
lfw_final,0.7965173041061783,0.0,0.09721706864564007
lfw_final,0.7962897657754461,0.0,0.09758812615955473
lfw_final,0.7962855545886839,0.0,0.09795918367346938
lfw_final,0.7957622263399027,0.0,0.09833024118738404
lfw_final,0.7956543569337574,0.0,0.0987012987012987
lfw_final,0.7954487632782838,0.0,0.09907235621521336
lfw_final,0.7954294179259648,0.0,0.09944341372912802
lfw_final,0.7951884050550693,0.0,0.09981447124304267
lfw_final,0.794952803401504,0.0,0.10018552875695733
lfw_final,0.794945747807452,0.0,0.10055658627087198
lfw_final,0.7945252666951111,0.0,0.10092764378478664
lfw_final,0.7944562084448663,0.0,0.1012987012987013
lfw_final,0.7942972499519823,0.0,0.10166975881261596
lfw_final,0.7938762523035934,0.0,0.10204081632653061
lfw_final,0.7937338788052797,0.0,0.10241187384044527
lfw_final,0.7937284857111053,0.0,0.10278293135435992
lfw_final,0.7937241398180204,0.0,0.10315398886827458
lfw_final,0.793500377497615,0.0,0.10352504638218923
lfw_final,0.7934301225617482,0.0,0.1038961038961039
lfw_final,0.79332638158745,0.0,0.10426716141001856
lfw_final,0.7931774858086478,0.0,0.10463821892393321
lfw_final,0.7929983345230861,0.0,0.10500927643784787
lfw_final,0.7928475639660973,0.0,0.10538033395176252
lfw_final,0.7928274991629979,0.0,0.10575139146567718
lfw_final,0.7923260354386314,0.0,0.10612244897959183
lfw_final,0.7921090897462306,0.0,0.10649350649350649
lfw_final,0.7917141507225502,0.0,0.10686456400742116
lfw_final,0.7912803034586977,0.0,0.10723562152133581
lfw_final,0.790990145625651,0.0,0.10760667903525047
lfw_final,0.7908801318840208,0.0,0.10797773654916512
lfw_final,0.7908420885603488,0.0,0.10834879406307978
lfw_final,0.7906247839128232,0.0,0.10871985157699443
lfw_final,0.7899534190624773,0.0,0.10909090909090909
lfw_final,0.7898982428515532,0.0,0.10946196660482375
lfw_final,0.78978816099676,0.0,0.10983302411873841
lfw_final,0.7897774303535732,0.0,0.11020408163265306
lfw_final,0.7894377312221278,0.0,0.11057513914656772
lfw_final,0.7893151441315904,0.0,0.11094619666048237
lfw_final,0.7892103424262729,0.0,0.11131725417439703
lfw_final,0.7890515474196638,0.0,0.11168831168831168
lfw_final,0.7889850043843546,0.0,0.11205936920222634
lfw_final,0.7888637064614004,0.0,0.11243042671614101
lfw_final,0.7888278346829374,0.0,0.11280148423005566
lfw_final,0.7886555745255588,0.0,0.11317254174397032
lfw_final,0.7883934446984538,0.0,0.11354359925788497
lfw_final,0.78836236924145,0.0,0.11391465677179963
lfw_final,0.7878045011709416,0.0,0.11428571428571428
lfw_final,0.7877023410421778,0.0,0.11465677179962894
lfw_final,0.7876441155208548,0.0,0.1150278293135436
lfw_final,0.7874803746295863,0.0,0.11539888682745826
lfw_final,0.7874741202075621,0.0,0.11576994434137292
lfw_final,0.7874405526983653,0.0,0.11614100185528757
lfw_final,0.7873624151453783,0.0,0.11651205936920223
lfw_final,0.786919750840142,0.0,0.11688311688311688
lfw_final,0.786876293403608,0.0,0.11725417439703154
lfw_final,0.7865861296564858,0.0,0.11762523191094619
lfw_final,0.786513779606574,0.0,0.11799628942486086
lfw_final,0.7864640720390016,0.0,0.11836734693877551
lfw_final,0.786382223050897,0.0,0.11873840445269017
lfw_final,0.7861049088251906,0.0,0.11910946196660482
lfw_final,0.7860588260894741,0.0,0.11948051948051948
lfw_final,0.7859562641619793,0.0,0.11985157699443413
lfw_final,0.7857823444704771,0.0,0.12022263450834879
lfw_final,0.785478567778962,0.0,0.12059369202226346
lfw_final,0.7854230380955133,0.0,0.12096474953617811
lfw_final,0.7851714103145763,0.0,0.12133580705009277
lfw_final,0.7851228252514628,0.0,0.12170686456400742
lfw_final,0.7850447479047226,0.0,0.12207792207792208
lfw_final,0.7849612477265913,0.0,0.12244897959183673
lfw_final,0.7848445876510313,0.0,0.12282003710575139
lfw_final,0.784814408038915,0.0,0.12319109461966604
lfw_final,0.784808038132688,0.0,0.12356215213358071
lfw_final,0.7847648256224108,0.0,0.12393320964749537
lfw_final,0.7846139091018146,0.0,0.12430426716141002
lfw_final,0.7845711095592532,0.0,0.12467532467532468
lfw_final,0.7841110899203609,0.0,0.12504638218923933
lfw_final,0.7838749352926924,0.0,0.125417439703154
lfw_final,0.783794634696111,0.0,0.12578849721706864
lfw_final,0.7832545562654712,0.0,0.1261595547309833
lfw_final,0.783185079069113,0.0,0.12653061224489795
lfw_final,0.7831151692676295,0.0,0.12690166975881262
lfw_final,0.7830288574177551,0.0,0.12727272727272726
lfw_final,0.78286792662361,0.0,0.12764378478664193
lfw_final,0.7824347657296872,0.0,0.1280148423005566
lfw_final,0.7824240532384041,0.0,0.12838589981447124
lfw_final,0.7822880606341125,0.0,0.1287569573283859
lfw_final,0.7821954833974392,0.0,0.12912801484230055
lfw_final,0.7819838311556174,0.0,0.12949907235621522
lfw_final,0.7816690807365765,0.0,0.12987012987012986
lfw_final,0.7814477034226152,0.0,0.13024118738404453
lfw_final,0.7814112329456218,0.0,0.1306122448979592
lfw_final,0.7811975980333701,0.0,0.13098330241187384
lfw_final,0.7808508843732646,0.0,0.1313543599257885
lfw_final,0.7807353114693383,0.0,0.13172541743970315
lfw_final,0.7806803749422541,0.0,0.13209647495361782
lfw_final,0.7804811139633681,0.0,0.13246753246753246
lfw_final,0.7803798508553526,0.0,0.13283858998144712
lfw_final,0.7803083468399167,0.0,0.1332096474953618
lfw_final,0.7802477935210327,0.0,0.13358070500927643
lfw_final,0.7798433393100793,0.0,0.1339517625231911
lfw_final,0.779506053391014,0.0,0.13432282003710574
lfw_final,0.7790503689384806,0.0,0.1346938775510204
lfw_final,0.7788693090849148,0.0,0.13506493506493505
lfw_final,0.7787818043869958,0.0,0.13543599257884972
lfw_final,0.7787184050903273,0.0,0.1358070500927644
lfw_final,0.7784962081608473,0.0,0.13617810760667903
lfw_final,0.7783263150575097,0.0,0.1365491651205937
lfw_final,0.7782025782115154,0.0,0.13692022263450834
lfw_final,0.7780943636630914,0.0,0.137291280148423
lfw_final,0.7779755025874474,0.0,0.13766233766233765
lfw_final,0.7777951669938029,0.0,0.13803339517625232
lfw_final,0.7777211641671159,0.0,0.13840445269016696
lfw_final,0.7775802355022229,0.0,0.13877551020408163
lfw_final,0.7772615228567568,0.0,0.1391465677179963
lfw_final,0.7768669945492865,0.0,0.13951762523191094
lfw_final,0.7767106653396794,0.0,0.1398886827458256
lfw_final,0.7766710461222378,0.0,0.14025974025974025
lfw_final,0.7766175495336838,0.0,0.14063079777365492
lfw_final,0.7764824150594489,0.0,0.14100185528756956
lfw_final,0.7763937015867645,0.0,0.14137291280148423
lfw_final,0.7761457387255215,0.0,0.1417439703153989
lfw_final,0.7760773180791718,0.0,0.14211502782931354
lfw_final,0.7760084219342807,0.0,0.1424860853432282
lfw_final,0.7760016773730499,0.0,0.14285714285714285
lfw_final,0.7759196669992193,0.0,0.14322820037105752
lfw_final,0.7757657580917149,0.0,0.14359925788497216
lfw_final,0.7757396214485072,0.0,0.14397031539888683
lfw_final,0.7756766454341308,0.0,0.1443413729128015
lfw_final,0.7756629173526353,0.0,0.14471243042671614
lfw_final,0.7756266211744434,0.0,0.1450834879406308
lfw_final,0.775567111297377,0.0,0.14545454545454545
lfw_final,0.7753605253397894,0.0,0.14582560296846012
lfw_final,0.7750181561358178,0.0,0.14619666048237476
lfw_final,0.7749382953311447,0.0,0.14656771799628943
lfw_final,0.7749379230945469,0.0,0.1469387755102041
lfw_final,0.7748504653166146,0.0,0.14730983302411874
lfw_final,0.7747078030317844,0.0,0.1476808905380334
lfw_final,0.7745258713686245,0.0,0.14805194805194805
lfw_final,0.7742875445936991,0.0,0.14842300556586271
lfw_final,0.7742521808321536,0.0,0.14879406307977736
lfw_final,0.7741919712395208,0.0,0.14916512059369202
lfw_final,0.7738062705128557,0.0,0.14953617810760667
lfw_final,0.7737833646969653,0.0,0.14990723562152133
lfw_final,0.7735987492580038,0.0,0.150278293135436
lfw_final,0.7735880199268286,0.0,0.15064935064935064
lfw_final,0.7735544699384316,0.0,0.1510204081632653
lfw_final,0.7734467757065302,0.0,0.15139146567717995
lfw_final,0.7730017064833619,0.0,0.15176252319109462
lfw_final,0.7728778690002689,0.0,0.15213358070500926
lfw_final,0.7728627621649363,0.0,0.15250463821892393
lfw_final,0.7728568338660007,0.0,0.1528756957328386
lfw_final,0.7727558995166179,0.0,0.15324675324675324
lfw_final,0.7725862982023668,0.0,0.1536178107606679
lfw_final,0.7724610881934437,0.0,0.15398886827458255
lfw_final,0.7720962866449466,0.0,0.15435992578849722
lfw_final,0.7719878149055707,0.0,0.15473098330241186
lfw_final,0.7714564702906815,0.0,0.15510204081632653
lfw_final,0.7714552607548215,0.0,0.1554730983302412
lfw_final,0.771265130354578,0.0,0.15584415584415584
lfw_final,0.7712522245669843,0.0,0.1562152133580705
lfw_final,0.7708350909958278,0.0,0.15658627087198515
lfw_final,0.7708316809238019,0.0,0.15695732838589982
lfw_final,0.7708291244857151,0.0,0.15732838589981446
lfw_final,0.7704124159157505,0.0,0.15769944341372913
lfw_final,0.7700083834756644,0.0,0.1580705009276438
lfw_final,0.7698647505998009,0.0,0.15844155844155844
lfw_final,0.7696818540082374,0.0,0.1588126159554731
lfw_final,0.7696427847818258,0.0,0.15918367346938775
lfw_final,0.7692389875762948,0.0,0.15955473098330242
lfw_final,0.7691087475784996,0.0,0.15992578849721706
lfw_final,0.768764263160111,0.0,0.16029684601113173
lfw_final,0.768672652255874,0.0,0.1606679035250464
lfw_final,0.7686461365394297,0.0,0.16103896103896104
lfw_final,0.7684754605989919,0.0,0.1614100185528757
lfw_final,0.7683228295221819,0.0,0.16178107606679035
lfw_final,0.7682992934615945,0.0,0.16215213358070502
lfw_final,0.7681134018801076,0.0,0.16252319109461966
lfw_final,0.7679267582665384,0.0,0.16289424860853433
lfw_final,0.767873517358692,0.0,0.16326530612244897
lfw_final,0.7678249542743177,0.0,0.16363636363636364
lfw_final,0.7677287734223509,0.0,0.1640074211502783
lfw_final,0.7676478558865429,0.0,0.16437847866419295
lfw_final,0.7674248299680967,0.0,0.16474953617810761
lfw_final,0.7672981625332722,0.0,0.16512059369202226
lfw_final,0.7672834320754327,0.0,0.16549165120593692
lfw_final,0.7671329904162347,0.0,0.16586270871985156
lfw_final,0.7671030295638236,0.0,0.16623376623376623
lfw_final,0.7667648253784902,0.0,0.1666048237476809
lfw_final,0.7666499295692328,0.0,0.16697588126159554
lfw_final,0.7664576606802874,0.0,0.1673469387755102
lfw_final,0.76637838344387,0.0,0.16771799628942485
lfw_final,0.766246046587956,0.0,0.16808905380333952
lfw_final,0.7661366853489621,0.0,0.16846011131725416
lfw_final,0.7658372395568884,0.0,0.16883116883116883
lfw_final,0.765814015746284,0.0,0.1692022263450835
lfw_final,0.7655204990779034,0.0,0.16957328385899814
lfw_final,0.7652328146082994,0.0,0.1699443413729128
lfw_final,0.7651680352012118,0.0,0.17031539888682745
lfw_final,0.7650179220909468,0.0,0.17068645640074212
lfw_final,0.7648686989016914,0.0,0.17105751391465676
lfw_final,0.7644710851903262,0.0,0.17142857142857143
lfw_final,0.7641637282808998,0.0,0.1717996289424861
lfw_final,0.7639649267339949,0.0,0.17217068645640074
lfw_final,0.7636676164270882,0.0,0.1725417439703154
lfw_final,0.7635675988573606,0.0,0.17291280148423005
lfw_final,0.7631819796654418,0.0,0.17328385899814472
lfw_final,0.7631542444478667,0.0,0.17365491651205936
lfw_final,0.7626174113226514,0.0,0.17402597402597403
lfw_final,0.7625903778266931,0.0,0.17439703153988867
lfw_final,0.7623643685606996,0.0,0.17476808905380334
lfw_final,0.7622671329248428,0.0,0.175139146567718
lfw_final,0.7622055944512757,0.0,0.17551020408163265
lfw_final,0.762155166396169,0.0,0.17588126159554732
lfw_final,0.7620881588163841,0.0,0.17625231910946196
lfw_final,0.7620386219215318,0.0,0.17662337662337663
lfw_final,0.7620372762134506,0.0,0.17699443413729127
lfw_final,0.7616771952431393,0.0,0.17736549165120594
lfw_final,0.7616367275212874,0.0,0.1777365491651206
lfw_final,0.7614524114461168,0.0,0.17810760667903525
lfw_final,0.7614325110931344,0.0,0.17847866419294992
lfw_final,0.7612264389510097,0.0,0.17884972170686456
lfw_final,0.7608940925271432,0.0,0.17922077922077922
lfw_final,0.7606548780850241,0.0,0.17959183673469387
lfw_final,0.7605701957337705,0.0,0.17996289424860853
lfw_final,0.7604843003989232,0.0,0.1803339517625232
lfw_final,0.7603115521589858,0.0,0.18070500927643784
lfw_final,0.7601636230913429,0.0,0.1810760667903525
lfw_final,0.7599293632304139,0.0,0.18144712430426715
lfw_final,0.7599035230423665,0.0,0.18181818181818182
lfw_final,0.7597643417793662,0.0,0.18218923933209646
lfw_final,0.7596157701009466,0.0,0.18256029684601113
lfw_final,0.7595828479392737,0.0,0.1829313543599258
lfw_final,0.7592666355237733,0.0,0.18330241187384044
lfw_final,0.7587837115808194,0.0,0.1836734693877551
lfw_final,0.75867971973833,0.0,0.18404452690166975
lfw_final,0.7586191260436117,0.0,0.18441558441558442
lfw_final,0.7586031480737353,0.0,0.18478664192949906
lfw_final,0.7584700479115141,0.0,0.18515769944341373
lfw_final,0.7583581102838726,0.0,0.18552875695732837
lfw_final,0.7582745756292688,0.0,0.18589981447124304
lfw_final,0.7582411268498268,0.0,0.1862708719851577
lfw_final,0.7582087898212643,0.0,0.18664192949907235
lfw_final,0.758120280048681,0.0,0.18701298701298702
lfw_final,0.7579192919852769,0.0,0.18738404452690166
lfw_final,0.7577498448603804,0.0,0.18775510204081633
lfw_final,0.7575939763805436,0.0,0.18812615955473097
lfw_final,0.7575199925841472,0.0,0.18849721706864564
lfw_final,0.757259292329412,0.0,0.1888682745825603
lfw_final,0.7571260423553816,0.0,0.18923933209647495
lfw_final,0.7570419706419884,0.0,0.18961038961038962
lfw_final,0.7570314753681505,0.0,0.18998144712430426
lfw_final,0.7569593304945339,0.0,0.19035250463821893
lfw_final,0.7569538275929864,0.0,0.19072356215213357
lfw_final,0.7565497283492439,0.0,0.19109461966604824
lfw_final,0.7563692897514608,0.0,0.1914656771799629
lfw_final,0.7562353716080172,0.0,0.19183673469387755
lfw_final,0.7562206079945794,0.0,0.19220779220779222
lfw_final,0.7560482031871133,0.0,0.19257884972170686
lfw_final,0.7559848005207497,0.0,0.19294990723562153
lfw_final,0.7558357571098231,0.0,0.19332096474953617
lfw_final,0.7557375000202834,0.0,0.19369202226345084
lfw_final,0.7555923126898282,0.0,0.1940630797773655
lfw_final,0.7553979187260792,0.0,0.19443413729128015
lfw_final,0.7553136512971347,0.0,0.19480519480519481
lfw_final,0.7551967267088883,0.0,0.19517625231910946
lfw_final,0.7548566105573676,0.0,0.19554730983302412
lfw_final,0.7544905791145717,0.0,0.19591836734693877
lfw_final,0.7543862104257895,0.0,0.19628942486085343
lfw_final,0.7540742253474562,0.0,0.19666048237476808
lfw_final,0.754056607508074,0.0,0.19703153988868274
lfw_final,0.7538878715353295,0.0,0.1974025974025974
lfw_final,0.7538165689023756,0.0,0.19777365491651205
lfw_final,0.7537822763453766,0.0,0.19814471243042672
lfw_final,0.7537535282036286,0.0,0.19851576994434136
lfw_final,0.7536162416147094,0.0,0.19888682745825603
lfw_final,0.7531519318377006,0.0,0.19925788497217067
lfw_final,0.753135988215812,0.0,0.19962894248608534
lfw_final,0.7531041274379905,0.0,0.2
lfw_final,0.7529218192501002,0.0,0.20037105751391465
lfw_final,0.7529091823079186,0.0,0.20074211502782932
lfw_final,0.7529046953215561,0.0,0.20111317254174396
lfw_final,0.7528312131414416,0.0,0.20148423005565863
lfw_final,0.7528156024622169,0.0,0.20185528756957327
lfw_final,0.7527930510327807,0.0,0.20222634508348794
lfw_final,0.7526497140668114,0.0,0.2025974025974026
lfw_final,0.7525250607529301,0.0,0.20296846011131725
lfw_final,0.7524498534534365,0.0,0.20333951762523192
lfw_final,0.7519812485439102,0.0,0.20371057513914656
lfw_final,0.7518209454378258,0.0,0.20408163265306123
lfw_final,0.7515487426450819,0.0,0.20445269016697587
lfw_final,0.7513952833264758,0.0,0.20482374768089054
lfw_final,0.7508964088747928,0.0,0.2051948051948052
lfw_final,0.7508886326868294,0.0,0.20556586270871985
lfw_final,0.7508086983760872,0.0,0.20593692022263452
lfw_final,0.7507765736797042,0.0,0.20630797773654916
lfw_final,0.7507215189821193,0.0,0.20667903525046383
lfw_final,0.7506718810415514,0.0,0.20705009276437847
lfw_final,0.750550920408943,0.0,0.20742115027829314
lfw_final,0.7503697453842694,0.0,0.2077922077922078
lfw_final,0.750363906073946,0.0,0.20816326530612245
lfw_final,0.7499048391295102,0.0,0.20853432282003712
lfw_final,0.7498391674505487,0.0,0.20890538033395176
lfw_final,0.7497058969166637,0.0,0.20927643784786643
lfw_final,0.7496867050660544,0.0,0.20964749536178107
lfw_final,0.749681280317922,0.0,0.21001855287569574
lfw_final,0.7493773355712452,0.0,0.21038961038961038
lfw_final,0.7493658506358725,0.0,0.21076066790352505
lfw_final,0.7493058435401286,0.0,0.21113172541743971
lfw_final,0.7492988557707558,0.0,0.21150278293135436
lfw_final,0.7492431608723962,0.0,0.21187384044526902
lfw_final,0.7490028202082801,0.0,0.21224489795918366
lfw_final,0.7487931505837854,0.0,0.21261595547309833
lfw_final,0.7487133771196441,0.0,0.21298701298701297
lfw_final,0.7486151801993881,0.0,0.21335807050092764
lfw_final,0.7485966324899643,0.0,0.2137291280148423
lfw_final,0.7485888084358421,0.0,0.21410018552875695
lfw_final,0.7485114467152791,0.0,0.21447124304267162
lfw_final,0.7484521081605962,0.0,0.21484230055658626
lfw_final,0.7483386999249481,0.0,0.21521335807050093
lfw_final,0.7483111086582064,0.0,0.21558441558441557
lfw_final,0.7480425347830453,0.0,0.21595547309833024
lfw_final,0.7479863096411441,0.0,0.2163265306122449
lfw_final,0.7479650130684887,0.0,0.21669758812615955
lfw_final,0.7478511238235686,0.0,0.21706864564007422
lfw_final,0.7478225583355549,0.0,0.21743970315398886
lfw_final,0.7475430167672826,0.0,0.21781076066790353
lfw_final,0.7474574701585598,0.0,0.21818181818181817
lfw_final,0.7472958699894909,0.0,0.21855287569573284
lfw_final,0.7469844910252172,0.0,0.2189239332096475
lfw_final,0.7469810950740898,0.0,0.21929499072356215
lfw_final,0.7469737696106609,0.0,0.21966604823747682
lfw_final,0.7468575487723389,0.0,0.22003710575139146
lfw_final,0.746833070955219,0.0,0.22040816326530613
lfw_final,0.7468011829538654,0.0,0.22077922077922077
lfw_final,0.7466796974269078,0.0,0.22115027829313544
lfw_final,0.7465937990018628,0.0,0.22152133580705008
lfw_final,0.7463891859116804,0.0,0.22189239332096475
lfw_final,0.7463801602646101,0.0,0.22226345083487942
lfw_final,0.7462355500553722,0.0,0.22263450834879406
lfw_final,0.7461280431882249,0.0,0.22300556586270873
lfw_final,0.7459742091890118,0.0,0.22337662337662337
lfw_final,0.7459062416523033,0.0,0.22374768089053804
lfw_final,0.7458284402108832,0.0,0.22411873840445268
lfw_final,0.745721335392645,0.0,0.22448979591836735
lfw_final,0.7456494466342442,0.0,0.22486085343228202
lfw_final,0.7456109158232856,0.0,0.22523191094619666
lfw_final,0.7456049226194483,0.0,0.22560296846011132
lfw_final,0.7455351968061468,0.0,0.22597402597402597
lfw_final,0.7452943126173043,0.0,0.22634508348794063
lfw_final,0.7450855059901076,0.0,0.22671614100185528
lfw_final,0.7447093472808735,0.0,0.22708719851576994
lfw_final,0.7447068765748457,0.0,0.2274582560296846
lfw_final,0.7444652660225222,0.0,0.22782931354359925
lfw_final,0.744212187861657,0.0,0.22820037105751392
lfw_final,0.7441266687188532,0.0,0.22857142857142856
lfw_final,0.7439705362954367,0.0,0.22894248608534323
lfw_final,0.7439475016388275,0.0,0.22931354359925787
lfw_final,0.7438935991933109,0.0,0.22968460111317254
lfw_final,0.7438248490602007,0.0,0.2300556586270872
lfw_final,0.7437964649289507,0.0,0.23042671614100185
lfw_final,0.7434989524919757,0.0,0.23079777365491652
lfw_final,0.7432212431233954,0.0,0.23116883116883116
lfw_final,0.7425545147469131,0.0,0.23153988868274583
lfw_final,0.742518762204736,0.0,0.23191094619666047
lfw_final,0.7424819083549058,0.0,0.23228200371057514
lfw_final,0.7424372223953564,0.0,0.23265306122448978
lfw_final,0.7424257829261726,0.0,0.23302411873840445
lfw_final,0.7421585196956645,0.0,0.23339517625231912
lfw_final,0.7420997456140874,0.0,0.23376623376623376
lfw_final,0.7420045696996566,0.0,0.23413729128014843
lfw_final,0.7419280350437708,0.0,0.23450834879406307
lfw_final,0.7418261725440038,0.0,0.23487940630797774
lfw_final,0.7418108154423805,0.0,0.23525046382189238
lfw_final,0.7416562049584582,0.0,0.23562152133580705
lfw_final,0.7414325182285906,0.0,0.23599257884972172
lfw_final,0.7412430643163971,0.0,0.23636363636363636
lfw_final,0.741229183090513,0.0,0.23673469387755103
lfw_final,0.741098932054155,0.0,0.23710575139146567
lfw_final,0.7410658635499624,0.0,0.23747680890538034
lfw_final,0.7407705917173735,0.0,0.23784786641929498
lfw_final,0.7407179859485125,0.0,0.23821892393320965
lfw_final,0.740689921396487,0.0,0.23858998144712432
lfw_final,0.7406209273784276,0.0,0.23896103896103896
lfw_final,0.7405439336507353,0.0,0.23933209647495363
lfw_final,0.7405313924776127,0.0,0.23970315398886827
lfw_final,0.7405150580508005,0.0,0.24007421150278294
lfw_final,0.7404976835741431,0.0,0.24044526901669758
lfw_final,0.7403905061664852,0.0,0.24081632653061225
lfw_final,0.7403406039266068,0.0,0.24118738404452691
lfw_final,0.7401650848184577,0.0,0.24155844155844156
lfw_final,0.740108085494351,0.0,0.24192949907235622
lfw_final,0.7400111544339965,0.0,0.24230055658627087
lfw_final,0.7397575064731275,0.0,0.24267161410018553
lfw_final,0.7397367266282373,0.0,0.24304267161410018
lfw_final,0.7397365030735481,0.0,0.24341372912801484
lfw_final,0.7396538173730389,0.0,0.2437847866419295
lfw_final,0.7395170949856144,0.0,0.24415584415584415
lfw_final,0.7393726519246192,0.0,0.24452690166975882
lfw_final,0.7393652113384677,0.0,0.24489795918367346
lfw_final,0.7393566312087307,0.0,0.24526901669758813
lfw_final,0.739351361305309,0.0,0.24564007421150277
lfw_final,0.7390458479212474,0.0,0.24601113172541744
lfw_final,0.739019407778985,0.0,0.24638218923933208
lfw_final,0.7389550846498306,0.0,0.24675324675324675
lfw_final,0.7388961518924118,0.0,0.24712430426716142
lfw_final,0.7388502165104025,0.0,0.24749536178107606
lfw_final,0.7388403340975389,0.0,0.24786641929499073
lfw_final,0.7388307353951269,0.0,0.24823747680890537
lfw_final,0.7387911880684714,0.0,0.24860853432282004
lfw_final,0.7387597880764722,0.0,0.24897959183673468
lfw_final,0.738709336194187,0.0,0.24935064935064935
lfw_final,0.7386874161747224,0.0,0.24972170686456402
lfw_final,0.7385423896466803,0.0,0.25009276437847866
lfw_final,0.7383791124306635,0.0,0.2504638218923933
lfw_final,0.7383582706178643,0.0,0.250834879406308
lfw_final,0.7383364697630482,0.0,0.25120593692022264
lfw_final,0.7379261329822181,0.0,0.2515769944341373
lfw_final,0.7379045653375707,0.0,0.2519480519480519
lfw_final,0.7378856651939372,0.0,0.2523191094619666
lfw_final,0.7378383719912605,0.0,0.25269016697588126
lfw_final,0.737647379563628,0.0,0.2530612244897959
lfw_final,0.7375035180052505,0.0,0.2534322820037106
lfw_final,0.737465401498989,0.0,0.25380333951762524
lfw_final,0.7372220513283986,0.0,0.2541743970315399
lfw_final,0.7372137881568058,0.0,0.2545454545454545
lfw_final,0.7370129790123331,0.0,0.2549165120593692
lfw_final,0.7369723868469144,0.0,0.25528756957328386
lfw_final,0.736915581518971,0.0,0.2556586270871985
lfw_final,0.7368518810227226,0.0,0.2560296846011132
lfw_final,0.7368108684241752,0.0,0.25640074211502784
lfw_final,0.7367972085071068,0.0,0.2567717996289425
lfw_final,0.7367869957714593,0.0,0.2571428571428571
lfw_final,0.736707846572929,0.0,0.2575139146567718
lfw_final,0.7367016881386057,0.0,0.25788497217068646
lfw_final,0.7365851083924377,0.0,0.2582560296846011
lfw_final,0.7365334311506355,0.0,0.2586270871985158
lfw_final,0.7364589840762428,0.0,0.25899814471243043
lfw_final,0.7358865463993244,0.0,0.2593692022263451
lfw_final,0.73572483893318,0.0,0.2597402597402597
lfw_final,0.7356422815707206,0.0,0.2601113172541744
lfw_final,0.7355975131354338,0.0,0.26048237476808905
lfw_final,0.7354211309541552,0.0,0.2608534322820037
lfw_final,0.735309806335619,0.0,0.2612244897959184
lfw_final,0.7350254700329449,0.0,0.26159554730983303
lfw_final,0.7350232160024784,0.0,0.2619666048237477
lfw_final,0.7350115785740765,0.0,0.2623376623376623
lfw_final,0.7347892567658997,0.0,0.262708719851577
lfw_final,0.7347058418972242,0.0,0.26307977736549165
lfw_final,0.7346158764193215,0.0,0.2634508348794063
lfw_final,0.7343938980585193,0.0,0.263821892393321
lfw_final,0.734353976953727,0.0,0.26419294990723563
lfw_final,0.7341753370901896,0.0,0.26456400742115027
lfw_final,0.7340284611077829,0.0,0.2649350649350649
lfw_final,0.7339699810554079,0.0,0.2653061224489796
lfw_final,0.7338450643001259,0.0,0.26567717996289425
lfw_final,0.7336849509202311,0.0,0.2660482374768089
lfw_final,0.7336151931132641,0.0,0.2664192949907236
lfw_final,0.7334928347109193,0.0,0.26679035250463823
lfw_final,0.7332028827062873,0.0,0.26716141001855287
lfw_final,0.7331824556625381,0.0,0.2675324675324675
lfw_final,0.7331661448334593,0.0,0.2679035250463822
lfw_final,0.7331163172365004,0.0,0.26827458256029685
lfw_final,0.732933312720968,0.0,0.2686456400742115
lfw_final,0.7328307870845956,0.0,0.2690166975881262
lfw_final,0.7328293715231937,0.0,0.2693877551020408
lfw_final,0.7328194678146795,0.0,0.26975881261595547
lfw_final,0.7328163822932765,0.0,0.2701298701298701
lfw_final,0.7328047141698164,0.0,0.2705009276437848
lfw_final,0.7327387416459555,0.0,0.27087198515769945
lfw_final,0.7327077265504683,0.0,0.2712430426716141
lfw_final,0.7325500481645901,0.0,0.2716141001855288
lfw_final,0.7325222118414401,0.0,0.2719851576994434
lfw_final,0.7321189599525505,0.0,0.27235621521335807
lfw_final,0.7319288463283196,0.0,0.2727272727272727
lfw_final,0.7317005571724077,0.0,0.2730983302411874
lfw_final,0.731568048316339,0.0,0.27346938775510204
lfw_final,0.7314967348586214,0.0,0.2738404452690167
lfw_final,0.7314252809707492,0.0,0.2742115027829313
lfw_final,0.7313747134229437,0.0,0.274582560296846
lfw_final,0.7312761002902362,0.0,0.27495361781076066
lfw_final,0.730937080557011,0.0,0.2753246753246753
lfw_final,0.7308491026844185,0.0,0.27569573283859
lfw_final,0.7304869434375775,0.0,0.27606679035250464
lfw_final,0.730400438813168,0.0,0.2764378478664193
lfw_final,0.7303694554550524,0.0,0.2768089053803339
lfw_final,0.7302791034004755,0.0,0.2771799628942486
lfw_final,0.7302543173749343,0.0,0.27755102040816326
lfw_final,0.7302500199887635,0.0,0.2779220779220779
lfw_final,0.7302219046953461,0.0,0.2782931354359926
lfw_final,0.7301208878054007,0.0,0.27866419294990724
lfw_final,0.7301024729569033,0.0,0.2790352504638219
lfw_final,0.7300704752054924,0.0,0.2794063079777365
lfw_final,0.7300274464853623,0.0,0.2797773654916512
lfw_final,0.729992001721733,0.0,0.28014842300556586
lfw_final,0.729989483984002,0.0,0.2805194805194805
lfw_final,0.7298617239506133,0.0,0.2808905380333952
lfw_final,0.7297963704355886,0.0,0.28126159554730984
lfw_final,0.7297831737978969,0.0,0.2816326530612245
lfw_final,0.7296943063145929,0.0,0.2820037105751391
lfw_final,0.7296313661175735,0.0,0.2823747680890538
lfw_final,0.7296250452394081,0.0,0.28274582560296846
lfw_final,0.7295821855720155,0.0,0.2831168831168831
lfw_final,0.7294427566900114,0.0,0.2834879406307978
lfw_final,0.7293963754918751,0.0,0.28385899814471244
lfw_final,0.729366521615233,0.0,0.2842300556586271
lfw_final,0.7292765385127817,0.0,0.2846011131725417
lfw_final,0.7291745201918344,0.0,0.2849721706864564
lfw_final,0.7291089405109656,0.0,0.28534322820037106
lfw_final,0.7290357042774939,0.0,0.2857142857142857
lfw_final,0.7289856301051938,0.0,0.2860853432282004
lfw_final,0.7288584820714319,0.0,0.28645640074211504
lfw_final,0.7287256814057302,0.0,0.2868274582560297
lfw_final,0.728522730926285,0.0,0.2871985157699443
lfw_final,0.7284935795658771,0.0,0.287569573283859
lfw_final,0.7284127671365953,0.0,0.28794063079777366
lfw_final,0.7282100978833627,0.0,0.2883116883116883
lfw_final,0.7281444816752566,0.0,0.288682745825603
lfw_final,0.7281305711437627,0.0,0.28905380333951763
lfw_final,0.7273176900376176,0.0,0.2894248608534323
lfw_final,0.7272819042723402,0.0,0.2897959183673469
lfw_final,0.72709001502937,0.0,0.2901669758812616
lfw_final,0.7269986786426998,0.0,0.29053803339517625
lfw_final,0.7268527506288552,0.0,0.2909090909090909
lfw_final,0.7267698015789081,0.0,0.2912801484230056
lfw_final,0.7267170180560225,0.0,0.29165120593692023
lfw_final,0.7265648191524413,0.0,0.2920222634508349
lfw_final,0.7264863266143669,0.0,0.2923933209647495
lfw_final,0.7263698208357572,0.0,0.2927643784786642
lfw_final,0.7262678619502316,0.0,0.29313543599257885
lfw_final,0.7262530400601193,0.0,0.2935064935064935
lfw_final,0.7260529101249387,0.0,0.2938775510204082
lfw_final,0.7257730822390127,0.0,0.29424860853432283
lfw_final,0.725589741277858,0.0,0.29461966604823747
lfw_final,0.7254690739913682,0.0,0.2949907235621521
lfw_final,0.7254393548773579,0.0,0.2953617810760668
lfw_final,0.7253314748939053,0.0,0.29573283858998145
lfw_final,0.7252338161272343,0.0,0.2961038961038961
lfw_final,0.7251170115469249,0.0,0.2964749536178108
lfw_final,0.7250443364023269,0.0,0.29684601113172543
lfw_final,0.7249880658337161,0.0,0.29721706864564007
lfw_final,0.7249503692272699,0.0,0.2975881261595547
lfw_final,0.7248614328896155,0.0,0.2979591836734694
lfw_final,0.7248582526495704,0.0,0.29833024118738405
lfw_final,0.7248402184826752,0.0,0.2987012987012987
lfw_final,0.7247584356170589,0.0,0.29907235621521333
lfw_final,0.7245902470119967,0.0,0.299443413729128
lfw_final,0.7242225145574182,0.0,0.29981447124304267
lfw_final,0.7241898132045195,0.0,0.3001855287569573
lfw_final,0.7241843178204379,0.0,0.300556586270872
lfw_final,0.7241563317911397,0.0,0.30092764378478665
lfw_final,0.7241470285616113,0.0,0.3012987012987013
lfw_final,0.724137882410233,0.0,0.30166975881261593
lfw_final,0.7239161803275522,0.0,0.3020408163265306
lfw_final,0.7238913943793085,0.0,0.30241187384044527
lfw_final,0.7236115989688003,0.0,0.3027829313543599
lfw_final,0.7234133913362993,0.0,0.3031539888682746
lfw_final,0.7233080945359517,0.0,0.30352504638218925
lfw_final,0.7231605092311717,0.0,0.3038961038961039
lfw_final,0.723160445515557,0.0,0.3042671614100185
lfw_final,0.7231333425762911,0.0,0.3046382189239332
lfw_final,0.7230917154277853,0.0,0.30500927643784786
lfw_final,0.7229522644709122,0.0,0.3053803339517625
lfw_final,0.7229164567779723,0.0,0.3057513914656772
lfw_final,0.7227193093190746,0.0,0.30612244897959184
lfw_final,0.7224858246099716,0.0,0.3064935064935065
lfw_final,0.7223504535755332,0.0,0.3068645640074211
lfw_final,0.7222638592527365,0.0,0.3072356215213358
lfw_final,0.7222018039142102,0.0,0.30760667903525046
lfw_final,0.7220276498490218,0.0,0.3079777365491651
lfw_final,0.721748113593821,0.0,0.3083487940630798
lfw_final,0.7216939470959111,0.0,0.30871985157699444
lfw_final,0.7214928990096088,0.0,0.3090909090909091
lfw_final,0.72116521318304,0.0,0.3094619666048237
lfw_final,0.7211645470483896,0.0,0.3098330241187384
lfw_final,0.7210322366143677,0.0,0.31020408163265306
lfw_final,0.7210312307111904,0.0,0.3105751391465677
lfw_final,0.7209625146070118,0.0,0.3109461966604824
lfw_final,0.7209415551393982,0.0,0.31131725417439704
lfw_final,0.7209365262735199,0.0,0.3116883116883117
lfw_final,0.7207569751656947,0.0,0.3120593692022263
lfw_final,0.72074082678093,0.0,0.312430426716141
lfw_final,0.7207257282279603,0.0,0.31280148423005566
lfw_final,0.7206297150987955,0.0,0.3131725417439703
lfw_final,0.7205400860133775,0.0,0.313543599257885
lfw_final,0.720260771479345,0.0,0.31391465677179964
lfw_final,0.7201930281750835,0.0,0.3142857142857143
lfw_final,0.7199507069699491,0.0,0.3146567717996289
lfw_final,0.7199290728448174,0.0,0.3150278293135436
lfw_final,0.7198435365176195,0.0,0.31539888682745826
lfw_final,0.7198226645934963,0.0,0.3157699443413729
lfw_final,0.7197769114267122,0.0,0.3161410018552876
lfw_final,0.7196262949797199,0.0,0.31651205936920224
lfw_final,0.7195435616037801,0.0,0.3168831168831169
lfw_final,0.7192961779420688,0.0,0.3172541743970315
lfw_final,0.7189572097777542,0.0,0.3176252319109462
lfw_final,0.7188151476864835,0.0,0.31799628942486086
lfw_final,0.7185866345100562,0.0,0.3183673469387755
lfw_final,0.7184894074224278,0.0,0.3187384044526902
lfw_final,0.7183912112964853,0.0,0.31910946196660483
lfw_final,0.7183783941275876,0.0,0.3194805194805195
lfw_final,0.7182234653384417,0.0,0.3198515769944341
lfw_final,0.7181241596164369,0.0,0.3202226345083488
lfw_final,0.7180864426380824,0.0,0.32059369202226345
lfw_final,0.7179291977544932,0.0,0.3209647495361781
lfw_final,0.7178551464600379,0.0,0.3213358070500928
lfw_final,0.7176213654755544,0.0,0.32170686456400743
lfw_final,0.7175188582065598,0.0,0.3220779220779221
lfw_final,0.717504974226491,0.0,0.3224489795918367
lfw_final,0.7175015626432563,0.0,0.3228200371057514
lfw_final,0.7174720418469208,0.0,0.32319109461966605
lfw_final,0.7169650389801966,0.0,0.3235621521335807
lfw_final,0.7168752106634796,0.0,0.32393320964749533
lfw_final,0.7168734258104501,0.0,0.32430426716141003
lfw_final,0.716830355511891,0.0,0.3246753246753247
lfw_final,0.7168083765570241,0.0,0.3250463821892393
lfw_final,0.716789893573083,0.0,0.325417439703154
lfw_final,0.7166705323897387,0.0,0.32578849721706865
lfw_final,0.7166639926153391,0.0,0.3261595547309833
lfw_final,0.7164825165704214,0.0,0.32653061224489793
lfw_final,0.7163216707847541,0.0,0.32690166975881263
lfw_final,0.7161635072497943,0.0,0.32727272727272727
lfw_final,0.7158173638230572,0.0,0.3276437847866419
lfw_final,0.7156396955385588,0.0,0.3280148423005566
lfw_final,0.7154947789736115,0.0,0.32838589981447125
lfw_final,0.7153653741516415,0.0,0.3287569573283859
lfw_final,0.7152893751604098,0.0,0.32912801484230053
lfw_final,0.7152687686773868,0.0,0.32949907235621523
lfw_final,0.7152384200399822,0.0,0.32987012987012987
lfw_final,0.7151882743097675,0.0,0.3302411873840445
lfw_final,0.715174222037334,0.0,0.3306122448979592
lfw_final,0.7150229971858625,0.0,0.33098330241187385
lfw_final,0.7149362149592704,0.0,0.3313543599257885
lfw_final,0.7147732841534925,0.0,0.33172541743970313
lfw_final,0.714716020253824,0.0,0.3320964749536178
lfw_final,0.7145811958474871,0.0,0.33246753246753247
lfw_final,0.7144970145736503,0.0,0.3328385899814471
lfw_final,0.7135408294675432,0.0,0.3332096474953618
lfw_final,0.7134224736974859,0.0,0.33358070500927645
lfw_final,0.7133697514898198,0.0,0.3339517625231911
lfw_final,0.7126909200205253,0.0,0.33432282003710573
lfw_final,0.7124026547715994,0.0,0.3346938775510204
lfw_final,0.7121524083472165,0.0,0.33506493506493507
lfw_final,0.7118951423555412,0.0,0.3354359925788497
lfw_final,0.7118307585675533,0.0,0.3358070500927644
lfw_final,0.7117096635677121,0.0,0.33617810760667904
lfw_final,0.7116688922957675,0.0,0.3365491651205937
lfw_final,0.7114075380777853,0.0,0.3369202226345083
lfw_final,0.7113068369629868,0.0,0.337291280148423
lfw_final,0.711137709623376,0.0,0.33766233766233766
lfw_final,0.7110329825937225,0.0,0.3380333951762523
lfw_final,0.7110005196792984,0.0,0.338404452690167
lfw_final,0.7109292042551689,0.0,0.33877551020408164
lfw_final,0.7108516953029458,0.0,0.3391465677179963
lfw_final,0.7104883277659965,0.0,0.3395176252319109
lfw_final,0.7104103140106558,0.0,0.3398886827458256
lfw_final,0.7102771207031978,0.0,0.34025974025974026
lfw_final,0.7102506615654014,0.0,0.3406307977736549
lfw_final,0.7101666300201102,0.0,0.3410018552875696
lfw_final,0.7101496984525714,0.0,0.34137291280148424
lfw_final,0.7101460547878221,0.0,0.3417439703153989
lfw_final,0.7099327142685941,0.0,0.3421150278293135
lfw_final,0.7098970294275182,0.0,0.3424860853432282
lfw_final,0.7096801808648996,0.0,0.34285714285714286
lfw_final,0.7094829485569419,0.0,0.3432282003710575
lfw_final,0.7093475012703232,0.0,0.3435992578849722
lfw_final,0.7092653294656074,0.0,0.34397031539888684
lfw_final,0.7092482499461165,0.0,0.3443413729128015
lfw_final,0.7091386431915151,0.0,0.3447124304267161
lfw_final,0.7088275732443026,0.0,0.3450834879406308
lfw_final,0.7087745525211059,0.0,0.34545454545454546
lfw_final,0.7086334644071004,0.0,0.3458256029684601
lfw_final,0.7085950343486922,0.0,0.34619666048237474
lfw_final,0.708421005124834,0.0,0.34656771799628944
lfw_final,0.708420851871175,0.0,0.3469387755102041
lfw_final,0.7082203301552727,0.0,0.3473098330241187
lfw_final,0.7081646952578574,0.0,0.3476808905380334
lfw_final,0.7081540952696518,0.0,0.34805194805194806
lfw_final,0.708146011638923,0.0,0.3484230055658627
lfw_final,0.708066534377353,0.0,0.34879406307977734
lfw_final,0.7080619454092141,0.0,0.34916512059369204
lfw_final,0.7080273383730364,0.0,0.3495361781076067
lfw_final,0.7080245581012454,0.0,0.3499072356215213
lfw_final,0.7079395468667361,0.0,0.350278293135436
lfw_final,0.7079355777559974,0.0,0.35064935064935066
lfw_final,0.7079044545682666,0.0,0.3510204081632653
lfw_final,0.7077310642085418,0.0,0.35139146567717994
lfw_final,0.7077202374053715,0.0,0.35176252319109463
lfw_final,0.7076251636173824,0.0,0.3521335807050093
lfw_final,0.7075716222105293,0.0,0.3525046382189239
lfw_final,0.7074996076593701,0.0,0.3528756957328386
lfw_final,0.7073185715935226,0.0,0.35324675324675325
lfw_final,0.7071784599082285,0.0,0.3536178107606679
lfw_final,0.7071123889008306,0.0,0.35398886827458254
lfw_final,0.706903006313774,0.0,0.35435992578849723
lfw_final,0.7068616472731364,0.0,0.3547309833024119
lfw_final,0.7067580314996237,0.0,0.3551020408163265
lfw_final,0.7066432613263568,0.0,0.3554730983302412
lfw_final,0.7066310572166422,0.0,0.35584415584415585
lfw_final,0.7065842501168662,0.0,0.3562152133580705
lfw_final,0.706179919525337,0.0,0.35658627087198513
lfw_final,0.7058674019579153,0.0,0.35695732838589983
lfw_final,0.7058384294644291,0.0,0.35732838589981447
lfw_final,0.7057520940077682,0.0,0.3576994434137291
lfw_final,0.7056094002303414,0.0,0.3580705009276438
lfw_final,0.7055841150504194,0.0,0.35844155844155845
lfw_final,0.7055526842483526,0.0,0.3588126159554731
lfw_final,0.705508905836291,0.0,0.35918367346938773
lfw_final,0.7055020305017653,0.0,0.35955473098330243
lfw_final,0.7053194970306426,0.0,0.35992578849721707
lfw_final,0.7052997410305446,0.0,0.3602968460111317
lfw_final,0.7051199913333848,0.0,0.3606679035250464
lfw_final,0.7049908480006656,0.0,0.36103896103896105
lfw_final,0.7049444801139674,0.0,0.3614100185528757
lfw_final,0.7048579550631338,0.0,0.36178107606679033
lfw_final,0.7048544976505593,0.0,0.362152133580705
lfw_final,0.704767592840887,0.0,0.36252319109461967
lfw_final,0.7047340115946383,0.0,0.3628942486085343
lfw_final,0.7046115216787161,0.0,0.363265306122449
lfw_final,0.7045251994961513,0.0,0.36363636363636365
lfw_final,0.7044687119877856,0.0,0.3640074211502783
lfw_final,0.7044052861918907,0.0,0.36437847866419293
lfw_final,0.7043651382769889,0.0,0.3647495361781076
lfw_final,0.7041676517346602,0.0,0.36512059369202227
lfw_final,0.7040787994222129,0.0,0.3654916512059369
lfw_final,0.7039865517527976,0.0,0.3658627087198516
lfw_final,0.7039043663626419,0.0,0.36623376623376624
lfw_final,0.703895801981548,0.0,0.3666048237476809
lfw_final,0.7038881023312882,0.0,0.3669758812615955
lfw_final,0.7037644607520179,0.0,0.3673469387755102
lfw_final,0.7037615405431339,0.0,0.36771799628942486
lfw_final,0.7037208253423457,0.0,0.3680890538033395
lfw_final,0.7036993701852864,0.0,0.3684601113172542
lfw_final,0.7036787979038414,0.0,0.36883116883116884
lfw_final,0.703645686639087,0.0,0.3692022263450835
lfw_final,0.7036028111882916,0.0,0.3695732838589981
lfw_final,0.7033255341199115,0.0,0.3699443413729128
lfw_final,0.7032603675743784,0.0,0.37031539888682746
lfw_final,0.7029909741559143,0.0,0.3706864564007421
lfw_final,0.7029748066883326,0.0,0.37105751391465674
lfw_final,0.7029687487131329,0.0,0.37142857142857144
lfw_final,0.7028723100089644,0.0,0.3717996289424861
lfw_final,0.7026011659828796,0.0,0.3721706864564007
lfw_final,0.7025997834916623,0.0,0.3725417439703154
lfw_final,0.7025896057981362,0.0,0.37291280148423006
lfw_final,0.7023325142811765,0.0,0.3732838589981447
lfw_final,0.7023213820904425,0.0,0.37365491651205934
lfw_final,0.7022850750541836,0.0,0.37402597402597404
lfw_final,0.7021999582066213,0.0,0.3743970315398887
lfw_final,0.7020984398039471,0.0,0.3747680890538033
lfw_final,0.7020646126538261,0.0,0.375139146567718
lfw_final,0.7020030241846067,0.0,0.37551020408163266
lfw_final,0.7018723152115598,0.0,0.3758812615955473
lfw_final,0.7018718721820507,0.0,0.37625231910946194
lfw_final,0.7016728872601065,0.0,0.37662337662337664
lfw_final,0.7014023550638637,0.0,0.3769944341372913
lfw_final,0.7010852655204882,0.0,0.3773654916512059
lfw_final,0.7010544198678308,0.0,0.3777365491651206
lfw_final,0.7009931531135318,0.0,0.37810760667903526
lfw_final,0.7008583176218735,0.0,0.3784786641929499
lfw_final,0.7007241765040454,0.0,0.37884972170686454
lfw_final,0.7005402273829024,0.0,0.37922077922077924
lfw_final,0.7004727755778853,0.0,0.3795918367346939
lfw_final,0.7001131556095385,0.0,0.3799628942486085
lfw_final,0.6998829936606378,0.0,0.3803339517625232
lfw_final,0.6996126128042925,0.0,0.38070500927643786
lfw_final,0.69960691885365,0.0,0.3810760667903525
lfw_final,0.6995490978181447,0.0,0.38144712430426714
lfw_final,0.6995315275137727,0.0,0.38181818181818183
lfw_final,0.6995257366669582,0.0,0.3821892393320965
lfw_final,0.6994662806283429,0.0,0.3825602968460111
lfw_final,0.699425061900607,0.0,0.3829313543599258
lfw_final,0.6993322596626672,0.0,0.38330241187384045
lfw_final,0.6991763037131309,0.0,0.3836734693877551
lfw_final,0.6991346764751438,0.0,0.38404452690166974
lfw_final,0.6989598379740128,0.0,0.38441558441558443
lfw_final,0.6988346691463867,0.0,0.3847866419294991
lfw_final,0.6987287221523208,0.0,0.3851576994434137
lfw_final,0.6987245786993909,0.0,0.3855287569573284
lfw_final,0.6985719901308185,0.0,0.38589981447124305
lfw_final,0.6982607996604289,0.0,0.3862708719851577
lfw_final,0.6981277882375765,0.0,0.38664192949907233
lfw_final,0.6980930671765614,0.0,0.38701298701298703
lfw_final,0.6980641255155337,0.0,0.38738404452690167
lfw_final,0.698055035448805,0.0,0.3877551020408163
lfw_final,0.6980199570528872,0.0,0.388126159554731
lfw_final,0.6979610185543853,0.0,0.38849721706864565
lfw_final,0.6979490899627137,0.0,0.3888682745825603
lfw_final,0.6979094845521893,0.0,0.38923933209647493
lfw_final,0.6976771797817203,0.0,0.38961038961038963
lfw_final,0.6975610810455595,0.0,0.38998144712430427
lfw_final,0.6975468948098594,0.0,0.3903525046382189
lfw_final,0.6974891920841413,0.0,0.3907235621521336
lfw_final,0.6971611356498689,0.0,0.39109461966604825
lfw_final,0.697136371799614,0.0,0.3914656771799629
lfw_final,0.696752321909978,0.0,0.39183673469387753
lfw_final,0.6966671012262609,0.0,0.3922077922077922
lfw_final,0.6966520849860767,0.0,0.39257884972170687
lfw_final,0.6966059173034632,0.0,0.3929499072356215
lfw_final,0.6966032070596659,0.0,0.39332096474953615
lfw_final,0.6964172392034422,0.0,0.39369202226345085
lfw_final,0.6962765481704916,0.0,0.3940630797773655
lfw_final,0.6961373767914801,0.0,0.39443413729128013
lfw_final,0.6960145455351824,0.0,0.3948051948051948
lfw_final,0.6958734858753707,0.0,0.39517625231910947
lfw_final,0.6958065821542089,0.0,0.3955473098330241
lfw_final,0.6956226185432577,0.0,0.39591836734693875
lfw_final,0.6956106605949981,0.0,0.39628942486085345
lfw_final,0.6956009896233778,0.0,0.3966604823747681
lfw_final,0.6953288070447601,0.0,0.3970315398886827
lfw_final,0.6950934379574196,0.0,0.3974025974025974
lfw_final,0.6950909166862344,0.0,0.39777365491651206
lfw_final,0.6950879871550669,0.0,0.3981447124304267
lfw_final,0.694998796087197,0.0,0.39851576994434135
lfw_final,0.6949872820159326,0.0,0.39888682745825604
lfw_final,0.6947675018111458,0.0,0.3992578849721707
lfw_final,0.6946691991842243,0.0,0.3996289424860853
lfw_final,0.6946645713409295,0.0,0.4
lfw_final,0.6946328317456056,0.0,0.40037105751391466
lfw_final,0.6945365341794831,0.0,0.4007421150278293
lfw_final,0.6945085121859945,0.0,0.40111317254174395
lfw_final,0.6944750214473809,0.0,0.40148423005565864
lfw_final,0.6944502774365295,0.0,0.4018552875695733
lfw_final,0.694411646590485,0.0,0.4022263450834879
lfw_final,0.694324500526635,0.0,0.4025974025974026
lfw_final,0.6941621905183859,0.0,0.40296846011131726
lfw_final,0.6937909468917365,0.0,0.4033395176252319
lfw_final,0.6937887619651516,0.0,0.40371057513914654
lfw_final,0.6937593779676196,0.0,0.40408163265306124
lfw_final,0.6936074506262775,0.0,0.4044526901669759
lfw_final,0.6933748025252162,0.0,0.4048237476808905
lfw_final,0.6933338814590426,0.0,0.4051948051948052
lfw_final,0.693277839072886,0.0,0.40556586270871986
lfw_final,0.6931267923645458,0.0,0.4059369202226345
lfw_final,0.6930561214414068,0.0,0.40630797773654914
lfw_final,0.6930460461521534,0.0,0.40667903525046384
lfw_final,0.692831201051499,0.0,0.4070500927643785
lfw_final,0.6928140206653987,0.0,0.4074211502782931
lfw_final,0.6927546414251847,0.0,0.4077922077922078
lfw_final,0.6927298125329607,0.0,0.40816326530612246
lfw_final,0.6926428099602172,0.0,0.4085343228200371
lfw_final,0.6925099783357038,0.0,0.40890538033395174
lfw_final,0.6925060327852463,0.0,0.40927643784786644
lfw_final,0.6922754787123944,0.0,0.4096474953617811
lfw_final,0.6922197024106845,0.0,0.4100185528756957
lfw_final,0.6922129801890707,0.0,0.4103896103896104
lfw_final,0.6921355261900648,0.0,0.41076066790352506
lfw_final,0.6920360946839494,0.0,0.4111317254174397
lfw_final,0.6920351052298911,0.0,0.41150278293135434
lfw_final,0.6919989100165745,0.0,0.41187384044526903
lfw_final,0.6918947138759427,0.0,0.4122448979591837
lfw_final,0.6917414503918807,0.0,0.4126159554730983
lfw_final,0.6915616854939031,0.0,0.412987012987013
lfw_final,0.6913457189277791,0.0,0.41335807050092765
lfw_final,0.6911433086308658,0.0,0.4137291280148423
lfw_final,0.6911330923236363,0.0,0.41410018552875694
lfw_final,0.6911105998480551,0.0,0.41447124304267163
lfw_final,0.690870577001929,0.0,0.4148423005565863
lfw_final,0.6908684953188796,0.0,0.4152133580705009
lfw_final,0.6907537364701286,0.0,0.4155844155844156
lfw_final,0.6907335504662401,0.0,0.41595547309833025
lfw_final,0.6905962156387031,0.0,0.4163265306122449
lfw_final,0.6905142124000493,0.0,0.41669758812615953
lfw_final,0.6902857778361916,0.0,0.41706864564007423
lfw_final,0.6901737707530452,0.0,0.4174397031539889
lfw_final,0.6901209578319185,0.0,0.4178107606679035
lfw_final,0.6900359268482643,0.0,0.41818181818181815
lfw_final,0.690030226351583,0.0,0.41855287569573285
lfw_final,0.6899419665006714,0.0,0.4189239332096475
lfw_final,0.6898616006505085,0.0,0.41929499072356213
lfw_final,0.6897375911056547,0.0,0.41966604823747683
lfw_final,0.6895219094032993,0.0,0.42003710575139147
lfw_final,0.6892920381315014,0.0,0.4204081632653061
lfw_final,0.6892732158043229,0.0,0.42077922077922075
lfw_final,0.6891952302394223,0.0,0.42115027829313545
lfw_final,0.6891010601647167,0.0,0.4215213358070501
lfw_final,0.6888661308978727,0.0,0.42189239332096473
lfw_final,0.6887645053878507,0.0,0.42226345083487943
lfw_final,0.6887172820590997,0.0,0.42263450834879407
lfw_final,0.6887046563641258,0.0,0.4230055658627087
lfw_final,0.6886797827382571,0.0,0.42337662337662335
lfw_final,0.6884612560236012,0.0,0.42374768089053805
lfw_final,0.6883161714670066,0.0,0.4241187384044527
lfw_final,0.6877417855754255,0.0,0.42448979591836733
lfw_final,0.6875834329376698,0.0,0.424860853432282
lfw_final,0.6873613281121735,0.0,0.42523191094619667
lfw_final,0.6873006830899571,0.0,0.4256029684601113
lfw_final,0.6872959320423024,0.0,0.42597402597402595
lfw_final,0.6872361589225446,0.0,0.42634508348794065
lfw_final,0.6871499829996071,0.0,0.4267161410018553
lfw_final,0.6871063280136261,0.0,0.42708719851576993
lfw_final,0.6870775129680605,0.0,0.4274582560296846
lfw_final,0.6869202163909319,0.0,0.42782931354359927
lfw_final,0.6868987205177695,0.0,0.4282003710575139
lfw_final,0.6868386402436407,0.0,0.42857142857142855
lfw_final,0.6867445139413824,0.0,0.42894248608534324
lfw_final,0.6864127274927324,0.0,0.4293135435992579
lfw_final,0.6863655417357568,0.0,0.4296846011131725
lfw_final,0.6863258499629618,0.0,0.4300556586270872
lfw_final,0.6861949050819149,0.0,0.43042671614100186
lfw_final,0.6861010260802805,0.0,0.4307977736549165
lfw_final,0.6860031929599528,0.0,0.43116883116883115
lfw_final,0.6859658287102998,0.0,0.43153988868274584
lfw_final,0.6858919122078789,0.0,0.4319109461966605
lfw_final,0.6857695983222355,0.0,0.4322820037105751
lfw_final,0.6856511909170258,0.0,0.4326530612244898
lfw_final,0.6856479295217422,0.0,0.43302411873840446
lfw_final,0.6856457822659006,0.0,0.4333951762523191
lfw_final,0.6852858985027371,0.0,0.43376623376623374
lfw_final,0.6852132710909709,0.0,0.43413729128014844
lfw_final,0.6848223523787914,0.0,0.4345083487940631
lfw_final,0.6848109464268624,0.0,0.4348794063079777
lfw_final,0.6847344257964716,0.0,0.4352504638218924
lfw_final,0.6843355652246699,0.0,0.43562152133580706
lfw_final,0.6843261246160087,0.0,0.4359925788497217
lfw_final,0.6841282154190111,0.0,0.43636363636363634
lfw_final,0.6841141770785284,0.0,0.43673469387755104
lfw_final,0.6838944870460303,0.0,0.4371057513914657
lfw_final,0.6837890420780682,0.0,0.4374768089053803
lfw_final,0.6836898380739868,0.0,0.437847866419295
lfw_final,0.683659341320194,0.0,0.43821892393320966
lfw_final,0.6836457169602108,0.0,0.4385899814471243
lfw_final,0.6836307621552369,0.0,0.43896103896103894
lfw_final,0.6835995919191414,0.0,0.43933209647495364
lfw_final,0.6834147223767145,0.0,0.4397031539888683
lfw_final,0.6832440244725932,0.0,0.4400742115027829
lfw_final,0.6832299044093453,0.0,0.4404452690166976
lfw_final,0.6829815161805097,0.0,0.44081632653061226
lfw_final,0.6829756870451228,0.0,0.4411873840445269
lfw_final,0.6827302125985228,0.0,0.44155844155844154
lfw_final,0.6827198243520101,0.0,0.44192949907235624
lfw_final,0.6826510672322356,0.0,0.4423005565862709
lfw_final,0.682525776152956,0.0,0.4426716141001855
lfw_final,0.6824156989170311,0.0,0.44304267161410016
lfw_final,0.6823824555775343,0.0,0.44341372912801486
lfw_final,0.682349204384229,0.0,0.4437847866419295
lfw_final,0.6823071683614892,0.0,0.44415584415584414
lfw_final,0.6822414676260432,0.0,0.44452690166975883
lfw_final,0.6821121231496229,0.0,0.4448979591836735
lfw_final,0.682096537628414,0.0,0.4452690166975881
lfw_final,0.6820525547635247,0.0,0.44564007421150276
lfw_final,0.6818911970465021,0.0,0.44601113172541745
lfw_final,0.6818302383009932,0.0,0.4463821892393321
lfw_final,0.6817470632665333,0.0,0.44675324675324674
lfw_final,0.6816504190559514,0.0,0.44712430426716143
lfw_final,0.6812697154983146,0.0,0.4474953617810761
lfw_final,0.6811394396913589,0.0,0.4478664192949907
lfw_final,0.6810501321246385,0.0,0.44823747680890536
lfw_final,0.6809255182076395,0.0,0.44860853432282005
lfw_final,0.6808845859897019,0.0,0.4489795918367347
lfw_final,0.6808066367339205,0.0,0.44935064935064933
lfw_final,0.6806421665295863,0.0,0.44972170686456403
lfw_final,0.6804008425464647,0.0,0.45009276437847867
lfw_final,0.6803719113188623,0.0,0.4504638218923933
lfw_final,0.6803429735855563,0.0,0.45083487940630795
lfw_final,0.6802740719173097,0.0,0.45120593692022265
lfw_final,0.6802345546687556,0.0,0.4515769944341373
lfw_final,0.68020950825654,0.0,0.45194805194805193
lfw_final,0.6801610897153988,0.0,0.45231910946196663
lfw_final,0.6801604971932682,0.0,0.45269016697588127
lfw_final,0.6800939439218591,0.0,0.4530612244897959
lfw_final,0.6800553142241385,0.0,0.45343228200371055
lfw_final,0.6799235146543043,0.0,0.45380333951762525
lfw_final,0.679705195391164,0.0,0.4541743970315399
lfw_final,0.6796304726329331,0.0,0.45454545454545453
lfw_final,0.6795864626422831,0.0,0.4549165120593692
lfw_final,0.6795418407159807,0.0,0.45528756957328387
lfw_final,0.6790908788977714,0.0,0.4556586270871985
lfw_final,0.6790721037834552,0.0,0.45602968460111315
lfw_final,0.6789352166646596,0.0,0.45640074211502785
lfw_final,0.6786649700272576,0.0,0.4567717996289425
lfw_final,0.6786255917132492,0.0,0.45714285714285713
lfw_final,0.6785627308015766,0.0,0.4575139146567718
lfw_final,0.678284607188553,0.0,0.45788497217068647
lfw_final,0.6782715312208814,0.0,0.4582560296846011
lfw_final,0.6779180032870599,0.0,0.45862708719851575
lfw_final,0.6778995427511495,0.0,0.45899814471243044
lfw_final,0.6778256560400029,0.0,0.4593692022263451
lfw_final,0.6777855472881181,0.0,0.4597402597402597
lfw_final,0.6777326130480831,0.0,0.4601113172541744
lfw_final,0.6777282624642823,0.0,0.46048237476808906
lfw_final,0.677468295180177,0.0,0.4608534322820037
lfw_final,0.6774328461007347,0.0,0.46122448979591835
lfw_final,0.6771902417881847,0.0,0.46159554730983304
lfw_final,0.6771610791690044,0.0,0.4619666048237477
lfw_final,0.6770767677086421,0.0,0.4623376623376623
lfw_final,0.6770671086021129,0.0,0.462708719851577
lfw_final,0.677054303172471,0.0,0.46307977736549166
lfw_final,0.6770291747432374,0.0,0.4634508348794063
lfw_final,0.6768848272948192,0.0,0.46382189239332094
lfw_final,0.6767829909744053,0.0,0.46419294990723564
lfw_final,0.6767689536809411,0.0,0.4645640074211503
lfw_final,0.6766236893316202,0.0,0.4649350649350649
lfw_final,0.6765366074426234,0.0,0.46530612244897956
lfw_final,0.6764858198287875,0.0,0.46567717996289426
lfw_final,0.6764603833658879,0.0,0.4660482374768089
lfw_final,0.6763427358126173,0.0,0.46641929499072354
lfw_final,0.6763373352579733,0.0,0.46679035250463824
lfw_final,0.6762904782373237,0.0,0.4671614100185529
lfw_final,0.6762446671767638,0.0,0.4675324675324675
lfw_final,0.6761679911365726,0.0,0.46790352504638216
lfw_final,0.6760758826098974,0.0,0.46827458256029686
lfw_final,0.6759898250641283,0.0,0.4686456400742115
lfw_final,0.6758228082194363,0.0,0.46901669758812614
lfw_final,0.6757564166705563,0.0,0.46938775510204084
lfw_final,0.6754907547840436,0.0,0.4697588126159555
lfw_final,0.6754009700064367,0.0,0.4701298701298701
lfw_final,0.6753750491680758,0.0,0.47050092764378476
lfw_final,0.6753536926538796,0.0,0.47087198515769946
lfw_final,0.6753440751655851,0.0,0.4712430426716141
lfw_final,0.6752986725674933,0.0,0.47161410018552874
lfw_final,0.675198899660734,0.0,0.47198515769944344
lfw_final,0.6751957250684718,0.0,0.4723562152133581
lfw_final,0.6751350119446271,0.0,0.4727272727272727
lfw_final,0.6751237788641617,0.0,0.47309833024118736
lfw_final,0.6750095905093858,0.0,0.47346938775510206
lfw_final,0.6748934001423553,0.0,0.4738404452690167
lfw_final,0.674837283042766,0.0,0.47421150278293134
lfw_final,0.6747923278153416,0.0,0.47458256029684603
lfw_final,0.6747598070491438,0.0,0.4749536178107607
lfw_final,0.6747046730495906,0.0,0.4753246753246753
lfw_final,0.6745893237708265,0.0,0.47569573283858996
lfw_final,0.6744098957703466,0.0,0.47606679035250465
lfw_final,0.67393118099978,0.0,0.4764378478664193
lfw_final,0.6738604703139482,0.0,0.47680890538033394
lfw_final,0.6737568179558624,0.0,0.47717996289424863
lfw_final,0.6737082549970206,0.0,0.4775510204081633
lfw_final,0.6734590340757862,0.0,0.4779220779220779
lfw_final,0.6734381124400964,0.0,0.47829313543599256
lfw_final,0.6733879477186068,0.0,0.47866419294990725
lfw_final,0.6733758711628159,0.0,0.4790352504638219
lfw_final,0.6733365229687429,0.0,0.47940630797773653
lfw_final,0.6733089491233296,0.0,0.47977736549165123
lfw_final,0.6732989265687812,0.0,0.48014842300556587
lfw_final,0.673172170280352,0.0,0.4805194805194805
lfw_final,0.6731361088999243,0.0,0.48089053803339515
lfw_final,0.6731154260288446,0.0,0.48126159554730985
lfw_final,0.6728460494558145,0.0,0.4816326530612245
lfw_final,0.6727675395959635,0.0,0.48200371057513913
lfw_final,0.6726458743870313,0.0,0.48237476808905383
lfw_final,0.6726231941014482,0.0,0.48274582560296847
lfw_final,0.6724409693405295,0.0,0.4831168831168831
lfw_final,0.6723910766623618,0.0,0.48348794063079775
lfw_final,0.6722096948404295,0.0,0.48385899814471245
lfw_final,0.6721863595121186,0.0,0.4842300556586271
lfw_final,0.672072522359616,0.0,0.48460111317254173
lfw_final,0.671920756031951,0.0,0.4849721706864564
lfw_final,0.6718853387992854,0.0,0.48534322820037107
lfw_final,0.6714948626270278,0.0,0.4857142857142857
lfw_final,0.6707735157799584,0.0,0.48608534322820035
lfw_final,0.670503753387606,0.0,0.48645640074211505
lfw_final,0.670453842200336,0.0,0.4868274582560297
lfw_final,0.6700564363049439,0.0,0.48719851576994433
lfw_final,0.6700524428682865,0.0,0.487569573283859
lfw_final,0.6699027746216571,0.0,0.48794063079777367
lfw_final,0.6698071559896639,0.0,0.4883116883116883
lfw_final,0.6697048529116303,0.0,0.48868274582560295
lfw_final,0.6693497780991557,0.0,0.48905380333951765
lfw_final,0.6692918192483047,0.0,0.4894248608534323
lfw_final,0.6691918833033129,0.0,0.4897959183673469
lfw_final,0.6690376134156173,0.0,0.49016697588126157
lfw_final,0.6689474087597668,0.0,0.49053803339517627
lfw_final,0.6688851583516595,0.0,0.4909090909090909
lfw_final,0.668874894720362,0.0,0.49128014842300555
lfw_final,0.668805124452915,0.0,0.49165120593692024
lfw_final,0.6686823883043997,0.0,0.4920222634508349
lfw_final,0.6686735250451108,0.0,0.4923933209647495
lfw_final,0.6686497409725507,0.0,0.49276437847866417
lfw_final,0.6685723330006436,0.0,0.49313543599257886
lfw_final,0.6681577094779295,0.0,0.4935064935064935
lfw_final,0.6681261943156845,0.0,0.49387755102040815
lfw_final,0.668086313882925,0.0,0.49424860853432284
lfw_final,0.6680832543204777,0.0,0.4946196660482375
lfw_final,0.6680813868327526,0.0,0.4949907235621521
lfw_final,0.6679895454015479,0.0,0.49536178107606677
lfw_final,0.6679336964777195,0.0,0.49573283858998146
lfw_final,0.667914425196598,0.0,0.4961038961038961
lfw_final,0.6678727958183457,0.0,0.49647495361781074
lfw_final,0.6678461819786151,0.0,0.49684601113172544
lfw_final,0.6678232848580821,0.0,0.4972170686456401
lfw_final,0.667538329139129,0.0,0.4975881261595547
lfw_final,0.6674728867209392,0.0,0.49795918367346936
lfw_final,0.6673166837304721,0.0,0.49833024118738406
lfw_final,0.6672393834950952,0.0,0.4987012987012987
lfw_final,0.6672220855394979,0.0,0.49907235621521334
lfw_final,0.6671005007626016,0.0,0.49944341372912804
lfw_final,0.6668826307095582,0.0,0.4998144712430427
lfw_final,0.6668448206132446,0.0,0.5001855287569573
lfw_final,0.6668064507068497,0.0,0.500556586270872
lfw_final,0.6667847490010784,0.0,0.5009276437847866
lfw_final,0.6667338809276392,0.0,0.5012987012987012
lfw_final,0.6665955382256918,0.0,0.501669758812616
lfw_final,0.6665617748170184,0.0,0.5020408163265306
lfw_final,0.6665185185813121,0.0,0.5024118738404453
lfw_final,0.6665075778157675,0.0,0.5027829313543599
lfw_final,0.666470171091572,0.0,0.5031539888682746
lfw_final,0.6662194349305057,0.0,0.5035250463821892
lfw_final,0.6661870571450745,0.0,0.5038961038961038
lfw_final,0.6660516212838352,0.0,0.5042671614100186
lfw_final,0.6656888432023177,0.0,0.5046382189239332
lfw_final,0.6655860932329779,0.0,0.5050092764378479
lfw_final,0.6654157125491571,0.0,0.5053803339517625
lfw_final,0.6653174000337194,0.0,0.5057513914656772
lfw_final,0.6651853555315971,0.0,0.5061224489795918
lfw_final,0.6650712343338371,0.0,0.5064935064935064
lfw_final,0.664974914905995,0.0,0.5068645640074212
lfw_final,0.664881813957446,0.0,0.5072356215213358
lfw_final,0.6648689327965658,0.0,0.5076066790352505
lfw_final,0.6647668003838813,0.0,0.5079777365491651
lfw_final,0.6645941804148157,0.0,0.5083487940630798
lfw_final,0.6645110734944966,0.0,0.5087198515769944
lfw_final,0.6645014116392899,0.0,0.509090909090909
lfw_final,0.6644925350260013,0.0,0.5094619666048238
lfw_final,0.6644242093552519,0.0,0.5098330241187384
lfw_final,0.6643447020170917,0.0,0.5102040816326531
lfw_final,0.6641743916918115,0.0,0.5105751391465677
lfw_final,0.6640862804675711,0.0,0.5109461966604824
lfw_final,0.6640242536487231,0.0,0.511317254174397
lfw_final,0.6637091203274716,0.0,0.5116883116883116
lfw_final,0.6632913160541056,0.0,0.5120593692022264
lfw_final,0.6631716037964503,0.0,0.512430426716141
lfw_final,0.6630318618612017,0.0,0.5128014842300557
lfw_final,0.6629692936377775,0.0,0.5131725417439703
lfw_final,0.6629079160144234,0.0,0.513543599257885
lfw_final,0.6624519131260576,0.0,0.5139146567717996
lfw_final,0.6623217938183635,0.0,0.5142857142857142
lfw_final,0.6621582931207127,0.0,0.514656771799629
lfw_final,0.6618375515229743,0.0,0.5150278293135436
lfw_final,0.6614418628160537,0.0,0.5153988868274583
lfw_final,0.6613444095423308,0.0,0.5157699443413729
lfw_final,0.6613350639474642,0.0,0.5161410018552876
lfw_final,0.6611204542072264,0.0,0.5165120593692022
lfw_final,0.6611148881019275,0.0,0.5168831168831168
lfw_final,0.6607992204140531,0.0,0.5172541743970316
lfw_final,0.6607575048144684,0.0,0.5176252319109462
lfw_final,0.660696911432315,0.0,0.5179962894248609
lfw_final,0.6606679591974649,0.0,0.5183673469387755
lfw_final,0.6606509573892164,0.0,0.5187384044526901
lfw_final,0.6605560345444963,0.0,0.5191094619666048
lfw_final,0.6603698440506214,0.0,0.5194805194805194
lfw_final,0.6601254141123934,0.0,0.5198515769944342
lfw_final,0.6600411952114391,0.0,0.5202226345083488
lfw_final,0.6600392070593549,0.0,0.5205936920222635
lfw_final,0.6600317540254353,0.0,0.5209647495361781
lfw_final,0.6600171218439612,0.0,0.5213358070500927
lfw_final,0.6598867439489088,0.0,0.5217068645640074
lfw_final,0.6598479906502014,0.0,0.522077922077922
lfw_final,0.659669117152491,0.0,0.5224489795918368
lfw_final,0.6596605986004433,0.0,0.5228200371057514
lfw_final,0.6596030378149237,0.0,0.5231910946196661
lfw_final,0.6595397883196236,0.0,0.5235621521335807
lfw_final,0.6593996229323763,0.0,0.5239332096474953
lfw_final,0.6593950567610269,0.0,0.52430426716141
lfw_final,0.6592915122033843,0.0,0.5246753246753246
lfw_final,0.659178512391052,0.0,0.5250463821892394
lfw_final,0.6591724716109307,0.0,0.525417439703154
lfw_final,0.6589875285911734,0.0,0.5257884972170687
lfw_final,0.6589837531463459,0.0,0.5261595547309833
lfw_final,0.6589529583202669,0.0,0.5265306122448979
lfw_final,0.6587832648704454,0.0,0.5269016697588126
lfw_final,0.6587433712916233,0.0,0.5272727272727272
lfw_final,0.6586085210145747,0.0,0.527643784786642
lfw_final,0.6585578542413032,0.0,0.5280148423005566
lfw_final,0.6585549045592011,0.0,0.5283858998144713
lfw_final,0.6585032008082174,0.0,0.5287569573283859
lfw_final,0.6584317146481687,0.0,0.5291280148423005
lfw_final,0.6583966714691568,0.0,0.5294990723562152
lfw_final,0.6583211521113828,0.0,0.5298701298701298
lfw_final,0.6582950786903111,0.0,0.5302411873840446
lfw_final,0.6582032869135847,0.0,0.5306122448979592
lfw_final,0.6581760404992242,0.0,0.5309833024118739
lfw_final,0.6581675801522533,0.0,0.5313543599257885
lfw_final,0.6581435034943145,0.0,0.5317254174397031
lfw_final,0.6581068283701732,0.0,0.5320964749536178
lfw_final,0.6578246220807489,0.0,0.5324675324675324
lfw_final,0.6577047896174273,0.0,0.5328385899814472
lfw_final,0.6576960382193312,0.0,0.5332096474953618
lfw_final,0.6576370811711514,0.0,0.5335807050092765
lfw_final,0.6576196049479047,0.0,0.5339517625231911
lfw_final,0.657585347857325,0.0,0.5343228200371057
lfw_final,0.6573196262140107,0.0,0.5346938775510204
lfw_final,0.6572078034237173,0.0,0.535064935064935
lfw_final,0.6571982158482131,0.0,0.5354359925788498
lfw_final,0.6570466311427683,0.0,0.5358070500927644
lfw_final,0.6570405166934434,0.0,0.536178107606679
lfw_final,0.6567651702584713,0.0,0.5365491651205937
lfw_final,0.6566904853112023,0.0,0.5369202226345083
lfw_final,0.6566045587795144,0.0,0.537291280148423
lfw_final,0.6564645569329375,0.0,0.5376623376623376
lfw_final,0.6563775776984715,0.0,0.5380333951762524
lfw_final,0.6562680475676806,0.0,0.538404452690167
lfw_final,0.6562500745657809,0.0,0.5387755102040817
lfw_final,0.6562154991885987,0.0,0.5391465677179963
lfw_final,0.6561403431764665,0.0,0.5395176252319109
lfw_final,0.6561194818561706,0.0,0.5398886827458256
lfw_final,0.6561091298228433,0.0,0.5402597402597402
lfw_final,0.6560998590591808,0.0,0.540630797773655
lfw_final,0.6559737346260572,0.0,0.5410018552875696
lfw_final,0.6558194677034621,0.0,0.5413729128014843
lfw_final,0.655783625268446,0.0,0.5417439703153989
lfw_final,0.6555472357216959,0.0,0.5421150278293135
lfw_final,0.655255709160691,0.0,0.5424860853432282
lfw_final,0.6552491526061789,0.0,0.5428571428571428
lfw_final,0.6551130958884177,0.0,0.5432282003710576
lfw_final,0.6549958973136704,0.0,0.5435992578849722
lfw_final,0.6549051708885658,0.0,0.5439703153988869
lfw_final,0.6547841049620217,0.0,0.5443413729128015
lfw_final,0.6542083491276622,0.0,0.5447124304267161
lfw_final,0.6541007890125041,0.0,0.5450834879406308
lfw_final,0.6539781224839041,0.0,0.5454545454545454
lfw_final,0.6536966535944012,0.0,0.5458256029684602
lfw_final,0.6535961397565747,0.0,0.5461966604823748
lfw_final,0.6531673734916882,0.0,0.5465677179962894
lfw_final,0.6531478715011361,0.0,0.5469387755102041
lfw_final,0.6530251568275466,0.0,0.5473098330241187
lfw_final,0.6529283506626402,0.0,0.5476808905380334
lfw_final,0.6529019385505894,0.0,0.548051948051948
lfw_final,0.6528779034195757,0.0,0.5484230055658627
lfw_final,0.6528147919205084,0.0,0.5487940630797774
lfw_final,0.6527919177766177,0.0,0.549165120593692
lfw_final,0.6525227341273311,0.0,0.5495361781076067
lfw_final,0.6525020346643983,0.0,0.5499072356215213
lfw_final,0.6524954679389936,0.0,0.550278293135436
lfw_final,0.6524493231827226,0.0,0.5506493506493506
lfw_final,0.6524222182011203,0.0,0.5510204081632653
lfw_final,0.6520960020655597,0.0,0.55139146567718
lfw_final,0.652060580074535,0.0,0.5517625231910946
lfw_final,0.6519782610658938,0.0,0.5521335807050093
lfw_final,0.6519605579661074,0.0,0.5525046382189239
lfw_final,0.6518877604379492,0.0,0.5528756957328386
lfw_final,0.6518665338191473,0.0,0.5532467532467532
lfw_final,0.6516735324499769,0.0,0.5536178107606679
lfw_final,0.6515313672297925,0.0,0.5539888682745826
lfw_final,0.6514060375447023,0.0,0.5543599257884972
lfw_final,0.6513961625763012,0.0,0.5547309833024119
lfw_final,0.6513466087633747,0.0,0.5551020408163265
lfw_final,0.6512338622640839,0.0,0.5554730983302412
lfw_final,0.6512167703967638,0.0,0.5558441558441558
lfw_final,0.6510849796851591,0.0,0.5562152133580704
lfw_final,0.6509155677356411,0.0,0.5565862708719852
lfw_final,0.6509025003359201,0.0,0.5569573283858998
lfw_final,0.6507814511535277,0.0,0.5573283858998145
lfw_final,0.6507058893256898,0.0,0.5576994434137291
lfw_final,0.650705251567052,0.0,0.5580705009276438
lfw_final,0.6505189504459942,0.0,0.5584415584415584
lfw_final,0.6505115233165649,0.0,0.558812615955473
lfw_final,0.6502066059487033,0.0,0.5591836734693878
lfw_final,0.6501523778892769,0.0,0.5595547309833024
lfw_final,0.6499286967485499,0.0,0.5599257884972171
lfw_final,0.6496107684335989,0.0,0.5602968460111317
lfw_final,0.6495832515516298,0.0,0.5606679035250464
lfw_final,0.6494075835088003,0.0,0.561038961038961
lfw_final,0.6492207150277877,0.0,0.5614100185528756
lfw_final,0.6488793875759516,0.0,0.5617810760667904
lfw_final,0.6484287126456134,0.0,0.562152133580705
lfw_final,0.6483871404151206,0.0,0.5625231910946197
lfw_final,0.64821337966269,0.0,0.5628942486085343
lfw_final,0.648138618777222,0.0,0.563265306122449
lfw_final,0.6480864886572325,0.0,0.5636363636363636
lfw_final,0.6480754670954889,0.0,0.5640074211502782
lfw_final,0.6479743576634936,0.0,0.564378478664193
lfw_final,0.6479667192065267,0.0,0.5647495361781076
lfw_final,0.6479148126810994,0.0,0.5651205936920223
lfw_final,0.6478287904586445,0.0,0.5654916512059369
lfw_final,0.6477542518704988,0.0,0.5658627087198516
lfw_final,0.6471697495980268,0.0,0.5662337662337662
lfw_final,0.6471491426671635,0.0,0.5666048237476808
lfw_final,0.6471058870396478,0.0,0.5669758812615956
lfw_final,0.6470400033326786,0.0,0.5673469387755102
lfw_final,0.6470134237587053,0.0,0.5677179962894249
lfw_final,0.6469893891840618,0.0,0.5680890538033395
lfw_final,0.6468513926310293,0.0,0.5684601113172542
lfw_final,0.646807507402489,0.0,0.5688311688311688
lfw_final,0.6467126755666591,0.0,0.5692022263450834
lfw_final,0.6466126975738608,0.0,0.5695732838589982
lfw_final,0.6466097198664761,0.0,0.5699443413729128
lfw_final,0.6465474816500593,0.0,0.5703153988868275
lfw_final,0.6464398326347996,0.0,0.5706864564007421
lfw_final,0.6463954302180749,0.0,0.5710575139146568
lfw_final,0.6462700791271851,0.0,0.5714285714285714
lfw_final,0.6462394100576502,0.0,0.571799628942486
lfw_final,0.6460034565377016,0.0,0.5721706864564008
lfw_final,0.6459256423267185,0.0,0.5725417439703154
lfw_final,0.6454705692246799,0.0,0.5729128014842301
lfw_final,0.6454262369773646,0.0,0.5732838589981447
lfw_final,0.645351187003009,0.0,0.5736549165120594
lfw_final,0.6453463455866223,0.0,0.574025974025974
lfw_final,0.6452487386560118,0.0,0.5743970315398886
lfw_final,0.6451472401920391,0.0,0.5747680890538034
lfw_final,0.6450732295874559,0.0,0.575139146567718
lfw_final,0.6450643588435185,0.0,0.5755102040816327
lfw_final,0.6449599716282101,0.0,0.5758812615955473
lfw_final,0.6449471315556325,0.0,0.576252319109462
lfw_final,0.6449016495322623,0.0,0.5766233766233766
lfw_final,0.6448302162590358,0.0,0.5769944341372912
lfw_final,0.6448183779991066,0.0,0.577365491651206
lfw_final,0.6446307734398644,0.0,0.5777365491651206
lfw_final,0.6444434176588302,0.0,0.5781076066790353
lfw_final,0.644436946876258,0.0,0.5784786641929499
lfw_final,0.644379633720929,0.0,0.5788497217068646
lfw_final,0.644344344589255,0.0,0.5792207792207792
lfw_final,0.6443382034161877,0.0,0.5795918367346938
lfw_final,0.6441803915752303,0.0,0.5799628942486086
lfw_final,0.6441371307088595,0.0,0.5803339517625232
lfw_final,0.6440461161340536,0.0,0.5807050092764379
lfw_final,0.6440144911451965,0.0,0.5810760667903525
lfw_final,0.6439738881879916,0.0,0.5814471243042671
lfw_final,0.6438732774429905,0.0,0.5818181818181818
lfw_final,0.6434210977974673,0.0,0.5821892393320964
lfw_final,0.643368898353031,0.0,0.5825602968460112
lfw_final,0.6432455594840232,0.0,0.5829313543599258
lfw_final,0.6431795810076721,0.0,0.5833024118738405
lfw_final,0.643119347901481,0.0,0.5836734693877551
lfw_final,0.6431131640041241,0.0,0.5840445269016697
lfw_final,0.6430966979982478,0.0,0.5844155844155844
lfw_final,0.6427391825238289,0.0,0.584786641929499
lfw_final,0.6427041783176035,0.0,0.5851576994434138
lfw_final,0.6426998938550156,0.0,0.5855287569573284
lfw_final,0.6426193235824844,0.0,0.5858998144712431
lfw_final,0.6425866015493591,0.0,0.5862708719851577
lfw_final,0.6425259044803663,0.0,0.5866419294990723
lfw_final,0.642375401447954,0.0,0.587012987012987
lfw_final,0.6423526742242048,0.0,0.5873840445269016
lfw_final,0.6423109926297861,0.0,0.5877551020408164
lfw_final,0.6419211097018463,0.0,0.588126159554731
lfw_final,0.6418823719384003,0.0,0.5884972170686457
lfw_final,0.6418478991338976,0.0,0.5888682745825603
lfw_final,0.6418334209697698,0.0,0.5892393320964749
lfw_final,0.6417087284504901,0.0,0.5896103896103896
lfw_final,0.6416173760910395,0.0,0.5899814471243042
lfw_final,0.6414226971166312,0.0,0.590352504638219
lfw_final,0.6411091522617347,0.0,0.5907235621521336
lfw_final,0.641022716639154,0.0,0.5910946196660483
lfw_final,0.6407563221854646,0.0,0.5914656771799629
lfw_final,0.6406627373072276,0.0,0.5918367346938775
lfw_final,0.6405606361609332,0.0,0.5922077922077922
lfw_final,0.6405408414011861,0.0,0.5925788497217068
lfw_final,0.6404717683528601,0.0,0.5929499072356216
lfw_final,0.6402827035939851,0.0,0.5933209647495362
lfw_final,0.6402186073537803,0.0,0.5936920222634509
lfw_final,0.640210085173011,0.0,0.5940630797773655
lfw_final,0.6401351733472028,0.0,0.5944341372912801
lfw_final,0.6400525449786548,0.0,0.5948051948051948
lfw_final,0.6399784774685174,0.0,0.5951762523191094
lfw_final,0.639955519531796,0.0,0.5955473098330241
lfw_final,0.6393569519460279,0.0,0.5959183673469388
lfw_final,0.6391829709499999,0.0,0.5962894248608535
lfw_final,0.6391301198274033,0.0,0.5966604823747681
lfw_final,0.6388234121669824,0.0,0.5970315398886827
lfw_final,0.6387907277223402,0.0,0.5974025974025974
lfw_final,0.6386193565734704,0.0,0.597773654916512
lfw_final,0.6385578628559774,0.0,0.5981447124304267
lfw_final,0.6381636178522715,0.0,0.5985157699443414
lfw_final,0.6381256539452443,0.0,0.598886827458256
lfw_final,0.6377997555680783,0.0,0.5992578849721707
lfw_final,0.6376542232191548,0.0,0.5996289424860853
lfw_final,0.6376199796715831,0.0,0.6
lfw_final,0.6372665336843366,0.0,0.6003710575139146
lfw_final,0.6371841609225296,0.0,0.6007421150278293
lfw_final,0.6371784890612363,0.0,0.601113172541744
lfw_final,0.6371489595088752,0.0,0.6014842300556587
lfw_final,0.6371440089786965,0.0,0.6018552875695733
lfw_final,0.637043297330806,0.0,0.6022263450834879
lfw_final,0.6368728938118217,0.0,0.6025974025974026
lfw_final,0.6368555779226833,0.0,0.6029684601113172
lfw_final,0.6368458899078222,0.0,0.6033395176252319
lfw_final,0.6366453497691891,0.0,0.6037105751391466
lfw_final,0.6364775451257519,0.0,0.6040816326530613
lfw_final,0.6364625079230651,0.0,0.6044526901669759
lfw_final,0.6361596923140069,0.0,0.6048237476808905
lfw_final,0.6360111938881841,0.0,0.6051948051948052
lfw_final,0.6358352202607519,0.0,0.6055658627087198
lfw_final,0.6358089221544816,0.0,0.6059369202226345
lfw_final,0.6357702436373801,0.0,0.6063079777365492
lfw_final,0.6356801586772535,0.0,0.6066790352504638
lfw_final,0.6355347845809145,0.0,0.6070500927643785
lfw_final,0.6354129051458546,0.0,0.6074211502782931
lfw_final,0.6353572222652895,0.0,0.6077922077922078
lfw_final,0.6352607423112688,0.0,0.6081632653061224
lfw_final,0.6352607367917946,0.0,0.608534322820037
lfw_final,0.6352223647325139,0.0,0.6089053803339518
lfw_final,0.6352120786820307,0.0,0.6092764378478664
lfw_final,0.6350866771322828,0.0,0.6096474953617811
lfw_final,0.634955387179642,0.0,0.6100185528756957
lfw_final,0.6347696362894191,0.0,0.6103896103896104
lfw_final,0.6347343899113123,0.0,0.610760667903525
lfw_final,0.6343796191171229,0.0,0.6111317254174397
lfw_final,0.6342624279312523,0.0,0.6115027829313544
lfw_final,0.6342448442480457,0.0,0.611873840445269
lfw_final,0.6340848903843281,0.0,0.6122448979591837
lfw_final,0.6339634921695315,0.0,0.6126159554730983
lfw_final,0.6338596546033944,0.0,0.612987012987013
lfw_final,0.6338177154212249,0.0,0.6133580705009276
lfw_final,0.633774258211447,0.0,0.6137291280148423
lfw_final,0.6336570632196517,0.0,0.614100185528757
lfw_final,0.6336387521843889,0.0,0.6144712430426716
lfw_final,0.6334733909258952,0.0,0.6148423005565863
lfw_final,0.6334249803702693,0.0,0.6152133580705009
lfw_final,0.6331342482690232,0.0,0.6155844155844156
lfw_final,0.6330404421456135,0.0,0.6159554730983302
lfw_final,0.6330009253304971,0.0,0.6163265306122448
lfw_final,0.6328331972407433,0.0,0.6166975881261596
lfw_final,0.6326546879942893,0.0,0.6170686456400742
lfw_final,0.6326450163346136,0.0,0.6174397031539889
lfw_final,0.6326039933223673,0.0,0.6178107606679035
lfw_final,0.6325689932449455,0.0,0.6181818181818182
lfw_final,0.6325328485079266,0.0,0.6185528756957328
lfw_final,0.6324350012057774,0.0,0.6189239332096474
lfw_final,0.6322888225720714,0.0,0.6192949907235622
lfw_final,0.6321840934856436,0.0,0.6196660482374768
lfw_final,0.6321387459110565,0.0,0.6200371057513915
lfw_final,0.6320382636163016,0.0,0.6204081632653061
lfw_final,0.6319964012940567,0.0,0.6207792207792208
lfw_final,0.631877502051535,0.0,0.6211502782931354
lfw_final,0.6317603522450168,0.0,0.62152133580705
lfw_final,0.63167581822589,0.0,0.6218923933209648
lfw_final,0.6316122859487965,0.0,0.6222634508348794
lfw_final,0.6315453518471991,0.0,0.6226345083487941
lfw_final,0.6314897646571598,0.0,0.6230055658627087
lfw_final,0.6313211018484904,0.0,0.6233766233766234
lfw_final,0.6309974803024705,0.0,0.623747680890538
lfw_final,0.6309363560320767,0.0,0.6241187384044526
lfw_final,0.6308972220603446,0.0,0.6244897959183674
lfw_final,0.6308511147992378,0.0,0.624860853432282
lfw_final,0.6307985351120985,0.0,0.6252319109461967
lfw_final,0.6307220006184667,0.0,0.6256029684601113
lfw_final,0.6305600836946554,0.0,0.625974025974026
lfw_final,0.630545483788658,0.0,0.6263450834879406
lfw_final,0.6305095356507793,0.0,0.6267161410018552
lfw_final,0.6304055275488307,0.0,0.62708719851577
lfw_final,0.6302961864507008,0.0,0.6274582560296846
lfw_final,0.6302292577092677,0.0,0.6278293135435993
lfw_final,0.6301181000447325,0.0,0.6282003710575139
lfw_final,0.6300510489661534,0.0,0.6285714285714286
lfw_final,0.6300072130567577,0.0,0.6289424860853432
lfw_final,0.6299073732159427,0.0,0.6293135435992578
lfw_final,0.6298520498474427,0.0,0.6296846011131726
lfw_final,0.6296186250316194,0.0,0.6300556586270872
lfw_final,0.629616628793492,0.0,0.6304267161410019
lfw_final,0.6295388964896471,0.0,0.6307977736549165
lfw_final,0.6295292167731236,0.0,0.6311688311688312
lfw_final,0.6293965899949018,0.0,0.6315398886827458
lfw_final,0.6293865760740928,0.0,0.6319109461966604
lfw_final,0.6293442461028943,0.0,0.6322820037105752
lfw_final,0.6293368023352676,0.0,0.6326530612244898
lfw_final,0.6292731691336884,0.0,0.6330241187384045
lfw_final,0.6292366476456189,0.0,0.6333951762523191
lfw_final,0.6292095766129754,0.0,0.6337662337662338
lfw_final,0.6291363505688163,0.0,0.6341372912801484
lfw_final,0.6291261839185207,0.0,0.634508348794063
lfw_final,0.6291043128980123,0.0,0.6348794063079778
lfw_final,0.6290440426280437,0.0,0.6352504638218924
lfw_final,0.6289309718061363,0.0,0.6356215213358071
lfw_final,0.6289166738961478,0.0,0.6359925788497217
lfw_final,0.6287842706857167,0.0,0.6363636363636364
lfw_final,0.6287729791981383,0.0,0.636734693877551
lfw_final,0.6284146955331705,0.0,0.6371057513914656
lfw_final,0.6283599569508624,0.0,0.6374768089053804
lfw_final,0.6281085289325776,0.0,0.637847866419295
lfw_final,0.6280455214187654,0.0,0.6382189239332097
lfw_final,0.6280119791651921,0.0,0.6385899814471243
lfw_final,0.6278346877156463,0.0,0.638961038961039
lfw_final,0.6277574909597298,0.0,0.6393320964749536
lfw_final,0.627744735341065,0.0,0.6397031539888682
lfw_final,0.6276318428116682,0.0,0.640074211502783
lfw_final,0.6274840831565311,0.0,0.6404452690166976
lfw_final,0.6268293323461465,0.0,0.6408163265306123
lfw_final,0.6267422451682104,0.0,0.6411873840445269
lfw_final,0.6267221661548658,0.0,0.6415584415584416
lfw_final,0.6267038297937764,0.0,0.6419294990723562
lfw_final,0.6266068193819754,0.0,0.6423005565862708
lfw_final,0.6265497519671265,0.0,0.6426716141001856
lfw_final,0.6263539159050026,0.0,0.6430426716141002
lfw_final,0.6263468458753648,0.0,0.6434137291280149
lfw_final,0.6262808160401595,0.0,0.6437847866419295
lfw_final,0.6261009532019616,0.0,0.6441558441558441
lfw_final,0.6259901975582882,0.0,0.6445269016697588
lfw_final,0.6257682123573859,0.0,0.6448979591836734
lfw_final,0.6256127114591395,0.0,0.6452690166975881
lfw_final,0.6252248551983116,0.0,0.6456400742115028
lfw_final,0.6251422001427748,0.0,0.6460111317254175
lfw_final,0.6251153582193412,0.0,0.6463821892393321
lfw_final,0.6251006583906878,0.0,0.6467532467532467
lfw_final,0.6250998820581367,0.0,0.6471243042671614
lfw_final,0.6250977323690619,0.0,0.647495361781076
lfw_final,0.6250725329501974,0.0,0.6478664192949907
lfw_final,0.6248421154747165,0.0,0.6482374768089054
lfw_final,0.6248327878343292,0.0,0.6486085343228201
lfw_final,0.6243994364478117,0.0,0.6489795918367347
lfw_final,0.6241204167215859,0.0,0.6493506493506493
lfw_final,0.6241092072829407,0.0,0.649721706864564
lfw_final,0.624097104328367,0.0,0.6500927643784786
lfw_final,0.6239866594318344,0.0,0.6504638218923933
lfw_final,0.6235794181629801,0.0,0.650834879406308
lfw_final,0.6234536712876128,0.0,0.6512059369202227
lfw_final,0.6234403702099345,0.0,0.6515769944341373
lfw_final,0.6232917437667045,0.0,0.6519480519480519
lfw_final,0.6231557428822199,0.0,0.6523191094619666
lfw_final,0.623121647938612,0.0,0.6526901669758812
lfw_final,0.6230285025233323,0.0,0.6530612244897959
lfw_final,0.6229917391198877,0.0,0.6534322820037106
lfw_final,0.6228500228741846,0.0,0.6538033395176253
lfw_final,0.6226016626856097,0.0,0.6541743970315399
lfw_final,0.622518557999727,0.0,0.6545454545454545
lfw_final,0.6224051585512709,0.0,0.6549165120593692
lfw_final,0.6223935272327928,0.0,0.6552875695732838
lfw_final,0.6221968038276857,0.0,0.6556586270871985
lfw_final,0.622008070800339,0.0,0.6560296846011132
lfw_final,0.6219162267269966,0.0,0.6564007421150279
lfw_final,0.6218125262192705,0.0,0.6567717996289425
lfw_final,0.621706013657021,0.0,0.6571428571428571
lfw_final,0.6216880367407384,0.0,0.6575139146567718
lfw_final,0.621623528748179,0.0,0.6578849721706864
lfw_final,0.6215044610893161,0.0,0.6582560296846011
lfw_final,0.6212860045220758,0.0,0.6586270871985158
lfw_final,0.6210972096714159,0.0,0.6589981447124305
lfw_final,0.6210651715199865,0.0,0.6593692022263451
lfw_final,0.6209944151309408,0.0,0.6597402597402597
lfw_final,0.6206438756836563,0.0,0.6601113172541744
lfw_final,0.6206194690776845,0.0,0.660482374768089
lfw_final,0.6205310139546188,0.0,0.6608534322820037
lfw_final,0.6204730330515058,0.0,0.6612244897959184
lfw_final,0.6204626830867235,0.0,0.661595547309833
lfw_final,0.620439012112709,0.0,0.6619666048237477
lfw_final,0.6201762876940076,0.0,0.6623376623376623
lfw_final,0.6201240580339398,0.0,0.662708719851577
lfw_final,0.6198864748367825,0.0,0.6630797773654916
lfw_final,0.6197527697320862,0.0,0.6634508348794063
lfw_final,0.6197193521859268,0.0,0.663821892393321
lfw_final,0.6195285875387004,0.0,0.6641929499072357
lfw_final,0.6193504148132323,0.0,0.6645640074211503
lfw_final,0.619343220014588,0.0,0.6649350649350649
lfw_final,0.6192168929619377,0.0,0.6653061224489796
lfw_final,0.6190011649814317,0.0,0.6656771799628942
lfw_final,0.6189341678252214,0.0,0.6660482374768089
lfw_final,0.6188804348619965,0.0,0.6664192949907236
lfw_final,0.6186870474998672,0.0,0.6667903525046383
lfw_final,0.6181520590388163,0.0,0.6671614100185529
lfw_final,0.6181495048436153,0.0,0.6675324675324675
lfw_final,0.6181318164723669,0.0,0.6679035250463822
lfw_final,0.6180783309847759,0.0,0.6682745825602968
lfw_final,0.6180434449633707,0.0,0.6686456400742115
lfw_final,0.6179831938246247,0.0,0.6690166975881262
lfw_final,0.6175785307323857,0.0,0.6693877551020408
lfw_final,0.6174171786262718,0.0,0.6697588126159555
lfw_final,0.6172764092821569,0.0,0.6701298701298701
lfw_final,0.6171214471711866,0.0,0.6705009276437848
lfw_final,0.6170965929561332,0.0,0.6708719851576994
lfw_final,0.6166962318725914,0.0,0.671243042671614
lfw_final,0.6165841074812634,0.0,0.6716141001855288
lfw_final,0.6165469182857424,0.0,0.6719851576994434
lfw_final,0.6165211195527209,0.0,0.6723562152133581
lfw_final,0.6163765994802759,0.0,0.6727272727272727
lfw_final,0.6162792475027664,0.0,0.6730983302411874
lfw_final,0.6160460918543169,0.0,0.673469387755102
lfw_final,0.6160459761646463,0.0,0.6738404452690167
lfw_final,0.6160150252054523,0.0,0.6742115027829314
lfw_final,0.615958155599582,0.0,0.674582560296846
lfw_final,0.615892976599927,0.0,0.6749536178107607
lfw_final,0.6157868237736916,0.0,0.6753246753246753
lfw_final,0.6157311931891727,0.0,0.67569573283859
lfw_final,0.6157276837181167,0.0,0.6760667903525046
lfw_final,0.6156601467875319,0.0,0.6764378478664193
lfw_final,0.6155397161081864,0.0,0.676808905380334
lfw_final,0.6154193776209903,0.0,0.6771799628942486
lfw_final,0.6153315483278342,0.0,0.6775510204081633
lfw_final,0.6151403492024918,0.0,0.6779220779220779
lfw_final,0.6150749304628849,0.0,0.6782931354359926
lfw_final,0.6150684807325174,0.0,0.6786641929499072
lfw_final,0.6149439457374374,0.0,0.6790352504638218
lfw_final,0.6146918415196801,0.0,0.6794063079777366
lfw_final,0.6145182645868414,0.0,0.6797773654916512
lfw_final,0.6144433456288261,0.0,0.6801484230055659
lfw_final,0.6142597120766607,0.0,0.6805194805194805
lfw_final,0.614254215908148,0.0,0.6808905380333952
lfw_final,0.6140306850930137,0.0,0.6812615955473098
lfw_final,0.6138193725614133,0.0,0.6816326530612244
lfw_final,0.6137799169065791,0.0,0.6820037105751392
lfw_final,0.6137704567155899,0.0,0.6823747680890538
lfw_final,0.6137532403189119,0.0,0.6827458256029685
lfw_final,0.6135284220807917,0.0,0.6831168831168831
lfw_final,0.6133381316705119,0.0,0.6834879406307978
lfw_final,0.6133118382575758,0.0,0.6838589981447124
lfw_final,0.6132668677647735,0.0,0.684230055658627
lfw_final,0.6129228975438968,0.0,0.6846011131725418
lfw_final,0.6128417797981629,0.0,0.6849721706864564
lfw_final,0.612664470870431,0.0,0.6853432282003711
lfw_final,0.6125426668081364,0.0,0.6857142857142857
lfw_final,0.612516620031529,0.0,0.6860853432282004
lfw_final,0.6124675917192803,0.0,0.686456400742115
lfw_final,0.6122680612546059,0.0,0.6868274582560296
lfw_final,0.612247448063475,0.0,0.6871985157699444
lfw_final,0.6121610368971725,0.0,0.687569573283859
lfw_final,0.6119412478983184,0.0,0.6879406307977737
lfw_final,0.6117030546531773,0.0,0.6883116883116883
lfw_final,0.6116315675241552,0.0,0.688682745825603
lfw_final,0.6116200068100296,0.0,0.6890538033395176
lfw_final,0.6115493100557117,0.0,0.6894248608534322
lfw_final,0.6115443538338423,0.0,0.689795918367347
lfw_final,0.611368075347431,0.0,0.6901669758812616
lfw_final,0.6111526744343031,0.0,0.6905380333951763
lfw_final,0.611060711118505,0.0,0.6909090909090909
lfw_final,0.610952456238962,0.0,0.6912801484230056
lfw_final,0.6108898301521752,0.0,0.6916512059369202
lfw_final,0.6105927721631477,0.0,0.6920222634508348
lfw_final,0.6104592351786821,0.0,0.6923933209647495
lfw_final,0.6103938373468846,0.0,0.6927643784786642
lfw_final,0.6103744876122648,0.0,0.6931354359925789
lfw_final,0.6102643788206698,0.0,0.6935064935064935
lfw_final,0.6102315531260012,0.0,0.6938775510204082
lfw_final,0.6101766606471666,0.0,0.6942486085343228
lfw_final,0.6100627343804387,0.0,0.6946196660482374
lfw_final,0.6100572063256777,0.0,0.6949907235621521
lfw_final,0.6100404195831068,0.0,0.6953617810760668
lfw_final,0.6100389423638037,0.0,0.6957328385899815
lfw_final,0.6099971326365339,0.0,0.6961038961038961
lfw_final,0.6099517556618921,0.0,0.6964749536178108
lfw_final,0.6099163976730111,0.0,0.6968460111317254
lfw_final,0.6097937678184447,0.0,0.69721706864564
lfw_final,0.609617687789516,0.0,0.6975881261595547
lfw_final,0.6095156717540089,0.0,0.6979591836734694
lfw_final,0.6093831402282269,0.0,0.6983302411873841
lfw_final,0.6093794433419003,0.0,0.6987012987012987
lfw_final,0.609376946655885,0.0,0.6990723562152134
lfw_final,0.6093516649893138,0.0,0.699443413729128
lfw_final,0.6092114487575815,0.0,0.6998144712430426
lfw_final,0.6091643755791233,0.0,0.7001855287569573
lfw_final,0.6089908565341569,0.0,0.700556586270872
lfw_final,0.6089382033945978,0.0,0.7009276437847867
lfw_final,0.6088893386406532,0.0,0.7012987012987013
lfw_final,0.6088871956946166,0.0,0.701669758812616
lfw_final,0.6086156321742439,0.0,0.7020408163265306
lfw_final,0.6085765848273671,0.0,0.7024118738404452
lfw_final,0.6085202879393418,0.0,0.7027829313543599
lfw_final,0.6084674536812396,0.0,0.7031539888682746
lfw_final,0.6084419670092202,0.0,0.7035250463821893
lfw_final,0.6084152861341915,0.0,0.7038961038961039
lfw_final,0.6083642900617479,0.0,0.7042671614100185
lfw_final,0.6083224403496434,0.0,0.7046382189239332
lfw_final,0.6083040599099321,0.0,0.7050092764378478
lfw_final,0.6082827147501678,0.0,0.7053803339517625
lfw_final,0.608280415245517,0.0,0.7057513914656772
lfw_final,0.6082024594294339,0.0,0.7061224489795919
lfw_final,0.6080578922235446,0.0,0.7064935064935065
lfw_final,0.6080334296479263,0.0,0.7068645640074211
lfw_final,0.6078847592420139,0.0,0.7072356215213358
lfw_final,0.6077656452121087,0.0,0.7076066790352504
lfw_final,0.6077365155304769,0.0,0.7079777365491651
lfw_final,0.6077128099058502,0.0,0.7083487940630798
lfw_final,0.6076255461125428,0.0,0.7087198515769945
lfw_final,0.607570994999112,0.0,0.7090909090909091
lfw_final,0.6075135154611846,0.0,0.7094619666048237
lfw_final,0.6075019820711758,0.0,0.7098330241187384
lfw_final,0.607447447480596,0.0,0.710204081632653
lfw_final,0.607265044485506,0.0,0.7105751391465677
lfw_final,0.6071272932990744,0.0,0.7109461966604824
lfw_final,0.6070772677757484,0.0,0.7113172541743971
lfw_final,0.6069138050229415,0.0,0.7116883116883117
lfw_final,0.6067527320059505,0.0,0.7120593692022263
lfw_final,0.6066253173653164,0.0,0.712430426716141
lfw_final,0.6065275985297546,0.0,0.7128014842300556
lfw_final,0.6065228356855967,0.0,0.7131725417439703
lfw_final,0.6064888699964848,0.0,0.713543599257885
lfw_final,0.6063292579814739,0.0,0.7139146567717997
lfw_final,0.6062395063979096,0.0,0.7142857142857143
lfw_final,0.6061476183419007,0.0,0.7146567717996289
lfw_final,0.606065863877959,0.0,0.7150278293135436
lfw_final,0.6060152545917532,0.0,0.7153988868274582
lfw_final,0.6056003517128092,0.0,0.7157699443413729
lfw_final,0.6055788522600863,0.0,0.7161410018552876
lfw_final,0.6055630489615492,0.0,0.7165120593692023
lfw_final,0.6055259087659038,0.0,0.7168831168831169
lfw_final,0.6054147220605255,0.0,0.7172541743970315
lfw_final,0.6052361383909088,0.0,0.7176252319109462
lfw_final,0.6052073161160905,0.0,0.7179962894248608
lfw_final,0.6052044149603842,0.0,0.7183673469387755
lfw_final,0.6050588881995591,0.0,0.7187384044526902
lfw_final,0.605031118288215,0.0,0.7191094619666049
lfw_final,0.6049931904869466,0.0,0.7194805194805195
lfw_final,0.6049163218462109,0.0,0.7198515769944341
lfw_final,0.6046016982363273,0.0,0.7202226345083488
lfw_final,0.604561877804032,0.0,0.7205936920222634
lfw_final,0.6045522941529766,0.0,0.7209647495361781
lfw_final,0.6044575534024303,0.0,0.7213358070500928
lfw_final,0.6042917698622792,0.0,0.7217068645640075
lfw_final,0.6042442632657244,0.0,0.7220779220779221
lfw_final,0.604174980302476,0.0,0.7224489795918367
lfw_final,0.6041133386941352,0.0,0.7228200371057514
lfw_final,0.6035660072196358,0.0,0.723191094619666
lfw_final,0.6035351739099877,0.0,0.7235621521335807
lfw_final,0.6034460788920172,0.0,0.7239332096474954
lfw_final,0.6033902420397387,0.0,0.72430426716141
lfw_final,0.6033763423659797,0.0,0.7246753246753247
lfw_final,0.603313538526306,0.0,0.7250463821892393
lfw_final,0.603188611336247,0.0,0.725417439703154
lfw_final,0.6031568539215725,0.0,0.7257884972170686
lfw_final,0.6028614441736598,0.0,0.7261595547309833
lfw_final,0.6028378132371395,0.0,0.726530612244898
lfw_final,0.6027511310139378,0.0,0.7269016697588127
lfw_final,0.6025804099308172,0.0,0.7272727272727273
lfw_final,0.6023382581435623,0.0,0.7276437847866419
lfw_final,0.602275467524212,0.0,0.7280148423005566
lfw_final,0.6022527947174892,0.0,0.7283858998144712
lfw_final,0.6022063576708692,0.0,0.7287569573283859
lfw_final,0.6021839540153793,0.0,0.7291280148423006
lfw_final,0.6021511782744189,0.0,0.7294990723562153
lfw_final,0.6020542129101473,0.0,0.7298701298701299
lfw_final,0.6019767497336607,0.0,0.7302411873840445
lfw_final,0.6018519844417114,0.0,0.7306122448979592
lfw_final,0.6016632143353282,0.0,0.7309833024118738
lfw_final,0.6016455723808557,0.0,0.7313543599257885
lfw_final,0.601554956964967,0.0,0.7317254174397032
lfw_final,0.6014911224503142,0.0,0.7320964749536178
lfw_final,0.6012683703543554,0.0,0.7324675324675325
lfw_final,0.6008532028422571,0.0,0.7328385899814471
lfw_final,0.6007909639980504,0.0,0.7332096474953618
lfw_final,0.6007153400315671,0.0,0.7335807050092764
lfw_final,0.6001863940820773,0.0,0.733951762523191
lfw_final,0.6001819315118727,0.0,0.7343228200371058
lfw_final,0.6000016136712124,0.0,0.7346938775510204
lfw_final,0.5999388498744624,0.0,0.7350649350649351
lfw_final,0.5998708235016469,0.0,0.7354359925788497
lfw_final,0.5997828032776685,0.0,0.7358070500927644
lfw_final,0.5996692321301558,0.0,0.736178107606679
lfw_final,0.5994621591987117,0.0,0.7365491651205937
lfw_final,0.5993742308868262,0.0,0.7369202226345084
lfw_final,0.5990954633665337,0.0,0.737291280148423
lfw_final,0.599090006855747,0.0,0.7376623376623377
lfw_final,0.5990261577442271,0.0,0.7380333951762523
lfw_final,0.5989909228406114,0.0,0.738404452690167
lfw_final,0.5989480563291267,0.0,0.7387755102040816
lfw_final,0.5988925133780966,0.0,0.7391465677179963
lfw_final,0.598461340040843,0.0,0.7395176252319109
lfw_final,0.5982150066078218,0.0,0.7398886827458256
lfw_final,0.5980432006660658,0.0,0.7402597402597403
lfw_final,0.5980177929144718,0.0,0.7406307977736549
lfw_final,0.5973882543427177,0.0,0.7410018552875696
lfw_final,0.5972917535285743,0.0,0.7413729128014842
lfw_final,0.5971684423339141,0.0,0.7417439703153988
lfw_final,0.5970886851136504,0.0,0.7421150278293135
lfw_final,0.5969872686647913,0.0,0.7424860853432282
lfw_final,0.5969472842765258,0.0,0.7428571428571429
lfw_final,0.5968271063089226,0.0,0.7432282003710575
lfw_final,0.5966477149441747,0.0,0.7435992578849722
lfw_final,0.5966222106447864,0.0,0.7439703153988868
lfw_final,0.5964228527744619,0.0,0.7443413729128014
lfw_final,0.5960710706768727,0.0,0.7447124304267161
lfw_final,0.5959240664082393,0.0,0.7450834879406308
lfw_final,0.5956387270138688,0.0,0.7454545454545455
lfw_final,0.5950308068994781,0.0,0.7458256029684601
lfw_final,0.594959535275295,0.0,0.7461966604823748
lfw_final,0.5947570318415828,0.0,0.7465677179962894
lfw_final,0.5941184986198169,0.0,0.746938775510204
lfw_final,0.5940927590133042,0.0,0.7473098330241187
lfw_final,0.5940355933055254,0.0,0.7476808905380334
lfw_final,0.5937952220323036,0.0,0.7480519480519481
lfw_final,0.5937609251510705,0.0,0.7484230055658627
lfw_final,0.5936766943048685,0.0,0.7487940630797774
lfw_final,0.59348382545024,0.0,0.749165120593692
lfw_final,0.5933923167205781,0.0,0.7495361781076066
lfw_final,0.5932969300234743,0.0,0.7499072356215213
lfw_final,0.5929684356576642,0.0,0.750278293135436
lfw_final,0.5926739732356818,0.0,0.7506493506493507
lfw_final,0.5926614015891063,0.0,0.7510204081632653
lfw_final,0.592333644380086,0.0,0.75139146567718
lfw_final,0.5922093245746889,0.0,0.7517625231910946
lfw_final,0.5921783838328788,0.0,0.7521335807050092
lfw_final,0.5921547896551725,0.0,0.7525046382189239
lfw_final,0.5919757244759818,0.0,0.7528756957328386
lfw_final,0.5919422996295448,0.0,0.7532467532467533
lfw_final,0.5918706490829102,0.0,0.7536178107606679
lfw_final,0.5918376809702525,0.0,0.7539888682745826
lfw_final,0.591756424669271,0.0,0.7543599257884972
lfw_final,0.5917113523510318,0.0,0.7547309833024118
lfw_final,0.591431494273086,0.0,0.7551020408163265
lfw_final,0.5914304399184864,0.0,0.7554730983302412
lfw_final,0.5913574129695994,0.0,0.7558441558441559
lfw_final,0.5913150745984943,0.0,0.7562152133580705
lfw_final,0.5909308054714988,0.0,0.7565862708719852
lfw_final,0.5908946724311965,0.0,0.7569573283858998
lfw_final,0.5906410820012081,0.0,0.7573283858998144
lfw_final,0.5903697840198541,0.0,0.7576994434137291
lfw_final,0.590194894686532,0.0,0.7580705009276438
lfw_final,0.5901409568887167,0.0,0.7584415584415585
lfw_final,0.5901042203297632,0.0,0.7588126159554731
lfw_final,0.5900644679100941,0.0,0.7591836734693878
lfw_final,0.5897078926864561,0.0,0.7595547309833024
lfw_final,0.5897040433005702,0.0,0.759925788497217
lfw_final,0.5894964599030095,0.0,0.7602968460111317
lfw_final,0.5893990841335016,0.0,0.7606679035250464
lfw_final,0.5893328790040142,0.0,0.7610389610389611
lfw_final,0.5893252875430169,0.0,0.7614100185528757
lfw_final,0.589238434386337,0.0,0.7617810760667904
lfw_final,0.589214467650306,0.0,0.762152133580705
lfw_final,0.5891175166184138,0.0,0.7625231910946196
lfw_final,0.5890288151421544,0.0,0.7628942486085343
lfw_final,0.5887063752436006,0.0,0.763265306122449
lfw_final,0.5886684225078926,0.0,0.7636363636363637
lfw_final,0.5883585960564085,0.0,0.7640074211502783
lfw_final,0.5883297770666577,0.0,0.764378478664193
lfw_final,0.5882577732367322,0.0,0.7647495361781076
lfw_final,0.5881148615470185,0.0,0.7651205936920222
lfw_final,0.5879030000533936,0.0,0.7654916512059369
lfw_final,0.5878200809910199,0.0,0.7658627087198516
lfw_final,0.5877225489015205,0.0,0.7662337662337663
lfw_final,0.5872436499274312,0.0,0.7666048237476809
lfw_final,0.5869103463591675,0.0,0.7669758812615955
lfw_final,0.5867672473461725,0.0,0.7673469387755102
lfw_final,0.5865358459580068,0.0,0.7677179962894248
lfw_final,0.5863760634451803,0.0,0.7680890538033395
lfw_final,0.5860957167333175,0.0,0.7684601113172542
lfw_final,0.5860337607058331,0.0,0.7688311688311689
lfw_final,0.5857263200277592,0.0,0.7692022263450835
lfw_final,0.5856856014959174,0.0,0.7695732838589981
lfw_final,0.5856257200661645,0.0,0.7699443413729128
lfw_final,0.5854623380784973,0.0,0.7703153988868274
lfw_final,0.5853769334041882,0.0,0.7706864564007421
lfw_final,0.5852980587475712,0.0,0.7710575139146568
lfw_final,0.5852084569003172,0.0,0.7714285714285715
lfw_final,0.5852023414231448,0.0,0.7717996289424861
lfw_final,0.5851695433202805,0.0,0.7721706864564007
lfw_final,0.584873937501002,0.0,0.7725417439703154
lfw_final,0.5848252824466739,0.0,0.77291280148423
lfw_final,0.5844592945518917,0.0,0.7732838589981447
lfw_final,0.5840135684297113,0.0,0.7736549165120594
lfw_final,0.5839643667736185,0.0,0.7740259740259741
lfw_final,0.5839205289267139,0.0,0.7743970315398887
lfw_final,0.583896109793331,0.0,0.7747680890538033
lfw_final,0.5838366108934381,0.0,0.775139146567718
lfw_final,0.5838342507299996,0.0,0.7755102040816326
lfw_final,0.5838305150518057,0.0,0.7758812615955473
lfw_final,0.5838300792090304,0.0,0.776252319109462
lfw_final,0.5837410567640356,0.0,0.7766233766233767
lfw_final,0.5836388704451085,0.0,0.7769944341372913
lfw_final,0.5835569001117349,0.0,0.7773654916512059
lfw_final,0.5833621076981896,0.0,0.7777365491651206
lfw_final,0.5831777326387543,0.0,0.7781076066790352
lfw_final,0.5831468270138107,0.0,0.7784786641929499
lfw_final,0.5830724991469538,0.0,0.7788497217068646
lfw_final,0.5827640931349564,0.0,0.7792207792207793
lfw_final,0.5827548031871871,0.0,0.7795918367346939
lfw_final,0.5827194592070868,0.0,0.7799628942486085
lfw_final,0.5827113512940335,0.0,0.7803339517625232
lfw_final,0.5824600015976487,0.0,0.7807050092764378
lfw_final,0.5822272154082859,0.0,0.7810760667903525
lfw_final,0.5821893097572619,0.0,0.7814471243042672
lfw_final,0.5819875453297304,0.0,0.7818181818181819
lfw_final,0.5816771937309508,0.0,0.7821892393320965
lfw_final,0.581343318211421,0.0,0.7825602968460111
lfw_final,0.5812754631929812,0.0,0.7829313543599258
lfw_final,0.5812707242184372,0.0,0.7833024118738404
lfw_final,0.5812274019541641,0.0,0.7836734693877551
lfw_final,0.581208139790223,0.0,0.7840445269016698
lfw_final,0.581097802319635,0.0,0.7844155844155845
lfw_final,0.5809703804665414,0.0,0.7847866419294991
lfw_final,0.5808292470146145,0.0,0.7851576994434137
lfw_final,0.5806773281785966,0.0,0.7855287569573284
lfw_final,0.5804901416656775,0.0,0.785899814471243
lfw_final,0.5803267155200214,0.0,0.7862708719851577
lfw_final,0.580290448668896,0.0,0.7866419294990723
lfw_final,0.5802194042444319,0.0,0.787012987012987
lfw_final,0.5801519685632706,0.0,0.7873840445269017
lfw_final,0.5800453765809519,0.0,0.7877551020408163
lfw_final,0.5799364023599863,0.0,0.788126159554731
lfw_final,0.5799128548013791,0.0,0.7884972170686456
lfw_final,0.5796052274083773,0.0,0.7888682745825603
lfw_final,0.5795693839069456,0.0,0.7892393320964749
lfw_final,0.579321245911859,0.0,0.7896103896103897
lfw_final,0.5792944854069483,0.0,0.7899814471243043
lfw_final,0.5791690488714638,0.0,0.7903525046382189
lfw_final,0.57905455023612,0.0,0.7907235621521336
lfw_final,0.5785875512716934,0.0,0.7910946196660482
lfw_final,0.5782828096737301,0.0,0.7914656771799629
lfw_final,0.5782669524374721,0.0,0.7918367346938775
lfw_final,0.5781854205121195,0.0,0.7922077922077922
lfw_final,0.5781324955825805,0.0,0.7925788497217069
lfw_final,0.5780602963109873,0.0,0.7929499072356215
lfw_final,0.5779454549064978,0.0,0.7933209647495362
lfw_final,0.5778975330755292,0.0,0.7936920222634508
lfw_final,0.5776901096908847,0.0,0.7940630797773655
lfw_final,0.5775870010750853,0.0,0.7944341372912801
lfw_final,0.5768794284852564,0.0,0.7948051948051948
lfw_final,0.5768350905862092,0.0,0.7951762523191095
lfw_final,0.5768349370469711,0.0,0.7955473098330241
lfw_final,0.5766914389851374,0.0,0.7959183673469388
lfw_final,0.5766501552375507,0.0,0.7962894248608534
lfw_final,0.5765473541757574,0.0,0.796660482374768
lfw_final,0.5764104512276695,0.0,0.7970315398886827
lfw_final,0.5763225581047349,0.0,0.7974025974025974
lfw_final,0.5763195010101195,0.0,0.7977736549165121
lfw_final,0.576304230067777,0.0,0.7981447124304267
lfw_final,0.5762194277635064,0.0,0.7985157699443414
lfw_final,0.5761408369974688,0.0,0.798886827458256
lfw_final,0.5761337470980231,0.0,0.7992578849721707
lfw_final,0.5749062818187177,0.0,0.7996289424860853
lfw_final,0.5744324386620286,0.0,0.8
lfw_final,0.574383976695158,0.0,0.8003710575139147
lfw_final,0.5743217012051847,0.0,0.8007421150278293
lfw_final,0.5742044815856803,0.0,0.801113172541744
lfw_final,0.5741558294572402,0.0,0.8014842300556586
lfw_final,0.5741054806457515,0.0,0.8018552875695732
lfw_final,0.5740924664899143,0.0,0.8022263450834879
lfw_final,0.5738123845166688,0.0,0.8025974025974026
lfw_final,0.5735313211558158,0.0,0.8029684601113173
lfw_final,0.5734321106473312,0.0,0.8033395176252319
lfw_final,0.5734136313705853,0.0,0.8037105751391466
lfw_final,0.573176402148973,0.0,0.8040816326530612
lfw_final,0.5726798049735701,0.0,0.8044526901669758
lfw_final,0.5723291183095008,0.0,0.8048237476808905
lfw_final,0.5722164347004182,0.0,0.8051948051948052
lfw_final,0.5721864345117996,0.0,0.8055658627087199
lfw_final,0.5721544905573512,0.0,0.8059369202226345
lfw_final,0.571783818576095,0.0,0.8063079777365492
lfw_final,0.5716814933543276,0.0,0.8066790352504638
lfw_final,0.5715535637302593,0.0,0.8070500927643784
lfw_final,0.571414586587684,0.0,0.8074211502782931
lfw_final,0.5713961535915204,0.0,0.8077922077922078
lfw_final,0.5711480197268115,0.0,0.8081632653061225
lfw_final,0.5711435053403625,0.0,0.8085343228200371
lfw_final,0.5710998684355855,0.0,0.8089053803339518
lfw_final,0.5709782051320428,0.0,0.8092764378478664
lfw_final,0.570971770541559,0.0,0.809647495361781
lfw_final,0.5707218003292511,0.0,0.8100185528756957
lfw_final,0.5701333434061429,0.0,0.8103896103896104
lfw_final,0.5700426324028945,0.0,0.8107606679035251
lfw_final,0.5699050358004721,0.0,0.8111317254174397
lfw_final,0.5697451372050834,0.0,0.8115027829313544
lfw_final,0.5690174145538216,0.0,0.811873840445269
lfw_final,0.5689477789211433,0.0,0.8122448979591836
lfw_final,0.5684776807888848,0.0,0.8126159554730983
lfw_final,0.5684494605853929,0.0,0.812987012987013
lfw_final,0.5681898311598301,0.0,0.8133580705009277
lfw_final,0.5674684094547902,0.0,0.8137291280148423
lfw_final,0.5674024952600484,0.0,0.814100185528757
lfw_final,0.5672503135532027,0.0,0.8144712430426716
lfw_final,0.5672311912713169,0.0,0.8148423005565862
lfw_final,0.5665302527164553,0.0,0.8152133580705009
lfw_final,0.566469278279342,0.0,0.8155844155844156
lfw_final,0.5656466332663279,0.0,0.8159554730983303
lfw_final,0.5654623368180562,0.0,0.8163265306122449
lfw_final,0.5654409867223951,0.0,0.8166975881261596
lfw_final,0.5652014206348908,0.0,0.8170686456400742
lfw_final,0.5651650877663642,0.0,0.8174397031539888
lfw_final,0.5647089503987597,0.0,0.8178107606679035
lfw_final,0.5641889349589944,0.0,0.8181818181818182
lfw_final,0.5637146735973841,0.0,0.8185528756957329
lfw_final,0.563555297557935,0.0,0.8189239332096475
lfw_final,0.5635185572403814,0.0,0.8192949907235622
lfw_final,0.5631433156294898,0.0,0.8196660482374768
lfw_final,0.5630028492483304,0.0,0.8200371057513914
lfw_final,0.5626307696992033,0.0,0.8204081632653061
lfw_final,0.5625926185528918,0.0,0.8207792207792208
lfw_final,0.5613450626407347,0.0,0.8211502782931355
lfw_final,0.5610874426400946,0.0,0.8215213358070501
lfw_final,0.5610256900802565,0.0,0.8218923933209648
lfw_final,0.5609600866210875,0.0,0.8222634508348794
lfw_final,0.5607589115600301,0.0,0.822634508348794
lfw_final,0.5606938645476172,0.0,0.8230055658627087
lfw_final,0.5606663378052366,0.0,0.8233766233766234
lfw_final,0.5605254911931311,0.0,0.8237476808905381
lfw_final,0.560497664073087,0.0,0.8241187384044527
lfw_final,0.5603327672053731,0.0,0.8244897959183674
lfw_final,0.5600885910249892,0.0,0.824860853432282
lfw_final,0.560006232251369,0.0,0.8252319109461966
lfw_final,0.559960386957168,0.0,0.8256029684601113
lfw_final,0.5596475153357561,0.0,0.825974025974026
lfw_final,0.5591367267560378,0.0,0.8263450834879407
lfw_final,0.5590976102478082,0.0,0.8267161410018553
lfw_final,0.5587945552046052,0.0,0.82708719851577
lfw_final,0.5587657913576292,0.0,0.8274582560296846
lfw_final,0.5584335741391554,0.0,0.8278293135435992
lfw_final,0.5583905193567967,0.0,0.8282003710575139
lfw_final,0.5580759519105473,0.0,0.8285714285714286
lfw_final,0.5576522389568039,0.0,0.8289424860853433
lfw_final,0.5575585896379656,0.0,0.8293135435992579
lfw_final,0.5574933964786982,0.0,0.8296846011131725
lfw_final,0.5569328940602525,0.0,0.8300556586270872
lfw_final,0.5568070553711317,0.0,0.8304267161410018
lfw_final,0.5564763257448113,0.0,0.8307977736549165
lfw_final,0.5563075732996475,0.0,0.8311688311688312
lfw_final,0.5561888808950383,0.0,0.8315398886827459
lfw_final,0.5560532078941804,0.0,0.8319109461966605
lfw_final,0.5556172422405304,0.0,0.8322820037105751
lfw_final,0.5554108253969098,0.0,0.8326530612244898
lfw_final,0.5553390683024759,0.0,0.8330241187384044
lfw_final,0.5552512384273016,0.0,0.8333951762523191
lfw_final,0.5551620308712896,0.0,0.8337662337662337
lfw_final,0.555080877481169,0.0,0.8341372912801485
lfw_final,0.55506439702173,0.0,0.8345083487940631
lfw_final,0.5550160529257715,0.0,0.8348794063079777
lfw_final,0.5549971732025075,0.0,0.8352504638218924
lfw_final,0.5549497465478862,0.0,0.835621521335807
lfw_final,0.5548545659915786,0.0,0.8359925788497217
lfw_final,0.5546527743898625,0.0,0.8363636363636363
lfw_final,0.5543627253424936,0.0,0.8367346938775511
lfw_final,0.5540979321116304,0.0,0.8371057513914657
lfw_final,0.553927334694796,0.0,0.8374768089053803
lfw_final,0.5536551315451722,0.0,0.837847866419295
lfw_final,0.5526196840586932,0.0,0.8382189239332096
lfw_final,0.5524504533179291,0.0,0.8385899814471243
lfw_final,0.5521614021678016,0.0,0.8389610389610389
lfw_final,0.5521599782605959,0.0,0.8393320964749537
lfw_final,0.5520802300384061,0.0,0.8397031539888683
lfw_final,0.5520122599898875,0.0,0.8400742115027829
lfw_final,0.5517791227086328,0.0,0.8404452690166976
lfw_final,0.5517222721120213,0.0,0.8408163265306122
lfw_final,0.5516086830656709,0.0,0.8411873840445269
lfw_final,0.5514163101660732,0.0,0.8415584415584415
lfw_final,0.5510066161572638,0.0,0.8419294990723563
lfw_final,0.5508983196635293,0.0,0.8423005565862709
lfw_final,0.5505259574833535,0.0,0.8426716141001855
lfw_final,0.5503800854833863,0.0,0.8430426716141002
lfw_final,0.5503656876212569,0.0,0.8434137291280148
lfw_final,0.5493360972505418,0.0,0.8437847866419295
lfw_final,0.5493341561017479,0.0,0.8441558441558441
lfw_final,0.5490250372881623,0.0,0.8445269016697589
lfw_final,0.548949619803603,0.0,0.8448979591836735
lfw_final,0.5488924908364325,0.0,0.8452690166975881
lfw_final,0.5487306645627957,0.0,0.8456400742115028
lfw_final,0.5484492307587094,0.0,0.8460111317254174
lfw_final,0.5484168173195594,0.0,0.8463821892393321
lfw_final,0.5477880199255811,0.0,0.8467532467532467
lfw_final,0.5475879962257878,0.0,0.8471243042671615
lfw_final,0.547526133471743,0.0,0.8474953617810761
lfw_final,0.5475018681964111,0.0,0.8478664192949907
lfw_final,0.5474823008861307,0.0,0.8482374768089054
lfw_final,0.5473885182742898,0.0,0.84860853432282
lfw_final,0.5472233754064323,0.0,0.8489795918367347
lfw_final,0.5468965858769832,0.0,0.8493506493506493
lfw_final,0.5466266777771481,0.0,0.849721706864564
lfw_final,0.5464017444626826,0.0,0.8500927643784787
lfw_final,0.5461181820673658,0.0,0.8504638218923933
lfw_final,0.5458639620172261,0.0,0.850834879406308
lfw_final,0.5457312970865535,0.0,0.8512059369202226
lfw_final,0.5455845011184558,0.0,0.8515769944341373
lfw_final,0.5455413212292451,0.0,0.8519480519480519
lfw_final,0.5450594991569989,0.0,0.8523191094619667
lfw_final,0.5449558294865066,0.0,0.8526901669758813
lfw_final,0.5443375788265334,0.0,0.8530612244897959
lfw_final,0.5442476049349643,0.0,0.8534322820037106
lfw_final,0.5442354218319027,0.0,0.8538033395176252
lfw_final,0.5442235028319811,0.0,0.8541743970315399
lfw_final,0.544222770313932,0.0,0.8545454545454545
lfw_final,0.543870902918781,0.0,0.8549165120593692
lfw_final,0.5435516051730669,0.0,0.8552875695732839
lfw_final,0.5435190741046818,0.0,0.8556586270871985
lfw_final,0.5434474079071655,0.0,0.8560296846011132
lfw_final,0.5433711756154319,0.0,0.8564007421150278
lfw_final,0.5430432944764673,0.0,0.8567717996289425
lfw_final,0.542749990320708,0.0,0.8571428571428571
lfw_final,0.5425282113655744,0.0,0.8575139146567718
lfw_final,0.5415974204661101,0.0,0.8578849721706865
lfw_final,0.541487953878619,0.0,0.8582560296846011
lfw_final,0.5414461661252284,0.0,0.8586270871985158
lfw_final,0.5413445641698793,0.0,0.8589981447124304
lfw_final,0.5410397832403062,0.0,0.859369202226345
lfw_final,0.5408191874028973,0.0,0.8597402597402597
lfw_final,0.5407774275921928,0.0,0.8601113172541744
lfw_final,0.5406247481875756,0.0,0.8604823747680891
lfw_final,0.5404433476856202,0.0,0.8608534322820037
lfw_final,0.5400746227932662,0.0,0.8612244897959184
lfw_final,0.539527481560194,0.0,0.861595547309833
lfw_final,0.539434836807754,0.0,0.8619666048237477
lfw_final,0.5393134707933246,0.0,0.8623376623376623
lfw_final,0.5388928703324055,0.0,0.862708719851577
lfw_final,0.5387235566070846,0.0,0.8630797773654917
lfw_final,0.5386284084334064,0.0,0.8634508348794063
lfw_final,0.5380129549631716,0.0,0.863821892393321
lfw_final,0.537884620300217,0.0,0.8641929499072356
lfw_final,0.5377758939079487,0.0,0.8645640074211502
lfw_final,0.5377679156676503,0.0,0.8649350649350649
lfw_final,0.537453304696575,0.0,0.8653061224489796
lfw_final,0.5373896194649027,0.0,0.8656771799628943
lfw_final,0.5370409255804592,0.0,0.8660482374768089
lfw_final,0.5370129357956595,0.0,0.8664192949907236
lfw_final,0.5369229452241847,0.0,0.8667903525046382
lfw_final,0.5363972420635316,0.0,0.8671614100185528
lfw_final,0.5354200928466816,0.0,0.8675324675324675
lfw_final,0.5353178353821294,0.0,0.8679035250463822
lfw_final,0.5350715480278861,0.0,0.8682745825602969
lfw_final,0.5347662476059657,0.0,0.8686456400742115
lfw_final,0.5338432505807549,0.0,0.8690166975881262
lfw_final,0.5335563416077669,0.0,0.8693877551020408
lfw_final,0.5335446993990554,0.0,0.8697588126159554
lfw_final,0.5334323243606643,0.0,0.8701298701298701
lfw_final,0.533414921340126,0.0,0.8705009276437848
lfw_final,0.5330539359905264,0.0,0.8708719851576995
lfw_final,0.5328847025614062,0.0,0.8712430426716141
lfw_final,0.5324046562667986,0.0,0.8716141001855288
lfw_final,0.532304090894185,0.0,0.8719851576994434
lfw_final,0.5321331801814594,0.0,0.872356215213358
lfw_final,0.5319296712325889,0.0,0.8727272727272727
lfw_final,0.5318495774420923,0.0,0.8730983302411874
lfw_final,0.5311803695888496,0.0,0.8734693877551021
lfw_final,0.531159004525221,0.0,0.8738404452690167
lfw_final,0.5307168611586193,0.0,0.8742115027829314
lfw_final,0.5305097710427767,0.0,0.874582560296846
lfw_final,0.5303114663632356,0.0,0.8749536178107606
lfw_final,0.5302944691652512,0.0,0.8753246753246753
lfw_final,0.5299578350717885,0.0,0.87569573283859
lfw_final,0.5296374727146376,0.0,0.8760667903525047
lfw_final,0.5295686592518973,0.0,0.8764378478664193
lfw_final,0.5289997702007894,0.0,0.876808905380334
lfw_final,0.5288156177146294,0.0,0.8771799628942486
lfw_final,0.528785386521842,0.0,0.8775510204081632
lfw_final,0.5281512798731964,0.0,0.8779220779220779
lfw_final,0.527923123614305,0.0,0.8782931354359926
lfw_final,0.5278352246330591,0.0,0.8786641929499073
lfw_final,0.5276973144041197,0.0,0.8790352504638219
lfw_final,0.5275378709864097,0.0,0.8794063079777366
lfw_final,0.527433254285471,0.0,0.8797773654916512
lfw_final,0.5273393764101664,0.0,0.8801484230055658
lfw_final,0.5271871101993777,0.0,0.8805194805194805
lfw_final,0.5271189252682528,0.0,0.8808905380333952
lfw_final,0.526713605394946,0.0,0.8812615955473099
lfw_final,0.5264802503994155,0.0,0.8816326530612245
lfw_final,0.5264392103290751,0.0,0.8820037105751392
lfw_final,0.5257243217282532,0.0,0.8823747680890538
lfw_final,0.525597638842466,0.0,0.8827458256029684
lfw_final,0.525594218280574,0.0,0.8831168831168831
lfw_final,0.525555004545074,0.0,0.8834879406307977
lfw_final,0.525147184928629,0.0,0.8838589981447125
lfw_final,0.5245159986292631,0.0,0.8842300556586271
lfw_final,0.5244136085463098,0.0,0.8846011131725418
lfw_final,0.5241753258201822,0.0,0.8849721706864564
lfw_final,0.5241746046338791,0.0,0.885343228200371
lfw_final,0.5234874593641692,0.0,0.8857142857142857
lfw_final,0.522969265772744,0.0,0.8860853432282003
lfw_final,0.5229559760291862,0.0,0.8864564007421151
lfw_final,0.5229313322881025,0.0,0.8868274582560297
lfw_final,0.5227938962229473,0.0,0.8871985157699444
lfw_final,0.5226805329103035,0.0,0.887569573283859
lfw_final,0.5224862732611154,0.0,0.8879406307977736
lfw_final,0.5224563537833634,0.0,0.8883116883116883
lfw_final,0.5223668147971063,0.0,0.8886827458256029
lfw_final,0.5212434393251631,0.0,0.8890538033395177
lfw_final,0.5209778038005177,0.0,0.8894248608534323
lfw_final,0.5209601389747156,0.0,0.889795918367347
lfw_final,0.520723959943929,0.0,0.8901669758812616
lfw_final,0.5205080861139707,0.0,0.8905380333951762
lfw_final,0.5204190581259094,0.0,0.8909090909090909
lfw_final,0.5195095912042589,0.0,0.8912801484230055
lfw_final,0.5181785239816693,0.0,0.8916512059369203
lfw_final,0.518084749482741,0.0,0.8920222634508349
lfw_final,0.5179492220833075,0.0,0.8923933209647495
lfw_final,0.5176552643644805,0.0,0.8927643784786642
lfw_final,0.5170582603075663,0.0,0.8931354359925788
lfw_final,0.5167060368327714,0.0,0.8935064935064935
lfw_final,0.516669039142115,0.0,0.8938775510204081
lfw_final,0.5161124401037203,0.0,0.8942486085343229
lfw_final,0.5159459563276831,0.0,0.8946196660482375
lfw_final,0.5158254640544742,0.0,0.8949907235621521
lfw_final,0.5156764729345117,0.0,0.8953617810760668
lfw_final,0.5152720199319433,0.0,0.8957328385899814
lfw_final,0.5152115268438231,0.0,0.8961038961038961
lfw_final,0.5147952155124222,0.0,0.8964749536178107
lfw_final,0.5140228030922488,0.0,0.8968460111317255
lfw_final,0.5138679748510749,0.0,0.8972170686456401
lfw_final,0.5136905024282858,0.0,0.8975881261595547
lfw_final,0.5136456163699231,0.0,0.8979591836734694
lfw_final,0.5131849164539279,0.0,0.898330241187384
lfw_final,0.5127696785779179,0.0,0.8987012987012987
lfw_final,0.5126923445499051,0.0,0.8990723562152133
lfw_final,0.5124955232019082,0.0,0.8994434137291281
lfw_final,0.5124440725668159,0.0,0.8998144712430427
lfw_final,0.5122701789206975,0.0,0.9001855287569573
lfw_final,0.5122361688777312,0.0,0.900556586270872
lfw_final,0.5115257035888126,0.0,0.9009276437847866
lfw_final,0.5115013375915419,0.0,0.9012987012987013
lfw_final,0.5114641171428302,0.0,0.9016697588126159
lfw_final,0.5114157071422926,0.0,0.9020408163265307
lfw_final,0.5110327772450036,0.0,0.9024118738404453
lfw_final,0.5110024250729757,0.0,0.9027829313543599
lfw_final,0.5108583536599813,0.0,0.9031539888682746
lfw_final,0.5103649430428707,0.0,0.9035250463821892
lfw_final,0.5099752674899264,0.0,0.9038961038961039
lfw_final,0.5098013978953225,0.0,0.9042671614100185
lfw_final,0.509668296194762,0.0,0.9046382189239333
lfw_final,0.5094331157895516,0.0,0.9050092764378479
lfw_final,0.5092136351188805,0.0,0.9053803339517625
lfw_final,0.5089695144328913,0.0,0.9057513914656772
lfw_final,0.5089497586557981,0.0,0.9061224489795918
lfw_final,0.5088119643883727,0.0,0.9064935064935065
lfw_final,0.5087896517464369,0.0,0.9068645640074211
lfw_final,0.508611762745796,0.0,0.9072356215213359
lfw_final,0.5084774251571542,0.0,0.9076066790352505
lfw_final,0.507982829438051,0.0,0.9079777365491651
lfw_final,0.5078255134598343,0.0,0.9083487940630798
lfw_final,0.5075396553604068,0.0,0.9087198515769944
lfw_final,0.5073683650320965,0.0,0.9090909090909091
lfw_final,0.5070017312248627,0.0,0.9094619666048237
lfw_final,0.5067186873372831,0.0,0.9098330241187385
lfw_final,0.5067136692600617,0.0,0.9102040816326531
lfw_final,0.5065794814794435,0.0,0.9105751391465677
lfw_final,0.5061812828485318,0.0,0.9109461966604824
lfw_final,0.5060460955455022,0.0,0.911317254174397
lfw_final,0.5056640415853099,0.0,0.9116883116883117
lfw_final,0.5056462944803697,0.0,0.9120593692022263
lfw_final,0.5056101476137655,0.0,0.912430426716141
lfw_final,0.5055745554980371,0.0,0.9128014842300557
lfw_final,0.5055018611352596,0.0,0.9131725417439703
lfw_final,0.5048647197120953,0.0,0.913543599257885
lfw_final,0.5043742116116602,0.0,0.9139146567717996
lfw_final,0.5043458795067973,0.0,0.9142857142857143
lfw_final,0.5042074684646007,0.0,0.9146567717996289
lfw_final,0.5041977263406359,0.0,0.9150278293135437
lfw_final,0.5041772724869668,0.0,0.9153988868274583
lfw_final,0.503520152738006,0.0,0.9157699443413729
lfw_final,0.5033442642919608,0.0,0.9161410018552876
lfw_final,0.5033401765188766,0.0,0.9165120593692022
lfw_final,0.503071227154381,0.0,0.9168831168831169
lfw_final,0.5030135478689921,0.0,0.9172541743970315
lfw_final,0.5029875853066188,0.0,0.9176252319109462
lfw_final,0.502722252792969,0.0,0.9179962894248609
lfw_final,0.5025812666051666,0.0,0.9183673469387755
lfw_final,0.5024162471082593,0.0,0.9187384044526902
lfw_final,0.5019516192697313,0.0,0.9191094619666048
lfw_final,0.5019220900514654,0.0,0.9194805194805195
lfw_final,0.5017555215345386,0.0,0.9198515769944341
lfw_final,0.501718988522913,0.0,0.9202226345083488
lfw_final,0.5015884075840942,0.0,0.9205936920222635
lfw_final,0.5014702871952688,0.0,0.9209647495361781
lfw_final,0.5007759145731518,0.0,0.9213358070500928
lfw_final,0.5007133308742593,0.0,0.9217068645640074
lfw_final,0.5003611435406361,0.0,0.922077922077922
lfw_final,0.5003231741366817,0.0,0.9224489795918367
lfw_final,0.49920747963333784,0.0,0.9228200371057514
lfw_final,0.49920740449649553,0.0,0.9231910946196661
lfw_final,0.4990554857863034,0.0,0.9235621521335807
lfw_final,0.49886400397677977,0.0,0.9239332096474954
lfw_final,0.49867142209914916,0.0,0.92430426716141
lfw_final,0.49769670016332695,0.0,0.9246753246753247
lfw_final,0.4973970535168396,0.0,0.9250463821892393
lfw_final,0.4969552966974302,0.0,0.925417439703154
lfw_final,0.4965658578672399,0.0,0.9257884972170687
lfw_final,0.49566908448070146,0.0,0.9261595547309833
lfw_final,0.4953814873008969,0.0,0.926530612244898
lfw_final,0.49506583753234296,0.0,0.9269016697588126
lfw_final,0.4948541809556554,0.0,0.9272727272727272
lfw_final,0.4946747906551569,0.0,0.9276437847866419
lfw_final,0.4942527536141661,0.0,0.9280148423005566
lfw_final,0.4941729640878094,0.0,0.9283858998144713
lfw_final,0.49369106083724984,0.0,0.9287569573283859
lfw_final,0.493437650537375,0.0,0.9291280148423006
lfw_final,0.4931733909945117,0.0,0.9294990723562152
lfw_final,0.4926889884911447,0.0,0.9298701298701298
lfw_final,0.492683266919234,0.0,0.9302411873840445
lfw_final,0.4923910452442855,0.0,0.9306122448979591
lfw_final,0.492097683344096,0.0,0.9309833024118739
lfw_final,0.49193347163745876,0.0,0.9313543599257885
lfw_final,0.49028834721790904,0.0,0.9317254174397032
lfw_final,0.4894233055263525,0.0,0.9320964749536178
lfw_final,0.48923956274071617,0.0,0.9324675324675324
lfw_final,0.4875894941689612,0.0,0.9328385899814471
lfw_final,0.4875675089762495,0.0,0.9332096474953617
lfw_final,0.4874486760946072,0.0,0.9335807050092765
lfw_final,0.4858364906141528,0.0,0.9339517625231911
lfw_final,0.48542038016337274,0.0,0.9343228200371058
lfw_final,0.48536899361773456,0.0,0.9346938775510204
lfw_final,0.4844113640528777,0.0,0.935064935064935
lfw_final,0.48431080598208653,0.0,0.9354359925788497
lfw_final,0.4841381721188346,0.0,0.9358070500927643
lfw_final,0.482478640931625,0.0,0.9361781076066791
lfw_final,0.48217691574566285,0.0,0.9365491651205937
lfw_final,0.4815751703880903,0.0,0.9369202226345084
lfw_final,0.48060304721667774,0.0,0.937291280148423
lfw_final,0.47975362162705243,0.0,0.9376623376623376
lfw_final,0.47953250668877506,0.0,0.9380333951762523
lfw_final,0.47850583664033625,0.0,0.9384044526901669
lfw_final,0.4756943927828887,0.0,0.9387755102040817
lfw_final,0.475295824416487,0.0,0.9391465677179963
lfw_final,0.47523722923667955,0.0,0.939517625231911
lfw_final,0.47415838072714445,0.0,0.9398886827458256
lfw_final,0.4733133045536662,0.0,0.9402597402597402
lfw_final,0.4732800390633195,0.0,0.9406307977736549
lfw_final,0.4709154580006734,0.0,0.9410018552875695
lfw_final,0.47070793300789376,0.0,0.9413729128014843
lfw_final,0.4706582846319903,0.0,0.9417439703153989
lfw_final,0.4704117795822034,0.0,0.9421150278293136
lfw_final,0.469991516581925,0.0,0.9424860853432282
lfw_final,0.469154556262192,0.0,0.9428571428571428
lfw_final,0.4685067970146174,0.0,0.9432282003710575
lfw_final,0.468091187076447,0.0,0.9435992578849721
lfw_final,0.46760232374513644,0.0,0.9439703153988869
lfw_final,0.46728863089014816,0.0,0.9443413729128015
lfw_final,0.46684143347961427,0.0,0.9447124304267162
lfw_final,0.46662568769426266,0.0,0.9450834879406308
lfw_final,0.4661442525882487,0.0,0.9454545454545454
lfw_final,0.4658640030744769,0.0,0.9458256029684601
lfw_final,0.4651306220979468,0.0,0.9461966604823747
lfw_final,0.4641605542084613,0.0,0.9465677179962895
lfw_final,0.46349129254093263,0.0,0.9469387755102041
lfw_final,0.4634570174070389,0.0,0.9473098330241188
lfw_final,0.4625153506169711,0.0,0.9476808905380334
lfw_final,0.46244538041756683,0.0,0.948051948051948
lfw_final,0.4619865760850686,0.0,0.9484230055658627
lfw_final,0.4605482218075064,0.0,0.9487940630797773
lfw_final,0.45993897784088433,0.0,0.9491651205936921
lfw_final,0.4594988812526553,0.0,0.9495361781076067
lfw_final,0.45886821103665226,0.0,0.9499072356215214
lfw_final,0.4587352643943554,0.0,0.950278293135436
lfw_final,0.4576534699930847,0.0,0.9506493506493506
lfw_final,0.4575256113258346,0.0,0.9510204081632653
lfw_final,0.4575125781002678,0.0,0.9513914656771799
lfw_final,0.45693428432067984,0.0,0.9517625231910947
lfw_final,0.4569153400038602,0.0,0.9521335807050093
lfw_final,0.45676722950555065,0.0,0.952504638218924
lfw_final,0.45629294983692137,0.0,0.9528756957328386
lfw_final,0.45615037930310937,0.0,0.9532467532467532
lfw_final,0.4543858268989586,0.0,0.9536178107606679
lfw_final,0.4542835794589871,0.0,0.9539888682745825
lfw_final,0.4527959543042478,0.0,0.9543599257884973
lfw_final,0.4517220653719962,0.0,0.9547309833024119
lfw_final,0.4512899575418126,0.0,0.9551020408163265
lfw_final,0.4497194583190331,0.0,0.9554730983302412
lfw_final,0.44918014086107433,0.0,0.9558441558441558
lfw_final,0.4488071255362961,0.0,0.9562152133580705
lfw_final,0.4487650108956289,0.0,0.9565862708719851
lfw_final,0.4486130890952253,0.0,0.9569573283858999
lfw_final,0.448177390708112,0.0,0.9573283858998145
lfw_final,0.4461648042580305,0.0,0.9576994434137291
lfw_final,0.44604647540240516,0.0,0.9580705009276438
lfw_final,0.4458890998030837,0.0,0.9584415584415584
lfw_final,0.4452526419774074,0.0,0.9588126159554731
lfw_final,0.4443852844762535,0.0,0.9591836734693877
lfw_final,0.4443161572331965,0.0,0.9595547309833025
lfw_final,0.4431893791926198,0.0,0.9599257884972171
lfw_final,0.44249425867473907,0.0,0.9602968460111317
lfw_final,0.4423380833054187,0.0,0.9606679035250464
lfw_final,0.44183612572087894,0.0,0.961038961038961
lfw_final,0.4412224430371327,0.0,0.9614100185528757
lfw_final,0.44103535288042883,0.0,0.9617810760667903
lfw_final,0.44079015421113565,0.0,0.9621521335807051
lfw_final,0.44032953706857225,0.0,0.9625231910946197
lfw_final,0.4393520159983734,0.0,0.9628942486085343
lfw_final,0.43883016789235474,0.0,0.963265306122449
lfw_final,0.43789295551020646,0.0,0.9636363636363636
lfw_final,0.4370453867941787,0.0,0.9640074211502783
lfw_final,0.4365172211577112,0.0,0.9643784786641929
lfw_final,0.435105474282176,0.0,0.9647495361781077
lfw_final,0.4350332148585622,0.0,0.9651205936920223
lfw_final,0.4299102189046888,0.0,0.9654916512059369
lfw_final,0.4295155401719553,0.0,0.9658627087198516
lfw_final,0.42904797699339475,0.0,0.9662337662337662
lfw_final,0.4286347651229767,0.0,0.9666048237476809
lfw_final,0.4258803339823328,0.0,0.9669758812615955
lfw_final,0.42187768385904995,0.0,0.9673469387755103
lfw_final,0.420999649356242,0.0,0.9677179962894249
lfw_final,0.42059391915351707,0.0,0.9680890538033395
lfw_final,0.41972081631418034,0.0,0.9684601113172542
lfw_final,0.41969015274461163,0.0,0.9688311688311688
lfw_final,0.41812133877098046,0.0,0.9692022263450835
lfw_final,0.4155234378312336,0.0,0.9695732838589981
lfw_final,0.4146934910585771,0.0,0.9699443413729129
lfw_final,0.4139337556564332,0.0,0.9703153988868275
lfw_final,0.41276060237536816,0.0,0.9706864564007421
lfw_final,0.41238194367694186,0.0,0.9710575139146568
lfw_final,0.4121445253526363,0.0003698224852071006,0.9710575139146568
lfw_final,0.41138456847153343,0.0003698224852071006,0.9714285714285714
lfw_final,0.40624544094700293,0.0003698224852071006,0.9717996289424861
lfw_final,0.40505373772941566,0.0003698224852071006,0.9721706864564007
lfw_final,0.40480534807826996,0.0003698224852071006,0.9725417439703155
lfw_final,0.4032663556877196,0.0003698224852071006,0.9729128014842301
lfw_final,0.4026806089032763,0.0003698224852071006,0.9732838589981447
lfw_final,0.40162830384966114,0.0003698224852071006,0.9736549165120594
lfw_final,0.40126296652234617,0.0003698224852071006,0.974025974025974
lfw_final,0.39967162903859893,0.0003698224852071006,0.9743970315398887
lfw_final,0.3986892212380333,0.0003698224852071006,0.9747680890538033
lfw_final,0.39808073457583715,0.0003698224852071006,0.975139146567718
lfw_final,0.3962949167074295,0.0003698224852071006,0.9755102040816327
lfw_final,0.39524930605761477,0.0003698224852071006,0.9758812615955473
lfw_final,0.3936012285661201,0.0003698224852071006,0.976252319109462
lfw_final,0.3930737029218844,0.0003698224852071006,0.9766233766233766
lfw_final,0.39229449973565,0.0003698224852071006,0.9769944341372913
lfw_final,0.3899904250188311,0.0003698224852071006,0.9773654916512059
lfw_final,0.3892879807792825,0.0003698224852071006,0.9777365491651205
lfw_final,0.3881380916466439,0.0003698224852071006,0.9781076066790353
lfw_final,0.38668989027452316,0.0003698224852071006,0.9784786641929499
lfw_final,0.38656522981696706,0.0003698224852071006,0.9788497217068646
lfw_final,0.38601817104916836,0.0003698224852071006,0.9792207792207792
lfw_final,0.38310647350159716,0.0003698224852071006,0.9795918367346939
lfw_final,0.38272991681439666,0.0003698224852071006,0.9799628942486085
lfw_final,0.37996025262656086,0.0003698224852071006,0.9803339517625231
lfw_final,0.37995691251867414,0.0003698224852071006,0.9807050092764379
lfw_final,0.37832130013334686,0.0003698224852071006,0.9810760667903525
lfw_final,0.3781518246510278,0.0003698224852071006,0.9814471243042672
lfw_final,0.37573624692326846,0.0003698224852071006,0.9818181818181818
lfw_final,0.3729152411517511,0.0003698224852071006,0.9821892393320965
lfw_final,0.3706840644744878,0.0003698224852071006,0.9825602968460111
lfw_final,0.368651536441199,0.0007396449704142012,0.9825602968460111
lfw_final,0.3685936485939294,0.0011094674556213018,0.9825602968460111
lfw_final,0.3680208115859169,0.0011094674556213018,0.9829313543599257
lfw_final,0.3569246728772748,0.0011094674556213018,0.9833024118738405
lfw_final,0.3557413089890196,0.0011094674556213018,0.9836734693877551
lfw_final,0.35287518948597796,0.0011094674556213018,0.9840445269016698
lfw_final,0.35125625801318455,0.0011094674556213018,0.9844155844155844
lfw_final,0.3510162039430375,0.0014792899408284023,0.9844155844155844
lfw_final,0.3498286181397341,0.0014792899408284023,0.984786641929499
lfw_final,0.34958330670680143,0.0014792899408284023,0.9851576994434137
lfw_final,0.3489103652418866,0.0014792899408284023,0.9855287569573283
lfw_final,0.34771982846362004,0.0018491124260355029,0.9855287569573283
lfw_final,0.34595138536725095,0.0018491124260355029,0.9858998144712431
lfw_final,0.3453228676309438,0.0018491124260355029,0.9862708719851577
lfw_final,0.34483797156339685,0.0018491124260355029,0.9866419294990724
lfw_final,0.340289655847164,0.0018491124260355029,0.987012987012987
lfw_final,0.33970115408669627,0.0018491124260355029,0.9873840445269016
lfw_final,0.33858369432163526,0.0022189349112426036,0.9873840445269016
lfw_final,0.3371937650108504,0.0022189349112426036,0.9877551020408163
lfw_final,0.33606698565013765,0.0022189349112426036,0.9881261595547309
lfw_final,0.3359875893862084,0.0022189349112426036,0.9884972170686457
lfw_final,0.33597901295348714,0.0022189349112426036,0.9888682745825603
lfw_final,0.33346349236923706,0.0025887573964497044,0.9888682745825603
lfw_final,0.33315559751498475,0.0029585798816568047,0.9888682745825603
lfw_final,0.33241407110253385,0.0029585798816568047,0.989239332096475
lfw_final,0.3241419395100512,0.0029585798816568047,0.9896103896103896
lfw_final,0.3215351453225684,0.0033284023668639054,0.9896103896103896
lfw_final,0.3183710698144914,0.0033284023668639054,0.9899814471243042
lfw_final,0.31740801103294264,0.0036982248520710057,0.9899814471243042
lfw_final,0.3149766305785582,0.0040680473372781065,0.9899814471243042
lfw_final,0.31260783096782496,0.004437869822485207,0.9899814471243042
lfw_final,0.3121206880458915,0.004437869822485207,0.9903525046382189
lfw_final,0.30997818811911826,0.004807692307692308,0.9903525046382189
lfw_final,0.30922804667964693,0.005177514792899409,0.9903525046382189
lfw_final,0.3053935235292554,0.005547337278106509,0.9903525046382189
lfw_final,0.3053614491679279,0.005917159763313609,0.9903525046382189
lfw_final,0.3053429285047487,0.005917159763313609,0.9907235621521335
lfw_final,0.30529989924032525,0.00628698224852071,0.9907235621521335
lfw_final,0.30488958897227847,0.006656804733727811,0.9907235621521335
lfw_final,0.30419335658583374,0.0070266272189349116,0.9907235621521335
lfw_final,0.3040344422507519,0.0070266272189349116,0.9910946196660483
lfw_final,0.3040230336293573,0.0073964497041420114,0.9910946196660483
lfw_final,0.3037397555597628,0.0073964497041420114,0.9914656771799629
lfw_final,0.302794002504641,0.0073964497041420114,0.9918367346938776
lfw_final,0.3024888657886106,0.0073964497041420114,0.9922077922077922
lfw_final,0.30246535290970683,0.007766272189349112,0.9922077922077922
lfw_final,0.2960848122759994,0.007766272189349112,0.9925788497217068
lfw_final,0.29518155886791936,0.008136094674556213,0.9925788497217068
lfw_final,0.29457636008653193,0.008505917159763314,0.9925788497217068
lfw_final,0.2939150372504591,0.008875739644970414,0.9925788497217068
lfw_final,0.29275787386795693,0.009245562130177515,0.9925788497217068
lfw_final,0.2924730830016983,0.009615384615384616,0.9925788497217068
lfw_final,0.2908444356602249,0.009985207100591717,0.9925788497217068
lfw_final,0.2892739077885173,0.010355029585798817,0.9925788497217068
lfw_final,0.28835536175322085,0.010724852071005916,0.9925788497217068
lfw_final,0.2880802402287566,0.011094674556213017,0.9925788497217068
lfw_final,0.28756436618603626,0.011464497041420118,0.9925788497217068
lfw_final,0.28729998126051337,0.011834319526627219,0.9925788497217068
lfw_final,0.2867003624970146,0.01220414201183432,0.9925788497217068
lfw_final,0.2865608653519189,0.01257396449704142,0.9925788497217068
lfw_final,0.2862570934668272,0.012943786982248521,0.9925788497217068
lfw_final,0.28427972061163814,0.013313609467455622,0.9925788497217068
lfw_final,0.2842170755537467,0.013683431952662722,0.9925788497217068
lfw_final,0.2833557065178991,0.014053254437869823,0.9925788497217068
lfw_final,0.28283113942084726,0.014053254437869823,0.9929499072356215
lfw_final,0.282790548240871,0.014423076923076924,0.9929499072356215
lfw_final,0.28261698600692825,0.014792899408284023,0.9929499072356215
lfw_final,0.2823351102103763,0.015162721893491124,0.9929499072356215
lfw_final,0.28146220173350067,0.015532544378698224,0.9929499072356215
lfw_final,0.2803527184599763,0.015902366863905327,0.9929499072356215
lfw_final,0.2791077700405211,0.015902366863905327,0.9933209647495361
lfw_final,0.27873922906807364,0.016272189349112426,0.9933209647495361
lfw_final,0.2760542073428715,0.016272189349112426,0.9936920222634509
lfw_final,0.27603370998968235,0.01664201183431953,0.9936920222634509
lfw_final,0.2758486501621653,0.017011834319526627,0.9936920222634509
lfw_final,0.27538083631820104,0.017381656804733726,0.9936920222634509
lfw_final,0.2746293854775323,0.017381656804733726,0.9940630797773655
lfw_final,0.27419481989129596,0.01775147928994083,0.9940630797773655
lfw_final,0.27379402553881277,0.018121301775147928,0.9940630797773655
lfw_final,0.2730999977996697,0.018121301775147928,0.9944341372912802
lfw_final,0.27219099559026366,0.01849112426035503,0.9944341372912802
lfw_final,0.27208381924538505,0.01886094674556213,0.9944341372912802
lfw_final,0.271718182986456,0.019230769230769232,0.9944341372912802
lfw_final,0.2711224645832922,0.01960059171597633,0.9944341372912802
lfw_final,0.2707620585163436,0.019970414201183433,0.9944341372912802
lfw_final,0.2695727868911916,0.020340236686390532,0.9944341372912802
lfw_final,0.2693898993057203,0.020710059171597635,0.9944341372912802
lfw_final,0.269178233641868,0.021079881656804734,0.9944341372912802
lfw_final,0.26582332651150564,0.021449704142011833,0.9944341372912802
lfw_final,0.26565127270949845,0.021819526627218935,0.9944341372912802
lfw_final,0.2656356303549784,0.022189349112426034,0.9944341372912802
lfw_final,0.2652126923695541,0.022559171597633137,0.9944341372912802
lfw_final,0.2640008362084401,0.022928994082840236,0.9944341372912802
lfw_final,0.2635800038379438,0.02329881656804734,0.9944341372912802
lfw_final,0.2632039205189164,0.023668639053254437,0.9944341372912802
lfw_final,0.2628884623351764,0.02403846153846154,0.9944341372912802
lfw_final,0.26257728267409786,0.02440828402366864,0.9944341372912802
lfw_final,0.26212775446029996,0.02477810650887574,0.9944341372912802
lfw_final,0.26088539551904283,0.02514792899408284,0.9944341372912802
lfw_final,0.26037959753563295,0.02551775147928994,0.9944341372912802
lfw_final,0.2602675100718653,0.025887573964497042,0.9944341372912802
lfw_final,0.25945117197221185,0.02625739644970414,0.9944341372912802
lfw_final,0.25916430934878903,0.026627218934911243,0.9944341372912802
lfw_final,0.25896824816175734,0.026997041420118342,0.9944341372912802
lfw_final,0.25858842754641886,0.027366863905325445,0.9944341372912802
lfw_final,0.25806403118918064,0.027736686390532544,0.9944341372912802
lfw_final,0.25789046372370844,0.028106508875739646,0.9944341372912802
lfw_final,0.257510421782725,0.028476331360946745,0.9944341372912802
lfw_final,0.25683497277308526,0.028846153846153848,0.9944341372912802
lfw_final,0.2567523938161207,0.029215976331360947,0.9944341372912802
lfw_final,0.25587906317597553,0.029585798816568046,0.9944341372912802
lfw_final,0.25467503333425995,0.029955621301775148,0.9944341372912802
lfw_final,0.2543551051577966,0.030325443786982247,0.9944341372912802
lfw_final,0.25434696152442493,0.03069526627218935,0.9944341372912802
lfw_final,0.2542653832793167,0.03106508875739645,0.9944341372912802
lfw_final,0.2537852831989834,0.03143491124260355,0.9944341372912802
lfw_final,0.25368552068199346,0.031804733727810654,0.9944341372912802
lfw_final,0.2529361026174204,0.03217455621301775,0.9944341372912802
lfw_final,0.25256621294517906,0.03254437869822485,0.9944341372912802
lfw_final,0.25148100844872745,0.032914201183431954,0.9944341372912802
lfw_final,0.25142776959266067,0.03328402366863906,0.9944341372912802
lfw_final,0.25138094944484884,0.03365384615384615,0.9944341372912802
lfw_final,0.25084716142626906,0.034023668639053255,0.9944341372912802
lfw_final,0.2506154860717609,0.03439349112426036,0.9944341372912802
lfw_final,0.2494840589603477,0.03476331360946745,0.9944341372912802
lfw_final,0.24936173144946222,0.035133136094674555,0.9944341372912802
lfw_final,0.24871725889791751,0.03550295857988166,0.9944341372912802
lfw_final,0.24840493450227993,0.03587278106508876,0.9944341372912802
lfw_final,0.24837257593891726,0.036242603550295856,0.9944341372912802
lfw_final,0.24820130348877345,0.03661242603550296,0.9944341372912802
lfw_final,0.24790947734186675,0.03698224852071006,0.9944341372912802
lfw_final,0.24772153416367126,0.03735207100591716,0.9944341372912802
lfw_final,0.24763294984834516,0.03772189349112426,0.9944341372912802
lfw_final,0.2462957809653034,0.03809171597633136,0.9944341372912802
lfw_final,0.24539436702094036,0.038461538461538464,0.9944341372912802
lfw_final,0.24498416701032452,0.03883136094674556,0.9944341372912802
lfw_final,0.2449122231040574,0.03920118343195266,0.9944341372912802
lfw_final,0.24472301340279118,0.039571005917159764,0.9944341372912802
lfw_final,0.24410912723665426,0.03994082840236687,0.9944341372912802
lfw_final,0.24392968759181524,0.04031065088757396,0.9944341372912802
lfw_final,0.2436092999328806,0.040680473372781065,0.9944341372912802
lfw_final,0.2422988006789533,0.04105029585798817,0.9944341372912802
lfw_final,0.24187877916213626,0.04142011834319527,0.9944341372912802
lfw_final,0.2402738613025956,0.041789940828402365,0.9944341372912802
lfw_final,0.24016970961090062,0.04215976331360947,0.9944341372912802
lfw_final,0.23997559393405582,0.04252958579881657,0.9944341372912802
lfw_final,0.23961979387809182,0.042899408284023666,0.9944341372912802
lfw_final,0.23952452234141042,0.04326923076923077,0.9944341372912802
lfw_final,0.23927082822986095,0.04363905325443787,0.9944341372912802
lfw_final,0.2390596382354913,0.04400887573964497,0.9944341372912802
lfw_final,0.2388798526194613,0.04437869822485207,0.9944341372912802
lfw_final,0.23853743327345364,0.04474852071005917,0.9944341372912802
lfw_final,0.23841284352566444,0.045118343195266274,0.9944341372912802
lfw_final,0.23787846176434022,0.045488165680473376,0.9944341372912802
lfw_final,0.23753698866224576,0.04585798816568047,0.9944341372912802
lfw_final,0.2373580686401204,0.046227810650887574,0.9944341372912802
lfw_final,0.23656079956075662,0.04659763313609468,0.9944341372912802
lfw_final,0.23626346864716674,0.04696745562130177,0.9944341372912802
lfw_final,0.23560558133524784,0.047337278106508875,0.9944341372912802
lfw_final,0.2355294943753459,0.04770710059171598,0.9944341372912802
lfw_final,0.23523605366216196,0.04807692307692308,0.9944341372912802
lfw_final,0.23512536724231395,0.048446745562130175,0.9944341372912802
lfw_final,0.234465921429106,0.04881656804733728,0.9944341372912802
lfw_final,0.23377454803974468,0.04918639053254438,0.9944341372912802
lfw_final,0.2335028327022935,0.04955621301775148,0.9944341372912802
lfw_final,0.23323324915384613,0.04992603550295858,0.9944341372912802
lfw_final,0.2329626985115217,0.05029585798816568,0.9944341372912802
lfw_final,0.23287236810976494,0.05066568047337278,0.9944341372912802
lfw_final,0.2327875116453782,0.05103550295857988,0.9944341372912802
lfw_final,0.23247696942252621,0.05103550295857988,0.9948051948051948
lfw_final,0.2316753670785654,0.05140532544378698,0.9948051948051948
lfw_final,0.23160183190209238,0.051775147928994084,0.9948051948051948
lfw_final,0.23150428584747773,0.052144970414201186,0.9948051948051948
lfw_final,0.2309489275753306,0.05251479289940828,0.9948051948051948
lfw_final,0.22996446083398625,0.052884615384615384,0.9948051948051948
lfw_final,0.22987687159921846,0.05325443786982249,0.9948051948051948
lfw_final,0.22968909277210875,0.05362426035502959,0.9948051948051948
lfw_final,0.22914012158187952,0.053994082840236685,0.9948051948051948
lfw_final,0.22902607328586,0.05436390532544379,0.9948051948051948
lfw_final,0.2277191350346478,0.05473372781065089,0.9948051948051948
lfw_final,0.22761387573454214,0.055103550295857985,0.9948051948051948
lfw_final,0.2274591020729374,0.05547337278106509,0.9948051948051948
lfw_final,0.2271095878691582,0.05584319526627219,0.9948051948051948
lfw_final,0.22646795099621417,0.05621301775147929,0.9948051948051948
lfw_final,0.226235821889879,0.05621301775147929,0.9951762523191094
lfw_final,0.22620493479367518,0.05658284023668639,0.9951762523191094
lfw_final,0.22605715883217628,0.05695266272189349,0.9951762523191094
lfw_final,0.22594559741239736,0.05732248520710059,0.9951762523191094
lfw_final,0.22589141273121993,0.057692307692307696,0.9951762523191094
lfw_final,0.22570332058438336,0.05806213017751479,0.9951762523191094
lfw_final,0.2256849273324046,0.058431952662721894,0.9951762523191094
lfw_final,0.2255548259710855,0.058801775147928996,0.9951762523191094
lfw_final,0.22539322797775438,0.05917159763313609,0.9951762523191094
lfw_final,0.2251431636533717,0.059541420118343194,0.9951762523191094
lfw_final,0.22495941964022273,0.059911242603550297,0.9951762523191094
lfw_final,0.22461822555960675,0.0602810650887574,0.9951762523191094
lfw_final,0.22460753373923437,0.060650887573964495,0.9951762523191094
lfw_final,0.22438791868248753,0.0610207100591716,0.9951762523191094
lfw_final,0.22396306415629802,0.0613905325443787,0.9951762523191094
lfw_final,0.2239101519541373,0.0617603550295858,0.9951762523191094
lfw_final,0.2239070134244096,0.0617603550295858,0.9955473098330241
lfw_final,0.22378743137438256,0.0621301775147929,0.9955473098330241
lfw_final,0.22339596672152526,0.0625,0.9955473098330241
lfw_final,0.2232163355630002,0.0628698224852071,0.9955473098330241
lfw_final,0.22318140111872437,0.0632396449704142,0.9955473098330241
lfw_final,0.2228353618243652,0.06360946745562131,0.9955473098330241
lfw_final,0.2226114650106763,0.0639792899408284,0.9955473098330241
lfw_final,0.2219051191764654,0.0643491124260355,0.9955473098330241
lfw_final,0.2217422383410959,0.0647189349112426,0.9955473098330241
lfw_final,0.22163750052351078,0.0650887573964497,0.9955473098330241
lfw_final,0.22134620849906764,0.0654585798816568,0.9955473098330241
lfw_final,0.22098031977670626,0.06582840236686391,0.9955473098330241
lfw_final,0.22070818289401548,0.06619822485207101,0.9955473098330241
lfw_final,0.22040289858407303,0.06656804733727811,0.9955473098330241
lfw_final,0.22025908990940282,0.0669378698224852,0.9955473098330241
lfw_final,0.22025521754361627,0.0673076923076923,0.9955473098330241
lfw_final,0.22013731491061195,0.06767751479289941,0.9955473098330241
lfw_final,0.22006219617143286,0.06804733727810651,0.9955473098330241
lfw_final,0.21971559982109104,0.06841715976331361,0.9955473098330241
lfw_final,0.21933943499080272,0.06878698224852071,0.9955473098330241
lfw_final,0.21900480607191547,0.06915680473372782,0.9955473098330241
lfw_final,0.21890600809431032,0.0695266272189349,0.9955473098330241
lfw_final,0.21886084488990326,0.06989644970414201,0.9955473098330241
lfw_final,0.21817794363657017,0.07026627218934911,0.9955473098330241
lfw_final,0.21752526725085683,0.07063609467455621,0.9955473098330241
lfw_final,0.21750212943206498,0.07100591715976332,0.9955473098330241
lfw_final,0.2171098113071368,0.07137573964497042,0.9955473098330241
lfw_final,0.21709624172326786,0.07174556213017752,0.9955473098330241
lfw_final,0.21691014808113873,0.07211538461538461,0.9955473098330241
lfw_final,0.21675306161728042,0.07248520710059171,0.9955473098330241
lfw_final,0.21643466438566616,0.07285502958579881,0.9955473098330241
lfw_final,0.21641137131574456,0.07322485207100592,0.9955473098330241
lfw_final,0.21613946049551455,0.07359467455621302,0.9955473098330241
lfw_final,0.21593214729654364,0.07396449704142012,0.9955473098330241
lfw_final,0.2158758975101129,0.07433431952662722,0.9955473098330241
lfw_final,0.21563568308781483,0.07470414201183433,0.9955473098330241
lfw_final,0.21548476994646676,0.07507396449704141,0.9955473098330241
lfw_final,0.21540484742249869,0.07544378698224852,0.9955473098330241
lfw_final,0.21539910245260993,0.07581360946745562,0.9955473098330241
lfw_final,0.21512064933137293,0.07618343195266272,0.9955473098330241
lfw_final,0.21498616413733934,0.07655325443786982,0.9955473098330241
lfw_final,0.21487390969218131,0.07692307692307693,0.9955473098330241
lfw_final,0.21487176126337737,0.07729289940828403,0.9955473098330241
lfw_final,0.21416771645418936,0.07766272189349112,0.9955473098330241
lfw_final,0.2140493144554796,0.07803254437869822,0.9955473098330241
lfw_final,0.21378520080302799,0.07840236686390532,0.9955473098330241
lfw_final,0.2136888135839199,0.07877218934911243,0.9955473098330241
lfw_final,0.21256219918727604,0.07914201183431953,0.9955473098330241
lfw_final,0.21226130135340163,0.07951183431952663,0.9955473098330241
lfw_final,0.21218979764829415,0.07988165680473373,0.9955473098330241
lfw_final,0.21178522244476056,0.08025147928994082,0.9955473098330241
lfw_final,0.21170889505799467,0.08062130177514792,0.9955473098330241
lfw_final,0.21128571598674079,0.08099112426035503,0.9955473098330241
lfw_final,0.21121787736161585,0.08136094674556213,0.9955473098330241
lfw_final,0.21115477964828427,0.08173076923076923,0.9955473098330241
lfw_final,0.21084302730793297,0.08210059171597633,0.9955473098330241
lfw_final,0.21038930543037818,0.08247041420118344,0.9955473098330241
lfw_final,0.210361230634244,0.08284023668639054,0.9955473098330241
lfw_final,0.20997187633552974,0.08321005917159763,0.9955473098330241
lfw_final,0.2097533420432861,0.08357988165680473,0.9955473098330241
lfw_final,0.2097179073761327,0.08394970414201183,0.9955473098330241
lfw_final,0.20966541020785262,0.08431952662721894,0.9955473098330241
lfw_final,0.2095537104973725,0.08468934911242604,0.9955473098330241
lfw_final,0.2094870798204086,0.08505917159763314,0.9955473098330241
lfw_final,0.20844999128217082,0.08542899408284024,0.9955473098330241
lfw_final,0.20818056960987216,0.08579881656804733,0.9955473098330241
lfw_final,0.208058396692499,0.08616863905325443,0.9955473098330241
lfw_final,0.2075810092715637,0.08653846153846154,0.9955473098330241
lfw_final,0.20747985073803615,0.08690828402366864,0.9955473098330241
lfw_final,0.20740764238060902,0.08727810650887574,0.9955473098330241
lfw_final,0.20735648114419492,0.08764792899408284,0.9955473098330241
lfw_final,0.20723747218723665,0.08801775147928995,0.9955473098330241
lfw_final,0.2070123431927268,0.08838757396449703,0.9955473098330241
lfw_final,0.20617593857112565,0.08875739644970414,0.9955473098330241
lfw_final,0.20607898791700696,0.08912721893491124,0.9955473098330241
lfw_final,0.2056742682408954,0.08949704142011834,0.9955473098330241
lfw_final,0.20521178598032008,0.08986686390532544,0.9955473098330241
lfw_final,0.2045855111874596,0.09023668639053255,0.9955473098330241
lfw_final,0.20427974047762715,0.09060650887573965,0.9955473098330241
lfw_final,0.20419726977617417,0.09097633136094675,0.9955473098330241
lfw_final,0.20418539824908832,0.09134615384615384,0.9955473098330241
lfw_final,0.20386608744848572,0.09171597633136094,0.9955473098330241
lfw_final,0.20379566868053456,0.09208579881656805,0.9955473098330241
lfw_final,0.20372784224040152,0.09245562130177515,0.9955473098330241
lfw_final,0.20338653159019765,0.09282544378698225,0.9955473098330241
lfw_final,0.20307810442325624,0.09319526627218935,0.9955473098330241
lfw_final,0.2030000363752444,0.09356508875739646,0.9955473098330241
lfw_final,0.2026403932455137,0.09393491124260354,0.9955473098330241
lfw_final,0.20246220224065947,0.09430473372781065,0.9955473098330241
lfw_final,0.20244572472750422,0.09467455621301775,0.9955473098330241
lfw_final,0.20232640160138304,0.09504437869822485,0.9955473098330241
lfw_final,0.2023092026542792,0.09541420118343195,0.9955473098330241
lfw_final,0.20229812054942758,0.09578402366863906,0.9955473098330241
lfw_final,0.201861369614941,0.09615384615384616,0.9955473098330241
lfw_final,0.20168753197535905,0.09652366863905325,0.9955473098330241
lfw_final,0.20167797381452526,0.09689349112426035,0.9955473098330241
lfw_final,0.2014395692801598,0.09726331360946745,0.9955473098330241
lfw_final,0.20143502539069202,0.09763313609467456,0.9955473098330241
lfw_final,0.20141102256920787,0.09800295857988166,0.9955473098330241
lfw_final,0.20127923449058577,0.09837278106508876,0.9955473098330241
lfw_final,0.20111115005810365,0.09874260355029586,0.9955473098330241
lfw_final,0.20109541532705513,0.09911242603550297,0.9955473098330241
lfw_final,0.20108537344603195,0.09948224852071005,0.9955473098330241
lfw_final,0.20105128088849236,0.09985207100591716,0.9955473098330241
lfw_final,0.2008217140345163,0.10022189349112426,0.9955473098330241
lfw_final,0.20078225836250235,0.10059171597633136,0.9955473098330241
lfw_final,0.20046015172597503,0.10096153846153846,0.9955473098330241
lfw_final,0.20044842808063254,0.10133136094674557,0.9955473098330241
lfw_final,0.20039550953483937,0.10170118343195267,0.9955473098330241
lfw_final,0.20036216380018224,0.10207100591715976,0.9955473098330241
lfw_final,0.20035830312248026,0.10244082840236686,0.9955473098330241
lfw_final,0.20025237932808154,0.10281065088757396,0.9955473098330241
lfw_final,0.20001867856014777,0.10318047337278106,0.9955473098330241
lfw_final,0.1999255496166013,0.10355029585798817,0.9955473098330241
lfw_final,0.19982710868996728,0.10392011834319527,0.9955473098330241
lfw_final,0.19978137205915408,0.10428994082840237,0.9955473098330241
lfw_final,0.199452533474549,0.10465976331360946,0.9955473098330241
lfw_final,0.19941765329018343,0.10502958579881656,0.9955473098330241
lfw_final,0.19929403104037685,0.10539940828402367,0.9955473098330241
lfw_final,0.19913393426266135,0.10576923076923077,0.9955473098330241
lfw_final,0.1991310670089088,0.10613905325443787,0.9955473098330241
lfw_final,0.1990338458067559,0.10650887573964497,0.9955473098330241
lfw_final,0.1988741250149893,0.10687869822485208,0.9955473098330241
lfw_final,0.19881654022031053,0.10724852071005918,0.9955473098330241
lfw_final,0.19880285060763472,0.10761834319526627,0.9955473098330241
lfw_final,0.19837235564670708,0.10798816568047337,0.9955473098330241
lfw_final,0.19831234840230763,0.10835798816568047,0.9955473098330241
lfw_final,0.19818883284039668,0.10872781065088757,0.9955473098330241
lfw_final,0.1980686892122216,0.10909763313609468,0.9955473098330241
lfw_final,0.197814897896591,0.10946745562130178,0.9955473098330241
lfw_final,0.19776186719660596,0.10983727810650888,0.9955473098330241
lfw_final,0.19753228510263496,0.10983727810650888,0.9959183673469387
lfw_final,0.1973312326658736,0.11020710059171597,0.9959183673469387
lfw_final,0.19686485753343552,0.11057692307692307,0.9959183673469387
lfw_final,0.19668042043216072,0.11094674556213018,0.9959183673469387
lfw_final,0.1964475079661579,0.11131656804733728,0.9959183673469387
lfw_final,0.19639770535118628,0.11168639053254438,0.9959183673469387
lfw_final,0.19625273514709254,0.11205621301775148,0.9959183673469387
lfw_final,0.19606763180023326,0.11242603550295859,0.9959183673469387
lfw_final,0.1960550806927719,0.11279585798816567,0.9959183673469387
lfw_final,0.1960320736353786,0.11316568047337278,0.9959183673469387
lfw_final,0.1959652624486179,0.11353550295857988,0.9959183673469387
lfw_final,0.19575588094002186,0.11390532544378698,0.9959183673469387
lfw_final,0.19574702653518486,0.11427514792899408,0.9959183673469387
lfw_final,0.19560623099896796,0.11464497041420119,0.9959183673469387
lfw_final,0.19542421455615974,0.11501479289940829,0.9959183673469387
lfw_final,0.19521114309969007,0.11538461538461539,0.9959183673469387
lfw_final,0.19511438973393502,0.11575443786982248,0.9959183673469387
lfw_final,0.19500669868223458,0.11612426035502958,0.9959183673469387
lfw_final,0.19499341023200994,0.11649408284023668,0.9959183673469387
lfw_final,0.1948331963950209,0.11686390532544379,0.9959183673469387
lfw_final,0.194499422126092,0.11723372781065089,0.9959183673469387
lfw_final,0.19447080679021905,0.11760355029585799,0.9959183673469387
lfw_final,0.19418480489286136,0.1179733727810651,0.9959183673469387
lfw_final,0.1940922532257938,0.11834319526627218,0.9959183673469387
lfw_final,0.19408581672904585,0.11871301775147929,0.9959183673469387
lfw_final,0.19359204765917712,0.11908284023668639,0.9959183673469387
lfw_final,0.19333217063097993,0.11945266272189349,0.9959183673469387
lfw_final,0.19322989907980068,0.11982248520710059,0.9959183673469387
lfw_final,0.19318025120718985,0.1201923076923077,0.9959183673469387
lfw_final,0.1931698739730901,0.1205621301775148,0.9959183673469387
lfw_final,0.19272572267255977,0.12093195266272189,0.9959183673469387
lfw_final,0.19258829253760126,0.12130177514792899,0.9959183673469387
lfw_final,0.1925265189412493,0.12167159763313609,0.9959183673469387
lfw_final,0.19241222540217923,0.1220414201183432,0.9959183673469387
lfw_final,0.19229102169656084,0.1224112426035503,0.9959183673469387
lfw_final,0.19198971744690696,0.1227810650887574,0.9959183673469387
lfw_final,0.19185130472234366,0.1231508875739645,0.9959183673469387
lfw_final,0.19142678414317446,0.1235207100591716,0.9959183673469387
lfw_final,0.1912725965343215,0.12389053254437869,0.9959183673469387
lfw_final,0.19112186846267423,0.1242603550295858,0.9959183673469387
lfw_final,0.1908762894241008,0.1246301775147929,0.9959183673469387
lfw_final,0.19081474522618116,0.1246301775147929,0.9962894248608535
lfw_final,0.19073827905640287,0.125,0.9962894248608535
lfw_final,0.19069442339071185,0.1253698224852071,0.9962894248608535
lfw_final,0.19032112876365317,0.1257396449704142,0.9962894248608535
lfw_final,0.190073466125613,0.1261094674556213,0.9962894248608535
lfw_final,0.18983195743318915,0.1264792899408284,0.9962894248608535
lfw_final,0.18977898172970298,0.1268491124260355,0.9962894248608535
lfw_final,0.18971713406072083,0.12721893491124261,0.9962894248608535
lfw_final,0.18955566544567792,0.1275887573964497,0.9962894248608535
lfw_final,0.18943571671684556,0.1279585798816568,0.9962894248608535
lfw_final,0.18904083477413466,0.1283284023668639,0.9962894248608535
lfw_final,0.18898768795596316,0.128698224852071,0.9962894248608535
lfw_final,0.18881621370529242,0.1290680473372781,0.9962894248608535
lfw_final,0.18879361568081504,0.1294378698224852,0.9962894248608535
lfw_final,0.18861348288801694,0.12980769230769232,0.9962894248608535
lfw_final,0.18856764204944357,0.1301775147928994,0.9962894248608535
lfw_final,0.1885525000335386,0.1305473372781065,0.9962894248608535
lfw_final,0.1884708763772712,0.1309171597633136,0.9962894248608535
lfw_final,0.18844713620135534,0.1312869822485207,0.9962894248608535
lfw_final,0.18830797659104334,0.13165680473372782,0.9962894248608535
lfw_final,0.18808840591751697,0.1320266272189349,0.9962894248608535
lfw_final,0.18781034403527533,0.13239644970414202,0.9962894248608535
lfw_final,0.18780934791602769,0.1327662721893491,0.9962894248608535
lfw_final,0.1871541339682964,0.13313609467455623,0.9962894248608535
lfw_final,0.1871461645132725,0.13350591715976332,0.9962894248608535
lfw_final,0.18703299890196556,0.1338757396449704,0.9962894248608535
lfw_final,0.1870305666255753,0.13424556213017752,0.9962894248608535
lfw_final,0.18679873268323338,0.1346153846153846,0.9962894248608535
lfw_final,0.18672255666025953,0.13498520710059173,0.9962894248608535
lfw_final,0.18667098497676363,0.13535502958579881,0.9962894248608535
lfw_final,0.1866484620387565,0.13572485207100593,0.9962894248608535
lfw_final,0.18657918709333737,0.13609467455621302,0.9962894248608535
lfw_final,0.186503547851182,0.1364644970414201,0.9962894248608535
lfw_final,0.1862279948862181,0.13683431952662722,0.9962894248608535
lfw_final,0.18604266482237763,0.1372041420118343,0.9962894248608535
lfw_final,0.18591965338412897,0.13757396449704143,0.9962894248608535
lfw_final,0.18540811732700785,0.13794378698224852,0.9962894248608535
lfw_final,0.18539747082826713,0.13831360946745563,0.9962894248608535
lfw_final,0.18513067856577325,0.13868343195266272,0.9962894248608535
lfw_final,0.1851292990830411,0.1390532544378698,0.9962894248608535
lfw_final,0.1850878668714346,0.13942307692307693,0.9962894248608535
lfw_final,0.18506320696435968,0.13979289940828402,0.9962894248608535
lfw_final,0.18504155039786002,0.14016272189349113,0.9962894248608535
lfw_final,0.18476948770632676,0.14053254437869822,0.9962894248608535
lfw_final,0.18437249611193798,0.14090236686390534,0.9962894248608535
lfw_final,0.18413634914302943,0.14127218934911243,0.9962894248608535
lfw_final,0.18394037219932027,0.14164201183431951,0.9962894248608535
lfw_final,0.1838190859343064,0.14201183431952663,0.9962894248608535
lfw_final,0.18323645068181926,0.14238165680473372,0.9962894248608535
lfw_final,0.1832319475118896,0.14275147928994084,0.9962894248608535
lfw_final,0.18275873980417234,0.14312130177514792,0.9962894248608535
lfw_final,0.1827442025713479,0.14349112426035504,0.9962894248608535
lfw_final,0.18271037143517918,0.14386094674556213,0.9962894248608535
lfw_final,0.18245404272458024,0.14423076923076922,0.9962894248608535
lfw_final,0.18224535037778133,0.14460059171597633,0.9962894248608535
lfw_final,0.18202603779981674,0.14497041420118342,0.9962894248608535
lfw_final,0.1815862014179293,0.14534023668639054,0.9962894248608535
lfw_final,0.18139126573343514,0.14571005917159763,0.9962894248608535
lfw_final,0.1813129368486337,0.14607988165680474,0.9962894248608535
lfw_final,0.1811809570072834,0.14644970414201183,0.9962894248608535
lfw_final,0.18103309232192222,0.14681952662721892,0.9962894248608535
lfw_final,0.18073809938312432,0.14718934911242604,0.9962894248608535
lfw_final,0.1804021660428476,0.14755917159763313,0.9962894248608535
lfw_final,0.18028614735656281,0.14792899408284024,0.9962894248608535
lfw_final,0.18021676475402243,0.14829881656804733,0.9962894248608535
lfw_final,0.1802150180393362,0.14866863905325445,0.9962894248608535
lfw_final,0.18004888658454288,0.14903846153846154,0.9962894248608535
lfw_final,0.17990060707901726,0.14940828402366865,0.9962894248608535
lfw_final,0.17987037064617153,0.14977810650887574,0.9962894248608535
lfw_final,0.17943890077230631,0.15014792899408283,0.9962894248608535
lfw_final,0.1792726859716589,0.15051775147928995,0.9962894248608535
lfw_final,0.17865690841492077,0.15088757396449703,0.9962894248608535
lfw_final,0.17838927852810868,0.15125739644970415,0.9962894248608535
lfw_final,0.1779624115155355,0.15162721893491124,0.9962894248608535
lfw_final,0.17773218562313317,0.15199704142011836,0.9962894248608535
lfw_final,0.17763983379629938,0.15236686390532544,0.9962894248608535
lfw_final,0.17757788749871076,0.15273668639053253,0.9962894248608535
lfw_final,0.17719977785382293,0.15310650887573965,0.9962894248608535
lfw_final,0.17712308792273418,0.15347633136094674,0.9962894248608535
lfw_final,0.1770020985445632,0.15384615384615385,0.9962894248608535
lfw_final,0.176979370728431,0.15421597633136094,0.9962894248608535
lfw_final,0.17696838535697812,0.15458579881656806,0.9962894248608535
lfw_final,0.17690779869818682,0.15495562130177515,0.9962894248608535
lfw_final,0.1767842682482619,0.15532544378698224,0.9962894248608535
lfw_final,0.1761957811726479,0.15569526627218935,0.9962894248608535
lfw_final,0.1761000907118705,0.15606508875739644,0.9962894248608535
lfw_final,0.17607444608959844,0.15643491124260356,0.9962894248608535
lfw_final,0.1759889941420914,0.15680473372781065,0.9962894248608535
lfw_final,0.17593537444742743,0.15717455621301776,0.9962894248608535
lfw_final,0.17570460103289476,0.15754437869822485,0.9962894248608535
lfw_final,0.17563867354441767,0.15791420118343194,0.9962894248608535
lfw_final,0.17558332335564902,0.15828402366863906,0.9962894248608535
lfw_final,0.17533819949426022,0.15865384615384615,0.9962894248608535
lfw_final,0.1752192488394369,0.15902366863905326,0.9962894248608535
lfw_final,0.1750926310579781,0.15939349112426035,0.9962894248608535
lfw_final,0.17507946374447855,0.15976331360946747,0.9962894248608535
lfw_final,0.17489900803307873,0.16013313609467456,0.9962894248608535
lfw_final,0.1748012837707502,0.16050295857988164,0.9962894248608535
lfw_final,0.17478668604249875,0.16087278106508876,0.9962894248608535
lfw_final,0.17446594657565295,0.16124260355029585,0.9962894248608535
lfw_final,0.17438218615219597,0.16161242603550297,0.9962894248608535
lfw_final,0.17433142678774077,0.16198224852071005,0.9962894248608535
lfw_final,0.1742805943794237,0.16235207100591717,0.9962894248608535
lfw_final,0.17421869877993668,0.16272189349112426,0.9962894248608535
lfw_final,0.1740739538370988,0.16309171597633135,0.9962894248608535
lfw_final,0.17405725744259146,0.16346153846153846,0.9962894248608535
lfw_final,0.17398415120407923,0.16383136094674555,0.9962894248608535
lfw_final,0.17390091419989154,0.16420118343195267,0.9962894248608535
lfw_final,0.17368452733102796,0.16457100591715976,0.9962894248608535
lfw_final,0.17333563908635438,0.16494082840236687,0.9962894248608535
lfw_final,0.17309630916762117,0.16531065088757396,0.9962894248608535
lfw_final,0.1729204212625558,0.16568047337278108,0.9962894248608535
lfw_final,0.17290132953159285,0.16605029585798817,0.9962894248608535
lfw_final,0.17287170499559446,0.16642011834319526,0.9962894248608535
lfw_final,0.1725810895643316,0.16678994082840237,0.9962894248608535
lfw_final,0.17247791411013189,0.16715976331360946,0.9962894248608535
lfw_final,0.17235774343575294,0.16752958579881658,0.9962894248608535
lfw_final,0.17219651469070432,0.16789940828402367,0.9962894248608535
lfw_final,0.17183274556637734,0.16826923076923078,0.9962894248608535
lfw_final,0.171783064417694,0.16863905325443787,0.9962894248608535
lfw_final,0.17174387448457618,0.16900887573964496,0.9962894248608535
lfw_final,0.17169415237665134,0.16937869822485208,0.9962894248608535
lfw_final,0.1712712882774719,0.16974852071005916,0.9962894248608535
lfw_final,0.17118805777687235,0.17011834319526628,0.9962894248608535
lfw_final,0.17111007857064972,0.17048816568047337,0.9962894248608535
lfw_final,0.171032089694258,0.17085798816568049,0.9962894248608535
lfw_final,0.17099818799085656,0.17122781065088757,0.9962894248608535
lfw_final,0.17096917010422952,0.17159763313609466,0.9962894248608535
lfw_final,0.17091237206136117,0.17196745562130178,0.9962894248608535
lfw_final,0.17084396248637218,0.17233727810650887,0.9962894248608535
lfw_final,0.17037411944868144,0.17270710059171598,0.9962894248608535
lfw_final,0.1702433104195215,0.17307692307692307,0.9962894248608535
lfw_final,0.17018802611548642,0.1734467455621302,0.9962894248608535
lfw_final,0.170077574809616,0.17381656804733728,0.9962894248608535
lfw_final,0.1699862706503536,0.17418639053254437,0.9962894248608535
lfw_final,0.16991883560184542,0.17455621301775148,0.9962894248608535
lfw_final,0.16987966169173652,0.17492603550295857,0.9962894248608535
lfw_final,0.16986673613983702,0.1752958579881657,0.9962894248608535
lfw_final,0.16956529484130853,0.17566568047337278,0.9962894248608535
lfw_final,0.16937171879755578,0.1760355029585799,0.9962894248608535
lfw_final,0.1692283053640674,0.17640532544378698,0.9962894248608535
lfw_final,0.1690478169763731,0.17677514792899407,0.9962894248608535
lfw_final,0.16880599180854533,0.17714497041420119,0.9962894248608535
lfw_final,0.16875489597196314,0.17751479289940827,0.9962894248608535
lfw_final,0.16871352918556914,0.1778846153846154,0.9962894248608535
lfw_final,0.16858936284614007,0.17825443786982248,0.9962894248608535
lfw_final,0.16851774066124606,0.1786242603550296,0.9962894248608535
lfw_final,0.16834401590129,0.17899408284023668,0.9962894248608535
lfw_final,0.16805871947494103,0.17936390532544377,0.9962894248608535
lfw_final,0.16779451334137205,0.1797337278106509,0.9962894248608535
lfw_final,0.1676583681253498,0.18010355029585798,0.9962894248608535
lfw_final,0.1674310904468404,0.1804733727810651,0.9962894248608535
lfw_final,0.16739136994192164,0.18084319526627218,0.9962894248608535
lfw_final,0.167304231766638,0.1812130177514793,0.9962894248608535
lfw_final,0.16727680691278315,0.1815828402366864,0.9962894248608535
lfw_final,0.16718142887768722,0.1819526627218935,0.9962894248608535
lfw_final,0.16696435104721968,0.1823224852071006,0.9962894248608535
lfw_final,0.16683684128408538,0.18269230769230768,0.9962894248608535
lfw_final,0.16679892685057365,0.1830621301775148,0.9962894248608535
lfw_final,0.16670884930154806,0.1834319526627219,0.9962894248608535
lfw_final,0.16669357123993656,0.183801775147929,0.9962894248608535
lfw_final,0.1666626433347015,0.1841715976331361,0.9962894248608535
lfw_final,0.1665971692432531,0.1845414201183432,0.9962894248608535
lfw_final,0.1661503799123315,0.1849112426035503,0.9962894248608535
lfw_final,0.16610512316164505,0.18528106508875739,0.9962894248608535
lfw_final,0.16608916203137067,0.1856508875739645,0.9962894248608535
lfw_final,0.16602153893649993,0.1860207100591716,0.9962894248608535
lfw_final,0.16589259582530191,0.1863905325443787,0.9962894248608535
lfw_final,0.16585548430531796,0.1867603550295858,0.9962894248608535
lfw_final,0.16582785444287998,0.1871301775147929,0.9962894248608535
lfw_final,0.1657568135814353,0.1875,0.9962894248608535
lfw_final,0.1656875960462038,0.1878698224852071,0.9962894248608535
lfw_final,0.16560363319406557,0.1882396449704142,0.9962894248608535
lfw_final,0.16550474425518885,0.1886094674556213,0.9962894248608535
lfw_final,0.16542996143318903,0.1889792899408284,0.9962894248608535
lfw_final,0.1654041896130755,0.1893491124260355,0.9962894248608535
lfw_final,0.1653460755970898,0.18971893491124261,0.9962894248608535
lfw_final,0.16529144094371298,0.1900887573964497,0.9962894248608535
lfw_final,0.16520547612873235,0.1904585798816568,0.9962894248608535
lfw_final,0.1647744849716348,0.1908284023668639,0.9962894248608535
lfw_final,0.16460652003127507,0.191198224852071,0.9962894248608535
lfw_final,0.16457090462016327,0.191198224852071,0.9966604823747681
lfw_final,0.1645680114215193,0.1915680473372781,0.9966604823747681
lfw_final,0.16449101511486486,0.1919378698224852,0.9966604823747681
lfw_final,0.16444833588737637,0.19230769230769232,0.9966604823747681
lfw_final,0.1643562520641549,0.1926775147928994,0.9966604823747681
lfw_final,0.164183673564414,0.1930473372781065,0.9966604823747681
lfw_final,0.16411854481542743,0.1934171597633136,0.9966604823747681
lfw_final,0.16408814881354641,0.1937869822485207,0.9966604823747681
lfw_final,0.1639702943797215,0.19415680473372782,0.9966604823747681
lfw_final,0.1638992051152441,0.1945266272189349,0.9966604823747681
lfw_final,0.16380931853854094,0.19489644970414202,0.9966604823747681
lfw_final,0.16367453221978737,0.1952662721893491,0.9966604823747681
lfw_final,0.16361416489948227,0.19563609467455623,0.9966604823747681
lfw_final,0.1634905263845644,0.19600591715976332,0.9966604823747681
lfw_final,0.16343100108376096,0.1963757396449704,0.9966604823747681
lfw_final,0.16329931546009163,0.19674556213017752,0.9966604823747681
lfw_final,0.1631091861744061,0.1971153846153846,0.9966604823747681
lfw_final,0.16287424894936842,0.19748520710059173,0.9966604823747681
lfw_final,0.1628675941223558,0.19785502958579881,0.9966604823747681
lfw_final,0.1626170423522306,0.19822485207100593,0.9966604823747681
lfw_final,0.1625126068324234,0.19859467455621302,0.9966604823747681
lfw_final,0.16250648863017642,0.1989644970414201,0.9966604823747681
lfw_final,0.16240101103826132,0.19933431952662722,0.9966604823747681
lfw_final,0.16232637572541278,0.1997041420118343,0.9966604823747681
lfw_final,0.16229798664179226,0.20007396449704143,0.9966604823747681
lfw_final,0.1622865515557047,0.20044378698224852,0.9966604823747681
lfw_final,0.16183515439843854,0.20081360946745563,0.9966604823747681
lfw_final,0.1616895120570915,0.20118343195266272,0.9966604823747681
lfw_final,0.16143169887878797,0.2015532544378698,0.9966604823747681
lfw_final,0.1614310001865764,0.20192307692307693,0.9966604823747681
lfw_final,0.16129396319466552,0.20229289940828402,0.9966604823747681
lfw_final,0.16129317750981326,0.20266272189349113,0.9966604823747681
lfw_final,0.16116374906468117,0.20303254437869822,0.9966604823747681
lfw_final,0.16087120097796992,0.20340236686390534,0.9966604823747681
lfw_final,0.16086233769587052,0.20377218934911243,0.9966604823747681
lfw_final,0.1606132983308958,0.20414201183431951,0.9966604823747681
lfw_final,0.1604502246089084,0.20451183431952663,0.9966604823747681
lfw_final,0.16037755882687177,0.20488165680473372,0.9966604823747681
lfw_final,0.160366970974695,0.20525147928994084,0.9966604823747681
lfw_final,0.1603149782383174,0.20562130177514792,0.9966604823747681
lfw_final,0.16026929087688582,0.20599112426035504,0.9966604823747681
lfw_final,0.16021609213983484,0.20636094674556213,0.9966604823747681
lfw_final,0.16016719864645584,0.20673076923076922,0.9966604823747681
lfw_final,0.16007420444014794,0.20710059171597633,0.9966604823747681
lfw_final,0.15988278869248246,0.20747041420118342,0.9966604823747681
lfw_final,0.15983059323601226,0.20784023668639054,0.9966604823747681
lfw_final,0.15977441112078405,0.20821005917159763,0.9966604823747681
lfw_final,0.15969912655278481,0.20857988165680474,0.9966604823747681
lfw_final,0.1594695858575479,0.20894970414201183,0.9966604823747681
lfw_final,0.15918786697913978,0.20931952662721892,0.9966604823747681
lfw_final,0.15917246299796914,0.20968934911242604,0.9966604823747681
lfw_final,0.1591706900869726,0.21005917159763313,0.9966604823747681
lfw_final,0.1591235765751854,0.21042899408284024,0.9966604823747681
lfw_final,0.1589090899795212,0.21079881656804733,0.9966604823747681
lfw_final,0.15885797928145892,0.21116863905325445,0.9966604823747681
lfw_final,0.15882203022730532,0.21153846153846154,0.9966604823747681
lfw_final,0.15871705328572216,0.21190828402366865,0.9966604823747681
lfw_final,0.15867338284898552,0.21227810650887574,0.9966604823747681
lfw_final,0.15853273664017278,0.21264792899408283,0.9966604823747681
lfw_final,0.15847939362665844,0.21301775147928995,0.9966604823747681
lfw_final,0.15839789475782265,0.21338757396449703,0.9966604823747681
lfw_final,0.15792912856535007,0.21375739644970415,0.9966604823747681
lfw_final,0.15782574211655,0.21412721893491124,0.9966604823747681
lfw_final,0.15769359298291655,0.21449704142011836,0.9966604823747681
lfw_final,0.15735759594161955,0.21486686390532544,0.9966604823747681
lfw_final,0.1573526887422968,0.21523668639053253,0.9966604823747681
lfw_final,0.15712881344126065,0.21560650887573965,0.9966604823747681
lfw_final,0.15696555148567082,0.21597633136094674,0.9966604823747681
lfw_final,0.15683933623558097,0.21634615384615385,0.9966604823747681
lfw_final,0.15674991738821714,0.21671597633136094,0.9966604823747681
lfw_final,0.15672285509160777,0.21708579881656806,0.9966604823747681
lfw_final,0.15671889496847682,0.21745562130177515,0.9966604823747681
lfw_final,0.15643395593891898,0.21782544378698224,0.9966604823747681
lfw_final,0.15635242986357645,0.21819526627218935,0.9966604823747681
lfw_final,0.15633291553518808,0.21856508875739644,0.9966604823747681
lfw_final,0.15622974980371412,0.21893491124260356,0.9966604823747681
lfw_final,0.15609482954703527,0.21930473372781065,0.9966604823747681
lfw_final,0.15574851704386317,0.21967455621301776,0.9966604823747681
lfw_final,0.15570829102427364,0.22004437869822485,0.9966604823747681
lfw_final,0.15556210637276585,0.22041420118343194,0.9966604823747681
lfw_final,0.15554470113227206,0.22078402366863906,0.9966604823747681
lfw_final,0.15539889918075633,0.22115384615384615,0.9966604823747681
lfw_final,0.15515669611423175,0.22152366863905326,0.9966604823747681
lfw_final,0.15501464066393747,0.22189349112426035,0.9966604823747681
lfw_final,0.15497276102379487,0.22226331360946747,0.9966604823747681
lfw_final,0.1548280491902001,0.22263313609467456,0.9966604823747681
lfw_final,0.15478609200009305,0.22300295857988164,0.9966604823747681
lfw_final,0.15475266229809329,0.22337278106508876,0.9966604823747681
lfw_final,0.15474041406200115,0.22374260355029585,0.9966604823747681
lfw_final,0.15473480627910438,0.22411242603550297,0.9966604823747681
lfw_final,0.15460471785617977,0.22448224852071005,0.9966604823747681
lfw_final,0.15459663997027626,0.22485207100591717,0.9966604823747681
lfw_final,0.15420552850876737,0.22522189349112426,0.9966604823747681
lfw_final,0.15416101831993856,0.22559171597633135,0.9966604823747681
lfw_final,0.15410374780975242,0.22596153846153846,0.9966604823747681
lfw_final,0.15394564091344856,0.22633136094674555,0.9966604823747681
lfw_final,0.15372941036086896,0.22670118343195267,0.9966604823747681
lfw_final,0.15370621294036924,0.22707100591715976,0.9966604823747681
lfw_final,0.1536299188726011,0.22744082840236687,0.9966604823747681
lfw_final,0.15357746266283018,0.22781065088757396,0.9966604823747681
lfw_final,0.15347082602077655,0.22818047337278108,0.9966604823747681
lfw_final,0.15324754635285787,0.22855029585798817,0.9966604823747681
lfw_final,0.1530607464443139,0.22892011834319526,0.9966604823747681
lfw_final,0.15275492628294063,0.22928994082840237,0.9966604823747681
lfw_final,0.15242462827523756,0.22965976331360946,0.9966604823747681
lfw_final,0.1523503097168617,0.23002958579881658,0.9966604823747681
lfw_final,0.1521572461637789,0.23039940828402367,0.9966604823747681
lfw_final,0.1521123270699461,0.23076923076923078,0.9966604823747681
lfw_final,0.15188783640241646,0.23113905325443787,0.9966604823747681
lfw_final,0.15186362080694393,0.23150887573964496,0.9966604823747681
lfw_final,0.15182402621843522,0.23187869822485208,0.9966604823747681
lfw_final,0.1518226670075623,0.23224852071005916,0.9966604823747681
lfw_final,0.15181571113220896,0.23261834319526628,0.9966604823747681
lfw_final,0.1517910912774467,0.23298816568047337,0.9966604823747681
lfw_final,0.15111908847621094,0.23335798816568049,0.9966604823747681
lfw_final,0.15088229169694944,0.23372781065088757,0.9966604823747681
lfw_final,0.1508791084398825,0.23409763313609466,0.9966604823747681
lfw_final,0.150794305856905,0.23446745562130178,0.9966604823747681
lfw_final,0.15076899407070982,0.23483727810650887,0.9966604823747681
lfw_final,0.15017876262553004,0.23520710059171598,0.9966604823747681
lfw_final,0.15008138845736588,0.23557692307692307,0.9966604823747681
lfw_final,0.14997213798268633,0.2359467455621302,0.9966604823747681
lfw_final,0.14996125750967398,0.23631656804733728,0.9966604823747681
lfw_final,0.1498493663912418,0.23668639053254437,0.9966604823747681
lfw_final,0.14984610320133257,0.23705621301775148,0.9966604823747681
lfw_final,0.149799541131333,0.23742603550295857,0.9966604823747681
lfw_final,0.14979276508536618,0.2377958579881657,0.9966604823747681
lfw_final,0.1497076237836747,0.23816568047337278,0.9966604823747681
lfw_final,0.14940400834265813,0.2385355029585799,0.9966604823747681
lfw_final,0.14916585215878547,0.23890532544378698,0.9966604823747681
lfw_final,0.14855273588446558,0.23927514792899407,0.9966604823747681
lfw_final,0.14832975786541877,0.23964497041420119,0.9966604823747681
lfw_final,0.14828939758587867,0.24001479289940827,0.9966604823747681
lfw_final,0.14822722774981845,0.2403846153846154,0.9966604823747681
lfw_final,0.14803031237779984,0.24075443786982248,0.9966604823747681
lfw_final,0.14787571439971936,0.2411242603550296,0.9966604823747681
lfw_final,0.1478351082248148,0.24149408284023668,0.9966604823747681
lfw_final,0.14776744976011796,0.24186390532544377,0.9966604823747681
lfw_final,0.14772132812019367,0.2422337278106509,0.9966604823747681
lfw_final,0.14763580228847553,0.24260355029585798,0.9966604823747681
lfw_final,0.14756804178284633,0.2429733727810651,0.9966604823747681
lfw_final,0.14749256414520368,0.24334319526627218,0.9966604823747681
lfw_final,0.14744805629493055,0.2437130177514793,0.9966604823747681
lfw_final,0.14740931489189507,0.2440828402366864,0.9966604823747681
lfw_final,0.1473235171111425,0.2444526627218935,0.9966604823747681
lfw_final,0.14721004296648582,0.2448224852071006,0.9966604823747681
lfw_final,0.14706934095163174,0.24519230769230768,0.9966604823747681
lfw_final,0.146948436257268,0.2455621301775148,0.9966604823747681
lfw_final,0.14681513460039813,0.2459319526627219,0.9966604823747681
lfw_final,0.14679192998055865,0.246301775147929,0.9966604823747681
lfw_final,0.14673416731990566,0.2466715976331361,0.9966604823747681
lfw_final,0.14668996873283913,0.2470414201183432,0.9966604823747681
lfw_final,0.14660847612406822,0.2474112426035503,0.9966604823747681
lfw_final,0.1465125328082101,0.24778106508875739,0.9966604823747681
lfw_final,0.14645654021903987,0.2481508875739645,0.9966604823747681
lfw_final,0.14645512009881304,0.2485207100591716,0.9966604823747681
lfw_final,0.1464114186304241,0.2488905325443787,0.9966604823747681
lfw_final,0.1464041675587404,0.2492603550295858,0.9966604823747681
lfw_final,0.14629670059621178,0.2496301775147929,0.9966604823747681
lfw_final,0.14621954553504288,0.25,0.9966604823747681
lfw_final,0.14615751746111333,0.2503698224852071,0.9966604823747681
lfw_final,0.1461367244231327,0.2507396449704142,0.9966604823747681
lfw_final,0.14602747619818557,0.2511094674556213,0.9966604823747681
lfw_final,0.1459886800747284,0.2514792899408284,0.9966604823747681
lfw_final,0.14595328048567127,0.2518491124260355,0.9966604823747681
lfw_final,0.14569726755358173,0.2522189349112426,0.9966604823747681
lfw_final,0.14549839146288998,0.2525887573964497,0.9966604823747681
lfw_final,0.1454096562089466,0.2529585798816568,0.9966604823747681
lfw_final,0.145377690610535,0.2533284023668639,0.9966604823747681
lfw_final,0.14533773386194962,0.253698224852071,0.9966604823747681
lfw_final,0.14532718475038228,0.2540680473372781,0.9966604823747681
lfw_final,0.14513714297660882,0.25443786982248523,0.9966604823747681
lfw_final,0.14496897298415506,0.2548076923076923,0.9966604823747681
lfw_final,0.14496649880881177,0.2551775147928994,0.9966604823747681
lfw_final,0.14473360447011663,0.2555473372781065,0.9966604823747681
lfw_final,0.14462769040175866,0.2559171597633136,0.9966604823747681
lfw_final,0.14428156026373692,0.2562869822485207,0.9966604823747681
lfw_final,0.14408859561047307,0.2566568047337278,0.9966604823747681
lfw_final,0.14405129409905928,0.25702662721893493,0.9966604823747681
lfw_final,0.1438253946813357,0.257396449704142,0.9966604823747681
lfw_final,0.1433136222987619,0.2577662721893491,0.9966604823747681
lfw_final,0.14329265121165996,0.2581360946745562,0.9966604823747681
lfw_final,0.14292931027658598,0.2585059171597633,0.9966604823747681
lfw_final,0.14290225561601475,0.2588757396449704,0.9966604823747681
lfw_final,0.14266453178330307,0.2592455621301775,0.9966604823747681
lfw_final,0.14262714959935582,0.25961538461538464,0.9966604823747681
lfw_final,0.14259001399141288,0.2599852071005917,0.9966604823747681
lfw_final,0.14257816970967738,0.2603550295857988,0.9966604823747681
lfw_final,0.14243664524516528,0.26072485207100593,0.9966604823747681
lfw_final,0.14211845913080323,0.261094674556213,0.9966604823747681
lfw_final,0.14210439114112422,0.2614644970414201,0.9966604823747681
lfw_final,0.14208162504079294,0.2618343195266272,0.9966604823747681
lfw_final,0.14207009808638724,0.26220414201183434,0.9966604823747681
lfw_final,0.14190228280552894,0.2625739644970414,0.9966604823747681
lfw_final,0.14183309091680577,0.2629437869822485,0.9966604823747681
lfw_final,0.14182334978431047,0.26331360946745563,0.9966604823747681
lfw_final,0.14175361818712698,0.2636834319526627,0.9966604823747681
lfw_final,0.1417028890398515,0.2640532544378698,0.9966604823747681
lfw_final,0.14163091634765818,0.2644230769230769,0.9966604823747681
lfw_final,0.14160587176629985,0.26479289940828404,0.9966604823747681
lfw_final,0.141497669520269,0.2651627218934911,0.9966604823747681
lfw_final,0.1411626689436417,0.2655325443786982,0.9966604823747681
lfw_final,0.14112418785140987,0.26590236686390534,0.9966604823747681
lfw_final,0.1406215174810909,0.26627218934911245,0.9966604823747681
lfw_final,0.140602654085592,0.2666420118343195,0.9966604823747681
lfw_final,0.1404970946823884,0.26701183431952663,0.9966604823747681
lfw_final,0.14047972499873487,0.26738165680473375,0.9966604823747681
lfw_final,0.140453295225127,0.2677514792899408,0.9966604823747681
lfw_final,0.14030321115949806,0.2681213017751479,0.9966604823747681
lfw_final,0.14002824200253855,0.26849112426035504,0.9966604823747681
lfw_final,0.13998286812346925,0.26886094674556216,0.9966604823747681
lfw_final,0.13996704770689722,0.2692307692307692,0.9966604823747681
lfw_final,0.13985030544168614,0.26960059171597633,0.9966604823747681
lfw_final,0.13984323768827292,0.26997041420118345,0.9966604823747681
lfw_final,0.13964713504588988,0.2703402366863905,0.9966604823747681
lfw_final,0.1396248034182835,0.27071005917159763,0.9966604823747681
lfw_final,0.1395502086363359,0.27107988165680474,0.9966604823747681
lfw_final,0.13953096616435515,0.27144970414201186,0.9966604823747681
lfw_final,0.13947237197457552,0.2718195266272189,0.9966604823747681
lfw_final,0.13938801185160477,0.27218934911242604,0.9966604823747681
lfw_final,0.13933677679303585,0.27255917159763315,0.9966604823747681
lfw_final,0.13917773825920485,0.2729289940828402,0.9966604823747681
lfw_final,0.13907366534386117,0.27329881656804733,0.9966604823747681
lfw_final,0.13900619574983414,0.27366863905325445,0.9966604823747681
lfw_final,0.13898338241829966,0.27403846153846156,0.9966604823747681
lfw_final,0.13898157432149258,0.2744082840236686,0.9966604823747681
lfw_final,0.13864155470183986,0.27477810650887574,0.9966604823747681
lfw_final,0.13858524101180605,0.27514792899408286,0.9966604823747681
lfw_final,0.13856115657941306,0.2755177514792899,0.9966604823747681
lfw_final,0.13851849616738332,0.27588757396449703,0.9966604823747681
lfw_final,0.13846801950851642,0.27625739644970415,0.9966604823747681
lfw_final,0.1384550687919088,0.27662721893491127,0.9966604823747681
lfw_final,0.13843124933747647,0.27699704142011833,0.9966604823747681
lfw_final,0.13842886313877975,0.27736686390532544,0.9966604823747681
lfw_final,0.13835647821773184,0.27773668639053256,0.9966604823747681
lfw_final,0.13834207174060467,0.2781065088757396,0.9966604823747681
lfw_final,0.13833678080252104,0.27847633136094674,0.9966604823747681
lfw_final,0.13817422884802927,0.27884615384615385,0.9966604823747681
lfw_final,0.13812874679608042,0.27921597633136097,0.9966604823747681
lfw_final,0.13775424135014058,0.27958579881656803,0.9966604823747681
lfw_final,0.13760232595002891,0.27995562130177515,0.9966604823747681
lfw_final,0.1374635305416788,0.28032544378698226,0.9966604823747681
lfw_final,0.1373882510594633,0.2806952662721893,0.9966604823747681
lfw_final,0.13706685777262118,0.28106508875739644,0.9966604823747681
lfw_final,0.13705342079213081,0.28143491124260356,0.9966604823747681
lfw_final,0.1369817896203734,0.2818047337278107,0.9966604823747681
lfw_final,0.1369538189011692,0.28217455621301774,0.9966604823747681
lfw_final,0.13693316411934311,0.28254437869822485,0.9966604823747681
lfw_final,0.1369213887533097,0.28291420118343197,0.9966604823747681
lfw_final,0.13691308457459067,0.28328402366863903,0.9966604823747681
lfw_final,0.1368160273711246,0.28365384615384615,0.9966604823747681
lfw_final,0.13670398809066758,0.28402366863905326,0.9966604823747681
lfw_final,0.13659171312215593,0.2843934911242604,0.9966604823747681
lfw_final,0.13654853089096025,0.28476331360946744,0.9966604823747681
lfw_final,0.13641621960686245,0.28513313609467456,0.9966604823747681
lfw_final,0.13627494490489345,0.28550295857988167,0.9966604823747681
lfw_final,0.13619383165237137,0.28587278106508873,0.9966604823747681
lfw_final,0.13601851779573884,0.28624260355029585,0.9966604823747681
lfw_final,0.13595508919807345,0.28661242603550297,0.9966604823747681
lfw_final,0.13589017681781898,0.2869822485207101,0.9966604823747681
lfw_final,0.13588580499542088,0.28735207100591714,0.9966604823747681
lfw_final,0.13582851853089514,0.28772189349112426,0.9966604823747681
lfw_final,0.13577684007746524,0.2880917159763314,0.9966604823747681
lfw_final,0.1357310707641949,0.28846153846153844,0.9966604823747681
lfw_final,0.13565173809154135,0.28883136094674555,0.9966604823747681
lfw_final,0.1354394694733147,0.28920118343195267,0.9966604823747681
lfw_final,0.13539155052203372,0.2895710059171598,0.9966604823747681
lfw_final,0.13529888929570164,0.28994082840236685,0.9966604823747681
lfw_final,0.13520850819717312,0.29031065088757396,0.9966604823747681
lfw_final,0.1351623613124985,0.2906804733727811,0.9966604823747681
lfw_final,0.13505147686445565,0.29105029585798814,0.9966604823747681
lfw_final,0.13489716003417304,0.29142011834319526,0.9966604823747681
lfw_final,0.13487323798285913,0.29178994082840237,0.9966604823747681
lfw_final,0.1348117313735157,0.2921597633136095,0.9966604823747681
lfw_final,0.13476484788602006,0.29252958579881655,0.9966604823747681
lfw_final,0.13469071248763068,0.29289940828402367,0.9966604823747681
lfw_final,0.13463337316253945,0.2932692307692308,0.9966604823747681
lfw_final,0.1344763179433952,0.29363905325443784,0.9966604823747681
lfw_final,0.13432020799163794,0.29400887573964496,0.9966604823747681
lfw_final,0.13421674853724982,0.2943786982248521,0.9966604823747681
lfw_final,0.13398579495164906,0.2947485207100592,0.9966604823747681
lfw_final,0.1338399556938413,0.29511834319526625,0.9966604823747681
lfw_final,0.1338325701241117,0.29548816568047337,0.9966604823747681
lfw_final,0.13363973582206898,0.2958579881656805,0.9966604823747681
lfw_final,0.13354906089510876,0.29622781065088755,0.9966604823747681
lfw_final,0.1334853564680984,0.29659763313609466,0.9966604823747681
lfw_final,0.1334334972487235,0.2969674556213018,0.9966604823747681
lfw_final,0.13337943009559775,0.2973372781065089,0.9966604823747681
lfw_final,0.13336086727643523,0.29770710059171596,0.9966604823747681
lfw_final,0.13335462953214103,0.2980769230769231,0.9966604823747681
lfw_final,0.13325897258299121,0.2984467455621302,0.9966604823747681
lfw_final,0.13312985433438038,0.2988165680473373,0.9966604823747681
lfw_final,0.13285157090121466,0.29918639053254437,0.9966604823747681
lfw_final,0.13270206154165873,0.2995562130177515,0.9966604823747681
lfw_final,0.13259414638026895,0.2999260355029586,0.9966604823747681
lfw_final,0.1325742713424695,0.30029585798816566,0.9966604823747681
lfw_final,0.13233272526600215,0.3006656804733728,0.9966604823747681
lfw_final,0.13222415826757442,0.3010355029585799,0.9966604823747681
lfw_final,0.13212227333397042,0.301405325443787,0.9966604823747681
lfw_final,0.13203173905557675,0.30177514792899407,0.9966604823747681
lfw_final,0.13173788492307237,0.3021449704142012,0.9966604823747681
lfw_final,0.13156591085791156,0.3025147928994083,0.9966604823747681
lfw_final,0.1315545508911952,0.30288461538461536,0.9966604823747681
lfw_final,0.13153106297094716,0.3032544378698225,0.9966604823747681
lfw_final,0.131389006407464,0.3036242603550296,0.9966604823747681
lfw_final,0.1313844223424508,0.3039940828402367,0.9966604823747681
lfw_final,0.13132159567182866,0.3043639053254438,0.9966604823747681
lfw_final,0.13103524493401775,0.3047337278106509,0.9966604823747681
lfw_final,0.1310055612540905,0.305103550295858,0.9966604823747681
lfw_final,0.13097766727520482,0.30547337278106507,0.9966604823747681
lfw_final,0.13083985580627616,0.3058431952662722,0.9966604823747681
lfw_final,0.13083736212607033,0.3062130177514793,0.9966604823747681
lfw_final,0.1306103857236767,0.3065828402366864,0.9966604823747681
lfw_final,0.13052295479216974,0.3069526627218935,0.9966604823747681
lfw_final,0.13036742270669624,0.3073224852071006,0.9966604823747681
lfw_final,0.1302972119759779,0.3076923076923077,0.9966604823747681
lfw_final,0.13024188410909807,0.30806213017751477,0.9966604823747681
lfw_final,0.13010339170950194,0.3084319526627219,0.9966604823747681
lfw_final,0.1300725976655344,0.308801775147929,0.9966604823747681
lfw_final,0.12985851798019282,0.3091715976331361,0.9966604823747681
lfw_final,0.1298218419712197,0.3095414201183432,0.9966604823747681
lfw_final,0.12915903224228636,0.3099112426035503,0.9966604823747681
lfw_final,0.12908394643966825,0.3102810650887574,0.9966604823747681
lfw_final,0.12907325705837208,0.3106508875739645,0.9966604823747681
lfw_final,0.12904204102324024,0.3110207100591716,0.9966604823747681
lfw_final,0.12877476951662367,0.3113905325443787,0.9966604823747681
lfw_final,0.1286810946190065,0.3117603550295858,0.9966604823747681
lfw_final,0.12864736248111247,0.3121301775147929,0.9966604823747681
lfw_final,0.12839362795151854,0.3125,0.9966604823747681
lfw_final,0.12836113339718658,0.3128698224852071,0.9966604823747681
lfw_final,0.12835279292480833,0.3132396449704142,0.9966604823747681
lfw_final,0.1283064240539596,0.3136094674556213,0.9966604823747681
lfw_final,0.12829746704951425,0.3139792899408284,0.9966604823747681
lfw_final,0.12816867266963797,0.3143491124260355,0.9966604823747681
lfw_final,0.128153273206835,0.3147189349112426,0.9966604823747681
lfw_final,0.12805573666435455,0.3150887573964497,0.9966604823747681
lfw_final,0.12799870106533845,0.3154585798816568,0.9966604823747681
lfw_final,0.12792305955793665,0.3158284023668639,0.9966604823747681
lfw_final,0.12774866243245753,0.316198224852071,0.9966604823747681
lfw_final,0.127725495910792,0.3165680473372781,0.9966604823747681
lfw_final,0.12753481732053126,0.31693786982248523,0.9966604823747681
lfw_final,0.12741592253489825,0.3173076923076923,0.9966604823747681
lfw_final,0.12729787682279797,0.3176775147928994,0.9966604823747681
lfw_final,0.1272439262808538,0.3180473372781065,0.9966604823747681
lfw_final,0.12716249140276,0.3184171597633136,0.9966604823747681
lfw_final,0.1271527687044782,0.3187869822485207,0.9966604823747681
lfw_final,0.12707153796628956,0.3191568047337278,0.9966604823747681
lfw_final,0.12679388364766472,0.31952662721893493,0.9966604823747681
lfw_final,0.12660329850231433,0.319896449704142,0.9966604823747681
lfw_final,0.12656311701779913,0.3202662721893491,0.9966604823747681
lfw_final,0.1262544354009365,0.3206360946745562,0.9966604823747681
lfw_final,0.12581014783989822,0.3210059171597633,0.9966604823747681
lfw_final,0.12578495985980198,0.3213757396449704,0.9966604823747681
lfw_final,0.1257267977893432,0.3217455621301775,0.9966604823747681
lfw_final,0.12563742487905177,0.32211538461538464,0.9966604823747681
lfw_final,0.12560994892507515,0.3224852071005917,0.9966604823747681
lfw_final,0.12535985124761917,0.3228550295857988,0.9966604823747681
lfw_final,0.12534555338213804,0.32322485207100593,0.9966604823747681
lfw_final,0.12533418813557062,0.323594674556213,0.9966604823747681
lfw_final,0.1252531679537219,0.3239644970414201,0.9966604823747681
lfw_final,0.12520096122798038,0.3243343195266272,0.9966604823747681
lfw_final,0.12505549742721733,0.32470414201183434,0.9966604823747681
lfw_final,0.12486103078356628,0.3250739644970414,0.9966604823747681
lfw_final,0.12480993086436692,0.3254437869822485,0.9966604823747681
lfw_final,0.12478551265535362,0.32581360946745563,0.9966604823747681
lfw_final,0.1247182847227556,0.3261834319526627,0.9966604823747681
lfw_final,0.12466084576784191,0.3265532544378698,0.9966604823747681
lfw_final,0.1246150047012872,0.3269230769230769,0.9966604823747681
lfw_final,0.12454973470296483,0.32729289940828404,0.9966604823747681
lfw_final,0.12449153269521149,0.3276627218934911,0.9966604823747681
lfw_final,0.12443196937786379,0.3280325443786982,0.9966604823747681
lfw_final,0.12440980739765412,0.32840236686390534,0.9966604823747681
lfw_final,0.12424465693003153,0.32877218934911245,0.9966604823747681
lfw_final,0.12357918082754193,0.3291420118343195,0.9966604823747681
lfw_final,0.12347844776028855,0.32951183431952663,0.9966604823747681
lfw_final,0.12320587887298966,0.32988165680473375,0.9966604823747681
lfw_final,0.12311548766215837,0.3302514792899408,0.9966604823747681
lfw_final,0.12306926189270712,0.3306213017751479,0.9966604823747681
lfw_final,0.1229860817755529,0.33099112426035504,0.9966604823747681
lfw_final,0.1226022077915462,0.33136094674556216,0.9966604823747681
lfw_final,0.1224162240078792,0.3317307692307692,0.9966604823747681
lfw_final,0.12234091654546841,0.33210059171597633,0.9966604823747681
lfw_final,0.122281599183725,0.33247041420118345,0.9966604823747681
lfw_final,0.122189121531101,0.3328402366863905,0.9966604823747681
lfw_final,0.12210883079362253,0.33321005917159763,0.9966604823747681
lfw_final,0.12207610538087342,0.33357988165680474,0.9966604823747681
lfw_final,0.1218982945712714,0.33394970414201186,0.9966604823747681
lfw_final,0.12185673137630079,0.3343195266272189,0.9966604823747681
lfw_final,0.12161178470473476,0.33468934911242604,0.9966604823747681
lfw_final,0.12157793922062221,0.33505917159763315,0.9966604823747681
lfw_final,0.12156698336716915,0.3354289940828402,0.9966604823747681
lfw_final,0.12143559747182447,0.33579881656804733,0.9966604823747681
lfw_final,0.12111516013199775,0.33616863905325445,0.9966604823747681
lfw_final,0.12105772444304494,0.33653846153846156,0.9966604823747681
lfw_final,0.12100114018897055,0.3369082840236686,0.9966604823747681
lfw_final,0.12087108728324883,0.33727810650887574,0.9966604823747681
lfw_final,0.12085877641765103,0.33764792899408286,0.9966604823747681
lfw_final,0.1208264318366738,0.3380177514792899,0.9966604823747681
lfw_final,0.12070861309659289,0.33838757396449703,0.9966604823747681
lfw_final,0.12062278706688766,0.33875739644970415,0.9966604823747681
lfw_final,0.12060385862578499,0.33912721893491127,0.9966604823747681
lfw_final,0.12057126426657395,0.33949704142011833,0.9966604823747681
lfw_final,0.12037418536472534,0.33986686390532544,0.9966604823747681
lfw_final,0.12001854132154229,0.34023668639053256,0.9966604823747681
lfw_final,0.1199331116148388,0.3406065088757396,0.9966604823747681
lfw_final,0.11967153847521929,0.34097633136094674,0.9966604823747681
lfw_final,0.11931720941436282,0.34134615384615385,0.9966604823747681
lfw_final,0.11927755724496478,0.34171597633136097,0.9966604823747681
lfw_final,0.11921301178881273,0.34208579881656803,0.9966604823747681
lfw_final,0.11905677296391824,0.34245562130177515,0.9966604823747681
lfw_final,0.1190051613798334,0.34282544378698226,0.9966604823747681
lfw_final,0.11899585273068246,0.3431952662721893,0.9966604823747681
lfw_final,0.11887191636277919,0.34356508875739644,0.9966604823747681
lfw_final,0.11886417222459864,0.34393491124260356,0.9966604823747681
lfw_final,0.11883050131012693,0.3443047337278107,0.9966604823747681
lfw_final,0.11880204173690546,0.34467455621301774,0.9966604823747681
lfw_final,0.11869711191707447,0.34504437869822485,0.9966604823747681
lfw_final,0.11851930584766937,0.34541420118343197,0.9966604823747681
lfw_final,0.11830074503695863,0.34578402366863903,0.9966604823747681
lfw_final,0.11824323697777889,0.34615384615384615,0.9966604823747681
lfw_final,0.11815685268437223,0.34652366863905326,0.9966604823747681
lfw_final,0.11806962137430796,0.3468934911242604,0.9966604823747681
lfw_final,0.11805847784767047,0.34726331360946744,0.9966604823747681
lfw_final,0.1180472862612008,0.34763313609467456,0.9966604823747681
lfw_final,0.11798736335213339,0.34800295857988167,0.9966604823747681
lfw_final,0.11792093873318499,0.34837278106508873,0.9966604823747681
lfw_final,0.11767217667121753,0.34874260355029585,0.9966604823747681
lfw_final,0.1175333795703297,0.34911242603550297,0.9966604823747681
lfw_final,0.11727282433640852,0.3494822485207101,0.9966604823747681
lfw_final,0.11726903888233453,0.34985207100591714,0.9966604823747681
lfw_final,0.11721249026459143,0.35022189349112426,0.9966604823747681
lfw_final,0.1171825871882641,0.3505917159763314,0.9966604823747681
lfw_final,0.11704427962343276,0.35096153846153844,0.9966604823747681
lfw_final,0.11697710595772857,0.35133136094674555,0.9966604823747681
lfw_final,0.11689509083713936,0.35170118343195267,0.9966604823747681
lfw_final,0.11660910084813488,0.3520710059171598,0.9966604823747681
lfw_final,0.11660888650623179,0.35244082840236685,0.9966604823747681
lfw_final,0.11654719960251743,0.35281065088757396,0.9966604823747681
lfw_final,0.11653258478680928,0.3531804733727811,0.9966604823747681
lfw_final,0.11652230729654564,0.35355029585798814,0.9966604823747681
lfw_final,0.11637883120247561,0.35392011834319526,0.9966604823747681
lfw_final,0.1163366501938731,0.35428994082840237,0.9966604823747681
lfw_final,0.11622869603274198,0.3546597633136095,0.9966604823747681
lfw_final,0.11614620493590981,0.35502958579881655,0.9966604823747681
lfw_final,0.11601277149559738,0.35539940828402367,0.9966604823747681
lfw_final,0.11593776173554564,0.3557692307692308,0.9966604823747681
lfw_final,0.1158256632010179,0.35613905325443784,0.9966604823747681
lfw_final,0.11578715042477063,0.35650887573964496,0.9966604823747681
lfw_final,0.11556397778303455,0.3568786982248521,0.9966604823747681
lfw_final,0.11551403146682923,0.3572485207100592,0.9966604823747681
lfw_final,0.11548135573210654,0.35761834319526625,0.9966604823747681
lfw_final,0.1153763162503791,0.35798816568047337,0.9966604823747681
lfw_final,0.11517977213555441,0.3583579881656805,0.9966604823747681
lfw_final,0.11512233924857468,0.35872781065088755,0.9966604823747681
lfw_final,0.11511375892107653,0.35909763313609466,0.9966604823747681
lfw_final,0.1150210097428764,0.3594674556213018,0.9966604823747681
lfw_final,0.1149985471878194,0.3598372781065089,0.9966604823747681
lfw_final,0.11478698456646141,0.36020710059171596,0.9966604823747681
lfw_final,0.11474636771596558,0.3605769230769231,0.9966604823747681
lfw_final,0.114590308300279,0.3609467455621302,0.9966604823747681
lfw_final,0.11457573304322609,0.3613165680473373,0.9966604823747681
lfw_final,0.11445937153629926,0.36168639053254437,0.9966604823747681
lfw_final,0.11443331555251023,0.3620562130177515,0.9966604823747681
lfw_final,0.11428836961632967,0.3624260355029586,0.9966604823747681
lfw_final,0.11416079848235837,0.36279585798816566,0.9966604823747681
lfw_final,0.11413814631211487,0.3631656804733728,0.9966604823747681
lfw_final,0.11412965580884336,0.3635355029585799,0.9966604823747681
lfw_final,0.11412885991611137,0.363905325443787,0.9966604823747681
lfw_final,0.11408518195945702,0.36427514792899407,0.9966604823747681
lfw_final,0.114056056990063,0.3646449704142012,0.9966604823747681
lfw_final,0.11403324747324259,0.3650147928994083,0.9966604823747681
lfw_final,0.11395843267475175,0.36538461538461536,0.9966604823747681
lfw_final,0.11390488195890461,0.3657544378698225,0.9966604823747681
lfw_final,0.11374809481578067,0.3661242603550296,0.9966604823747681
lfw_final,0.11365354487886893,0.3664940828402367,0.9966604823747681
lfw_final,0.11361356894480328,0.3668639053254438,0.9966604823747681
lfw_final,0.11361271408993001,0.3672337278106509,0.9966604823747681
lfw_final,0.1134131152034621,0.367603550295858,0.9966604823747681
lfw_final,0.11330403720398183,0.36797337278106507,0.9966604823747681
lfw_final,0.11321435792353794,0.3683431952662722,0.9966604823747681
lfw_final,0.1131886904488855,0.3687130177514793,0.9966604823747681
lfw_final,0.113143432603813,0.3690828402366864,0.9966604823747681
lfw_final,0.11314252693118253,0.3694526627218935,0.9966604823747681
lfw_final,0.11313027575310035,0.3698224852071006,0.9966604823747681
lfw_final,0.11312391132865117,0.3701923076923077,0.9966604823747681
lfw_final,0.11310352154185917,0.3701923076923077,0.9970315398886828
lfw_final,0.11274888435651112,0.37056213017751477,0.9970315398886828
lfw_final,0.11269402305835136,0.3709319526627219,0.9970315398886828
lfw_final,0.1126534229156766,0.371301775147929,0.9970315398886828
lfw_final,0.11205175208571436,0.3716715976331361,0.9970315398886828
lfw_final,0.11190377562521302,0.3720414201183432,0.9970315398886828
lfw_final,0.11172085068313026,0.3724112426035503,0.9970315398886828
lfw_final,0.11167358059918814,0.3727810650887574,0.9970315398886828
lfw_final,0.11161157730072307,0.3731508875739645,0.9970315398886828
lfw_final,0.11159698954934462,0.3735207100591716,0.9970315398886828
lfw_final,0.11154280691030331,0.3735207100591716,0.9974025974025974
lfw_final,0.11146292222892479,0.3738905325443787,0.9974025974025974
lfw_final,0.11125168121983743,0.3742603550295858,0.9974025974025974
lfw_final,0.1112004738516005,0.3746301775147929,0.9974025974025974
lfw_final,0.11081522654185998,0.375,0.9974025974025974
lfw_final,0.11056366355104467,0.3753698224852071,0.9974025974025974
lfw_final,0.11042805532806642,0.3757396449704142,0.9974025974025974
lfw_final,0.1102852397141937,0.3761094674556213,0.9974025974025974
lfw_final,0.11028321166618495,0.3764792899408284,0.9974025974025974
lfw_final,0.11020609927257474,0.3768491124260355,0.9974025974025974
lfw_final,0.11014718802622533,0.3772189349112426,0.9974025974025974
lfw_final,0.11007738274455363,0.3775887573964497,0.9974025974025974
lfw_final,0.10998993414519563,0.3779585798816568,0.9974025974025974
lfw_final,0.10985837194223644,0.3783284023668639,0.9974025974025974
lfw_final,0.10968602379557228,0.378698224852071,0.9974025974025974
lfw_final,0.10965061443041536,0.3790680473372781,0.9974025974025974
lfw_final,0.10952265384695196,0.37943786982248523,0.9974025974025974
lfw_final,0.10938861297518161,0.3798076923076923,0.9974025974025974
lfw_final,0.10938020018571341,0.3801775147928994,0.9974025974025974
lfw_final,0.1093783321289368,0.3805473372781065,0.9974025974025974
lfw_final,0.10931415940982052,0.3809171597633136,0.9974025974025974
lfw_final,0.10920197361723362,0.3812869822485207,0.9974025974025974
lfw_final,0.10914033956927581,0.3816568047337278,0.9974025974025974
lfw_final,0.10913264108878033,0.38202662721893493,0.9974025974025974
lfw_final,0.10898906075214505,0.382396449704142,0.9974025974025974
lfw_final,0.10897250699380068,0.3827662721893491,0.9974025974025974
lfw_final,0.10896365133544171,0.3831360946745562,0.9974025974025974
lfw_final,0.10894351751118882,0.3835059171597633,0.9974025974025974
lfw_final,0.10875664949945456,0.3838757396449704,0.9974025974025974
lfw_final,0.10873912574395068,0.3842455621301775,0.9974025974025974
lfw_final,0.10866366383589313,0.38461538461538464,0.9974025974025974
lfw_final,0.10859734082729627,0.3849852071005917,0.9974025974025974
lfw_final,0.1085648437232537,0.3853550295857988,0.9974025974025974
lfw_final,0.10825862187649735,0.38572485207100593,0.9974025974025974
lfw_final,0.10822686810635192,0.386094674556213,0.9974025974025974
lfw_final,0.10812338018472954,0.3864644970414201,0.9974025974025974
lfw_final,0.10806958301010734,0.3868343195266272,0.9974025974025974
lfw_final,0.10795642662106916,0.38720414201183434,0.9974025974025974
lfw_final,0.10786835139420363,0.3875739644970414,0.9974025974025974
lfw_final,0.10783337236861143,0.3879437869822485,0.9974025974025974
lfw_final,0.10757489302782874,0.38831360946745563,0.9974025974025974
lfw_final,0.10754089662091108,0.3886834319526627,0.9974025974025974
lfw_final,0.10751090560638409,0.3890532544378698,0.9974025974025974
lfw_final,0.10747325361670688,0.3894230769230769,0.9974025974025974
lfw_final,0.10745226136029605,0.38979289940828404,0.9974025974025974
lfw_final,0.10743829233617314,0.3901627218934911,0.9974025974025974
lfw_final,0.10737356794996927,0.3905325443786982,0.9974025974025974
lfw_final,0.10730919927510764,0.39090236686390534,0.9974025974025974
lfw_final,0.10722395554991787,0.39127218934911245,0.9974025974025974
lfw_final,0.10704729827151178,0.3916420118343195,0.9974025974025974
lfw_final,0.10684785838104184,0.39201183431952663,0.9974025974025974
lfw_final,0.10664576277944027,0.39238165680473375,0.9974025974025974
lfw_final,0.10660202828240331,0.3927514792899408,0.9974025974025974
lfw_final,0.10640361831813322,0.3931213017751479,0.9974025974025974
lfw_final,0.10638565589359643,0.39349112426035504,0.9974025974025974
lfw_final,0.10618014201922359,0.39386094674556216,0.9974025974025974
lfw_final,0.10600233492798225,0.3942307692307692,0.9974025974025974
lfw_final,0.10590709655453712,0.39460059171597633,0.9974025974025974
lfw_final,0.10570667054806629,0.39497041420118345,0.9974025974025974
lfw_final,0.1056810565865523,0.3953402366863905,0.9974025974025974
lfw_final,0.10556719422508536,0.39571005917159763,0.9974025974025974
lfw_final,0.10552209413929985,0.39607988165680474,0.9974025974025974
lfw_final,0.10550520823549638,0.39644970414201186,0.9974025974025974
lfw_final,0.10532953131772524,0.3968195266272189,0.9974025974025974
lfw_final,0.10529586607513254,0.39718934911242604,0.9974025974025974
lfw_final,0.10528884596058996,0.39755917159763315,0.9974025974025974
lfw_final,0.10526332143850822,0.3979289940828402,0.9974025974025974
lfw_final,0.10515751466219776,0.39829881656804733,0.9974025974025974
lfw_final,0.10509996748722712,0.39866863905325445,0.9974025974025974
lfw_final,0.10499627191773075,0.39903846153846156,0.9974025974025974
lfw_final,0.10497583647445215,0.3994082840236686,0.9974025974025974
lfw_final,0.10486506294039086,0.39977810650887574,0.9974025974025974
lfw_final,0.10470730991982191,0.40014792899408286,0.9974025974025974
lfw_final,0.10462080286821922,0.4005177514792899,0.9974025974025974
lfw_final,0.10455694086056082,0.40088757396449703,0.9974025974025974
lfw_final,0.10447521508970625,0.40125739644970415,0.9974025974025974
lfw_final,0.10446249030249745,0.40162721893491127,0.9974025974025974
lfw_final,0.10436778476436522,0.40199704142011833,0.9974025974025974
lfw_final,0.10436635856087503,0.40236686390532544,0.9974025974025974
lfw_final,0.10430988795459926,0.40273668639053256,0.9974025974025974
lfw_final,0.1040272896857984,0.4031065088757396,0.9974025974025974
lfw_final,0.10390018730075279,0.40347633136094674,0.9974025974025974
lfw_final,0.10380962007498892,0.40384615384615385,0.9974025974025974
lfw_final,0.10378709716816069,0.40421597633136097,0.9974025974025974
lfw_final,0.10360571059708693,0.40458579881656803,0.9974025974025974
lfw_final,0.1034881738401821,0.40495562130177515,0.9974025974025974
lfw_final,0.10335323896561652,0.40532544378698226,0.9974025974025974
lfw_final,0.1031508402590775,0.4056952662721893,0.9974025974025974
lfw_final,0.10309759956110313,0.40606508875739644,0.9974025974025974
lfw_final,0.10307704248520208,0.40643491124260356,0.9974025974025974
lfw_final,0.1029015079573086,0.4068047337278107,0.9974025974025974
lfw_final,0.10275007181041307,0.40717455621301774,0.9974025974025974
lfw_final,0.10273406331467613,0.40754437869822485,0.9974025974025974
lfw_final,0.10269752025196317,0.40791420118343197,0.9974025974025974
lfw_final,0.1025744401147668,0.40828402366863903,0.9974025974025974
lfw_final,0.10251221066586609,0.40865384615384615,0.9974025974025974
lfw_final,0.10232418608548766,0.40902366863905326,0.9974025974025974
lfw_final,0.1023154272744341,0.4093934911242604,0.9974025974025974
lfw_final,0.10207288709091517,0.40976331360946744,0.9974025974025974
lfw_final,0.10195836205323658,0.41013313609467456,0.9974025974025974
lfw_final,0.10188436037247167,0.41050295857988167,0.9974025974025974
lfw_final,0.101773736809265,0.41087278106508873,0.9974025974025974
lfw_final,0.10151615300564171,0.41124260355029585,0.9974025974025974
lfw_final,0.1014859288103878,0.41161242603550297,0.9974025974025974
lfw_final,0.1013307068391579,0.4119822485207101,0.9974025974025974
lfw_final,0.10131735515695614,0.41235207100591714,0.9974025974025974
lfw_final,0.10131594549102169,0.41272189349112426,0.9974025974025974
lfw_final,0.10125429895937368,0.4130917159763314,0.9974025974025974
lfw_final,0.10101629803864579,0.41346153846153844,0.9974025974025974
lfw_final,0.10098901949400749,0.41383136094674555,0.9974025974025974
lfw_final,0.10095383104318738,0.41420118343195267,0.9974025974025974
lfw_final,0.10087329692360476,0.4145710059171598,0.9974025974025974
lfw_final,0.10086967343199857,0.41494082840236685,0.9974025974025974
lfw_final,0.10080758108667183,0.41531065088757396,0.9974025974025974
lfw_final,0.10072858809451243,0.4156804733727811,0.9974025974025974
lfw_final,0.1007251160183011,0.41605029585798814,0.9974025974025974
lfw_final,0.10066891526014622,0.41642011834319526,0.9974025974025974
lfw_final,0.1006669345452019,0.41678994082840237,0.9974025974025974
lfw_final,0.10050149681010179,0.4171597633136095,0.9974025974025974
lfw_final,0.10034423809901527,0.41752958579881655,0.9974025974025974
lfw_final,0.10030152438081473,0.41789940828402367,0.9974025974025974
lfw_final,0.10016251840642688,0.4182692307692308,0.9974025974025974
lfw_final,0.10012031806271673,0.41863905325443784,0.9974025974025974
lfw_final,0.10009087040077763,0.41900887573964496,0.9974025974025974
lfw_final,0.09999682161691649,0.4193786982248521,0.9974025974025974
lfw_final,0.0999954489897387,0.4197485207100592,0.9974025974025974
lfw_final,0.09989863268611684,0.42011834319526625,0.9974025974025974
lfw_final,0.09979716178820686,0.42048816568047337,0.9974025974025974
lfw_final,0.0997936200553589,0.4208579881656805,0.9974025974025974
lfw_final,0.09970145106735731,0.42122781065088755,0.9974025974025974
lfw_final,0.09963832903472575,0.42159763313609466,0.9974025974025974
lfw_final,0.09952585775094289,0.4219674556213018,0.9974025974025974
lfw_final,0.09950685920188947,0.4223372781065089,0.9974025974025974
lfw_final,0.09944378615389908,0.42270710059171596,0.9974025974025974
lfw_final,0.09937948449324133,0.4230769230769231,0.9974025974025974
lfw_final,0.09935390927599667,0.4234467455621302,0.9974025974025974
lfw_final,0.09932454547476527,0.4238165680473373,0.9974025974025974
lfw_final,0.0991571526591074,0.42418639053254437,0.9974025974025974
lfw_final,0.09893439324089022,0.4245562130177515,0.9974025974025974
lfw_final,0.09892981669893573,0.4249260355029586,0.9974025974025974
lfw_final,0.0989137723404058,0.42529585798816566,0.9974025974025974
lfw_final,0.09888498658200214,0.4256656804733728,0.9974025974025974
lfw_final,0.09886487053750766,0.4260355029585799,0.9974025974025974
lfw_final,0.09885595970584393,0.426405325443787,0.9974025974025974
lfw_final,0.09860408395876957,0.42677514792899407,0.9974025974025974
lfw_final,0.09858040937544178,0.4271449704142012,0.9974025974025974
lfw_final,0.0984916672612981,0.4275147928994083,0.9974025974025974
lfw_final,0.09845391643626447,0.42788461538461536,0.9974025974025974
lfw_final,0.09843004033125553,0.4282544378698225,0.9974025974025974
lfw_final,0.09838908277127527,0.4286242603550296,0.9974025974025974
lfw_final,0.09837332717199412,0.4289940828402367,0.9974025974025974
lfw_final,0.09833907232771315,0.4293639053254438,0.9974025974025974
lfw_final,0.09833605359291094,0.4297337278106509,0.9974025974025974
lfw_final,0.09803929799081389,0.430103550295858,0.9974025974025974
lfw_final,0.09791014599426387,0.43047337278106507,0.9974025974025974
lfw_final,0.09788058043844342,0.4308431952662722,0.9974025974025974
lfw_final,0.09761305584657588,0.4312130177514793,0.9974025974025974
lfw_final,0.09752281774644458,0.4315828402366864,0.9974025974025974
lfw_final,0.0974806503022156,0.4319526627218935,0.9974025974025974
lfw_final,0.09747832086658846,0.4323224852071006,0.9974025974025974
lfw_final,0.09747019976045683,0.4326923076923077,0.9974025974025974
lfw_final,0.09720526329289161,0.43306213017751477,0.9974025974025974
lfw_final,0.09717004739125056,0.4334319526627219,0.9974025974025974
lfw_final,0.0971323844048069,0.433801775147929,0.9974025974025974
lfw_final,0.0970724426457379,0.4341715976331361,0.9974025974025974
lfw_final,0.09705272461437528,0.4345414201183432,0.9974025974025974
lfw_final,0.09705118798551896,0.4349112426035503,0.9974025974025974
lfw_final,0.09697573624661397,0.4352810650887574,0.9974025974025974
lfw_final,0.09697401127822305,0.4356508875739645,0.9974025974025974
lfw_final,0.09658560460378135,0.4360207100591716,0.9974025974025974
lfw_final,0.09654175316430909,0.4363905325443787,0.9974025974025974
lfw_final,0.09651133577336542,0.4367603550295858,0.9974025974025974
lfw_final,0.09644318499044102,0.4371301775147929,0.9974025974025974
lfw_final,0.09627193004128966,0.4375,0.9974025974025974
lfw_final,0.09619857048539532,0.4378698224852071,0.9974025974025974
lfw_final,0.09617397523439045,0.4382396449704142,0.9974025974025974
lfw_final,0.09599238850508442,0.4386094674556213,0.9974025974025974
lfw_final,0.09595340995858113,0.4389792899408284,0.9974025974025974
lfw_final,0.09591798948430241,0.4393491124260355,0.9974025974025974
lfw_final,0.0958538453183109,0.4397189349112426,0.9974025974025974
lfw_final,0.09583566057195603,0.4400887573964497,0.9974025974025974
lfw_final,0.09563063786999287,0.4404585798816568,0.9974025974025974
lfw_final,0.09560397167169465,0.4408284023668639,0.9974025974025974
lfw_final,0.09554466169451167,0.441198224852071,0.9974025974025974
lfw_final,0.09531857332608713,0.4415680473372781,0.9974025974025974
lfw_final,0.09527920605595064,0.44193786982248523,0.9974025974025974
lfw_final,0.09523812520830069,0.4423076923076923,0.9974025974025974
lfw_final,0.09520131019130126,0.4426775147928994,0.9974025974025974
lfw_final,0.09493931587307813,0.4430473372781065,0.9974025974025974
lfw_final,0.09481646260776698,0.4434171597633136,0.9974025974025974
lfw_final,0.09479359949417858,0.4437869822485207,0.9974025974025974
lfw_final,0.09475908565535635,0.4441568047337278,0.9974025974025974
lfw_final,0.09471058407647986,0.44452662721893493,0.9974025974025974
lfw_final,0.09457965065846682,0.444896449704142,0.9974025974025974
lfw_final,0.0944866976611492,0.4452662721893491,0.9974025974025974
lfw_final,0.09434866801830114,0.4456360946745562,0.9974025974025974
lfw_final,0.09427407236344743,0.4460059171597633,0.9974025974025974
lfw_final,0.09422542672281345,0.4463757396449704,0.9974025974025974
lfw_final,0.09414458668067646,0.4467455621301775,0.9974025974025974
lfw_final,0.09410825552161181,0.44711538461538464,0.9974025974025974
lfw_final,0.09407046864042426,0.4474852071005917,0.9974025974025974
lfw_final,0.09371830748299739,0.4478550295857988,0.9974025974025974
lfw_final,0.09367014107092315,0.44822485207100593,0.9974025974025974
lfw_final,0.09360365518402766,0.448594674556213,0.9974025974025974
lfw_final,0.09340470129362352,0.4489644970414201,0.9974025974025974
lfw_final,0.09337448314134467,0.4493343195266272,0.9974025974025974
lfw_final,0.09323278939277095,0.44970414201183434,0.9974025974025974
lfw_final,0.09320377263572892,0.4500739644970414,0.9974025974025974
lfw_final,0.09308099249599715,0.4504437869822485,0.9974025974025974
lfw_final,0.09298332808562826,0.45081360946745563,0.9974025974025974
lfw_final,0.09283433252392914,0.4511834319526627,0.9974025974025974
lfw_final,0.09278407932902699,0.4515532544378698,0.9974025974025974
lfw_final,0.0925911409271457,0.4519230769230769,0.9974025974025974
lfw_final,0.09230071771676372,0.45229289940828404,0.9974025974025974
lfw_final,0.09229148255464921,0.4526627218934911,0.9974025974025974
lfw_final,0.09227741918389243,0.4530325443786982,0.9974025974025974
lfw_final,0.09211283157523377,0.45340236686390534,0.9974025974025974
lfw_final,0.09209167542729399,0.45377218934911245,0.9974025974025974
lfw_final,0.0920166119273824,0.4541420118343195,0.9974025974025974
lfw_final,0.0919696936317976,0.45451183431952663,0.9974025974025974
lfw_final,0.09184769856080836,0.45488165680473375,0.9974025974025974
lfw_final,0.091607216027504,0.4552514792899408,0.9974025974025974
lfw_final,0.09159435042070355,0.4556213017751479,0.9974025974025974
lfw_final,0.0915774326064579,0.45599112426035504,0.9974025974025974
lfw_final,0.09155406294107844,0.45636094674556216,0.9974025974025974
lfw_final,0.09154183073833375,0.4567307692307692,0.9974025974025974
lfw_final,0.09152317022031321,0.45710059171597633,0.9974025974025974
lfw_final,0.09147448586982214,0.45747041420118345,0.9974025974025974
lfw_final,0.09138707723212708,0.4578402366863905,0.9974025974025974
lfw_final,0.09131124238573911,0.45821005917159763,0.9974025974025974
lfw_final,0.09128658284300344,0.45857988165680474,0.9974025974025974
lfw_final,0.09112586298999775,0.45894970414201186,0.9974025974025974
lfw_final,0.09110636962197649,0.4593195266272189,0.9974025974025974
lfw_final,0.09109185182303534,0.45968934911242604,0.9974025974025974
lfw_final,0.09104803670031737,0.46005917159763315,0.9974025974025974
lfw_final,0.09103654268091727,0.4604289940828402,0.9974025974025974
lfw_final,0.09102623801955954,0.46079881656804733,0.9974025974025974
lfw_final,0.09096176426953649,0.46116863905325445,0.9974025974025974
lfw_final,0.09090971038065312,0.46153846153846156,0.9974025974025974
lfw_final,0.09072905755613929,0.4619082840236686,0.9974025974025974
lfw_final,0.0906537058612587,0.46227810650887574,0.9974025974025974
lfw_final,0.09034757757168259,0.46264792899408286,0.9974025974025974
lfw_final,0.09025344388811299,0.4630177514792899,0.9974025974025974
lfw_final,0.09015865453130265,0.46338757396449703,0.9974025974025974
lfw_final,0.08977984195620807,0.46375739644970415,0.9974025974025974
lfw_final,0.08977230156437051,0.46412721893491127,0.9974025974025974
lfw_final,0.08976970106835389,0.46449704142011833,0.9974025974025974
lfw_final,0.08973749638773641,0.46486686390532544,0.9974025974025974
lfw_final,0.08967350013842275,0.46523668639053256,0.9974025974025974
lfw_final,0.08937971090451735,0.46523668639053256,0.997773654916512
lfw_final,0.08901953625713224,0.4656065088757396,0.997773654916512
lfw_final,0.08877925224725766,0.46597633136094674,0.997773654916512
lfw_final,0.08872289671634787,0.46634615384615385,0.997773654916512
lfw_final,0.08837033026979198,0.46671597633136097,0.997773654916512
lfw_final,0.08832609939614344,0.46708579881656803,0.997773654916512
lfw_final,0.08831488458837149,0.46745562130177515,0.997773654916512
lfw_final,0.08829520243662245,0.46782544378698226,0.997773654916512
lfw_final,0.08801883353097735,0.4681952662721893,0.997773654916512
lfw_final,0.0879227652152816,0.46856508875739644,0.997773654916512
lfw_final,0.08789578008890714,0.46893491124260356,0.997773654916512
lfw_final,0.08785768754008072,0.4693047337278107,0.997773654916512
lfw_final,0.0878384579017347,0.46967455621301774,0.997773654916512
lfw_final,0.08777392163886635,0.47004437869822485,0.997773654916512
lfw_final,0.08777109949863189,0.47041420118343197,0.997773654916512
lfw_final,0.08775310692475426,0.47078402366863903,0.997773654916512
lfw_final,0.08765173668076204,0.47115384615384615,0.997773654916512
lfw_final,0.08750528672667968,0.47152366863905326,0.997773654916512
lfw_final,0.08728931549663455,0.4718934911242604,0.997773654916512
lfw_final,0.08700448160316479,0.47226331360946744,0.997773654916512
lfw_final,0.08690606069071964,0.47263313609467456,0.997773654916512
lfw_final,0.08668663988465292,0.47300295857988167,0.997773654916512
lfw_final,0.08666705224590186,0.47337278106508873,0.997773654916512
lfw_final,0.08640080150428754,0.47374260355029585,0.997773654916512
lfw_final,0.08611120495199368,0.47411242603550297,0.997773654916512
lfw_final,0.08604453530248495,0.4744822485207101,0.997773654916512
lfw_final,0.08595085579849689,0.47485207100591714,0.997773654916512
lfw_final,0.0858658757727656,0.47522189349112426,0.997773654916512
lfw_final,0.08586578169733115,0.4755917159763314,0.997773654916512
lfw_final,0.08579764509079088,0.47596153846153844,0.997773654916512
lfw_final,0.0856910081666938,0.47633136094674555,0.997773654916512
lfw_final,0.08568458119810904,0.47670118343195267,0.997773654916512
lfw_final,0.08564818067267385,0.4770710059171598,0.997773654916512
lfw_final,0.08557512951659002,0.47744082840236685,0.997773654916512
lfw_final,0.08556150334396849,0.47781065088757396,0.997773654916512
lfw_final,0.08553591409659647,0.4781804733727811,0.997773654916512
lfw_final,0.08550281829918299,0.47855029585798814,0.997773654916512
lfw_final,0.08536148335133552,0.47892011834319526,0.997773654916512
lfw_final,0.08523770364363027,0.47928994082840237,0.997773654916512
lfw_final,0.08514853489604032,0.4796597633136095,0.997773654916512
lfw_final,0.08514617109344458,0.48002958579881655,0.997773654916512
lfw_final,0.08512790774839106,0.48039940828402367,0.997773654916512
lfw_final,0.08511908420298772,0.4807692307692308,0.997773654916512
lfw_final,0.08501970836879275,0.48113905325443784,0.997773654916512
lfw_final,0.08498332159145,0.48150887573964496,0.997773654916512
lfw_final,0.08495922187213073,0.4818786982248521,0.997773654916512
lfw_final,0.0849035701749236,0.4822485207100592,0.997773654916512
lfw_final,0.08483918902193649,0.48261834319526625,0.997773654916512
lfw_final,0.08481877088968244,0.48298816568047337,0.997773654916512
lfw_final,0.08462745623592126,0.4833579881656805,0.997773654916512
lfw_final,0.08460344588488758,0.48372781065088755,0.997773654916512
lfw_final,0.08455926798967246,0.48409763313609466,0.997773654916512
lfw_final,0.08454416250315884,0.4844674556213018,0.997773654916512
lfw_final,0.08436731278797395,0.4848372781065089,0.997773654916512
lfw_final,0.0839980603116027,0.48520710059171596,0.997773654916512
lfw_final,0.08394292329469834,0.4855769230769231,0.997773654916512
lfw_final,0.08384062223799219,0.4859467455621302,0.997773654916512
lfw_final,0.08358178546028641,0.4863165680473373,0.997773654916512
lfw_final,0.08354261251725703,0.48668639053254437,0.997773654916512
lfw_final,0.08353361490646491,0.4870562130177515,0.997773654916512
lfw_final,0.08339173307801453,0.4874260355029586,0.997773654916512
lfw_final,0.08329043883422732,0.48779585798816566,0.997773654916512
lfw_final,0.08326343187388907,0.4881656804733728,0.997773654916512
lfw_final,0.08320662657284084,0.4885355029585799,0.997773654916512
lfw_final,0.08319065453641976,0.488905325443787,0.997773654916512
lfw_final,0.08315607713313963,0.48927514792899407,0.997773654916512
lfw_final,0.08313321034644584,0.4896449704142012,0.997773654916512
lfw_final,0.08289500933346683,0.4900147928994083,0.997773654916512
lfw_final,0.08286341257938898,0.49038461538461536,0.997773654916512
lfw_final,0.08284323831709586,0.4907544378698225,0.997773654916512
lfw_final,0.08284142442156779,0.4911242603550296,0.997773654916512
lfw_final,0.0827028664581835,0.4914940828402367,0.997773654916512
lfw_final,0.08268352324847289,0.4918639053254438,0.997773654916512
lfw_final,0.08263687358922567,0.4922337278106509,0.997773654916512
lfw_final,0.0824853715398353,0.492603550295858,0.997773654916512
lfw_final,0.08240667621450666,0.49297337278106507,0.997773654916512
lfw_final,0.0823593142309378,0.4933431952662722,0.997773654916512
lfw_final,0.08230198560279475,0.4937130177514793,0.997773654916512
lfw_final,0.08227975438148259,0.4940828402366864,0.997773654916512
lfw_final,0.08224990229717813,0.4944526627218935,0.997773654916512
lfw_final,0.08216925403939167,0.4948224852071006,0.997773654916512
lfw_final,0.08206311293027391,0.4951923076923077,0.997773654916512
lfw_final,0.08173512469984295,0.49556213017751477,0.997773654916512
lfw_final,0.08167523195405825,0.4959319526627219,0.997773654916512
lfw_final,0.08165514559827886,0.496301775147929,0.997773654916512
lfw_final,0.08163025676775587,0.4966715976331361,0.997773654916512
lfw_final,0.08131899274993196,0.4970414201183432,0.997773654916512
lfw_final,0.08129355462563971,0.4974112426035503,0.997773654916512
lfw_final,0.08125528147380251,0.4977810650887574,0.997773654916512
lfw_final,0.08124907247717432,0.4981508875739645,0.997773654916512
lfw_final,0.08122299917345566,0.4985207100591716,0.997773654916512
lfw_final,0.08120800127046333,0.4988905325443787,0.997773654916512
lfw_final,0.08119218635660805,0.4992603550295858,0.997773654916512
lfw_final,0.08116136571752453,0.4996301775147929,0.997773654916512
lfw_final,0.08112907439281124,0.5,0.997773654916512
lfw_final,0.08104473461077946,0.5003698224852071,0.997773654916512
lfw_final,0.08056396191353095,0.5007396449704142,0.997773654916512
lfw_final,0.0805003922875838,0.5011094674556213,0.997773654916512
lfw_final,0.08033879991009121,0.5014792899408284,0.997773654916512
lfw_final,0.08032783391159062,0.5018491124260355,0.997773654916512
lfw_final,0.07996355052379538,0.5022189349112426,0.997773654916512
lfw_final,0.0798491921873311,0.5025887573964497,0.997773654916512
lfw_final,0.07978218426857443,0.5029585798816568,0.997773654916512
lfw_final,0.0795986554957088,0.5033284023668639,0.997773654916512
lfw_final,0.0791703761110644,0.503698224852071,0.997773654916512
lfw_final,0.07910919339051758,0.5040680473372781,0.997773654916512
lfw_final,0.07908499272772276,0.5044378698224852,0.997773654916512
lfw_final,0.07901320707737444,0.5048076923076923,0.997773654916512
lfw_final,0.07892947358395355,0.5051775147928994,0.997773654916512
lfw_final,0.07880458244834267,0.5055473372781065,0.997773654916512
lfw_final,0.07869118729222627,0.5059171597633136,0.997773654916512
lfw_final,0.07847441472555919,0.5062869822485208,0.997773654916512
lfw_final,0.07844975983948438,0.5066568047337278,0.997773654916512
lfw_final,0.07844803637559289,0.5070266272189349,0.997773654916512
lfw_final,0.07841839297689722,0.507396449704142,0.997773654916512
lfw_final,0.07841334014033263,0.5077662721893491,0.997773654916512
lfw_final,0.07825408702762345,0.5081360946745562,0.997773654916512
lfw_final,0.07819229771733163,0.5085059171597633,0.997773654916512
lfw_final,0.07812115682390293,0.5088757396449705,0.997773654916512
lfw_final,0.0780995793829325,0.5092455621301775,0.997773654916512
lfw_final,0.07808367349575522,0.5096153846153846,0.997773654916512
lfw_final,0.07805203051397434,0.5099852071005917,0.997773654916512
lfw_final,0.07782637451689105,0.5103550295857988,0.997773654916512
lfw_final,0.07780635654370942,0.5107248520710059,0.997773654916512
lfw_final,0.07776762222253891,0.511094674556213,0.997773654916512
lfw_final,0.0777636676164817,0.5114644970414202,0.997773654916512
lfw_final,0.07773151323274005,0.5118343195266272,0.997773654916512
lfw_final,0.07762991618651113,0.5122041420118343,0.997773654916512
lfw_final,0.0773517085554558,0.5125739644970414,0.997773654916512
lfw_final,0.07722846807300661,0.5129437869822485,0.997773654916512
lfw_final,0.07721307824474664,0.5133136094674556,0.997773654916512
lfw_final,0.07721209645547333,0.5136834319526628,0.997773654916512
lfw_final,0.07707741689228896,0.5140532544378699,0.997773654916512
lfw_final,0.07702694190740346,0.5144230769230769,0.997773654916512
lfw_final,0.07697392639047301,0.514792899408284,0.997773654916512
lfw_final,0.07692195114815376,0.5151627218934911,0.997773654916512
lfw_final,0.076903090779638,0.5155325443786982,0.997773654916512
lfw_final,0.07676370461040305,0.5159023668639053,0.997773654916512
lfw_final,0.07657575901277248,0.5162721893491125,0.997773654916512
lfw_final,0.07631812134122798,0.5166420118343196,0.997773654916512
lfw_final,0.07623652399098885,0.5170118343195266,0.997773654916512
lfw_final,0.07618632742406356,0.5173816568047337,0.997773654916512
lfw_final,0.07607099060447926,0.5177514792899408,0.997773654916512
lfw_final,0.07600445578966525,0.5181213017751479,0.997773654916512
lfw_final,0.07596429838987963,0.518491124260355,0.997773654916512
lfw_final,0.07595865867230898,0.5188609467455622,0.997773654916512
lfw_final,0.0759169944993965,0.5192307692307693,0.997773654916512
lfw_final,0.07582853766935851,0.5196005917159763,0.997773654916512
lfw_final,0.07581640101323053,0.5199704142011834,0.997773654916512
lfw_final,0.07560201223020144,0.5203402366863905,0.997773654916512
lfw_final,0.07557470458925375,0.5207100591715976,0.997773654916512
lfw_final,0.07554365551821662,0.5210798816568047,0.997773654916512
lfw_final,0.07553252842881134,0.5214497041420119,0.997773654916512
lfw_final,0.07553006023992095,0.521819526627219,0.997773654916512
lfw_final,0.07535594683039562,0.522189349112426,0.997773654916512
lfw_final,0.07530201526614302,0.5225591715976331,0.997773654916512
lfw_final,0.07520378264927664,0.5229289940828402,0.997773654916512
lfw_final,0.07517447653702201,0.5232988165680473,0.997773654916512
lfw_final,0.07515874937315963,0.5236686390532544,0.997773654916512
lfw_final,0.0751169531510511,0.5240384615384616,0.997773654916512
lfw_final,0.074914613335785,0.5244082840236687,0.997773654916512
lfw_final,0.0748232925477221,0.5247781065088757,0.997773654916512
lfw_final,0.07476091378873884,0.5251479289940828,0.997773654916512
lfw_final,0.07451172210141327,0.5255177514792899,0.997773654916512
lfw_final,0.07449238904543252,0.525887573964497,0.997773654916512
lfw_final,0.07438890890072387,0.5262573964497042,0.997773654916512
lfw_final,0.07435469743357889,0.5266272189349113,0.997773654916512
lfw_final,0.07434851024212406,0.5269970414201184,0.997773654916512
lfw_final,0.0742879873090747,0.5273668639053254,0.997773654916512
lfw_final,0.07418680500042588,0.5277366863905325,0.997773654916512
lfw_final,0.07412498007198715,0.5281065088757396,0.997773654916512
lfw_final,0.07411149586488983,0.5284763313609467,0.997773654916512
lfw_final,0.07406240207982068,0.5288461538461539,0.997773654916512
lfw_final,0.07406033396350042,0.529215976331361,0.997773654916512
lfw_final,0.07398748127086535,0.5295857988165681,0.997773654916512
lfw_final,0.07383205640666712,0.5299556213017751,0.997773654916512
lfw_final,0.07368364481767994,0.5303254437869822,0.997773654916512
lfw_final,0.0736693373259242,0.5306952662721893,0.997773654916512
lfw_final,0.07365777666055835,0.5310650887573964,0.997773654916512
lfw_final,0.07363183243475338,0.5314349112426036,0.997773654916512
lfw_final,0.07357833916370202,0.5318047337278107,0.997773654916512
lfw_final,0.07345864427481219,0.5321745562130178,0.997773654916512
lfw_final,0.07343864949896535,0.5325443786982249,0.997773654916512
lfw_final,0.07335002361148917,0.5329142011834319,0.997773654916512
lfw_final,0.07331226437740206,0.533284023668639,0.997773654916512
lfw_final,0.0732412885748313,0.5336538461538461,0.997773654916512
lfw_final,0.07321590667685197,0.5340236686390533,0.997773654916512
lfw_final,0.07319155487559745,0.5343934911242604,0.997773654916512
lfw_final,0.07311071595916901,0.5347633136094675,0.997773654916512
lfw_final,0.07293345783601543,0.5351331360946746,0.997773654916512
lfw_final,0.07282234423572385,0.5355029585798816,0.997773654916512
lfw_final,0.07279964532929811,0.5358727810650887,0.997773654916512
lfw_final,0.07279245944825151,0.5362426035502958,0.997773654916512
lfw_final,0.07268611373091016,0.536612426035503,0.997773654916512
lfw_final,0.07267941726897245,0.5369822485207101,0.997773654916512
lfw_final,0.0726764939134852,0.5373520710059172,0.997773654916512
lfw_final,0.07259497362879722,0.5377218934911243,0.997773654916512
lfw_final,0.07247011100082415,0.5380917159763313,0.997773654916512
lfw_final,0.07242626626211193,0.5384615384615384,0.997773654916512
lfw_final,0.07237505850059876,0.5388313609467456,0.997773654916512
lfw_final,0.07224947467762646,0.5392011834319527,0.997773654916512
lfw_final,0.07221103372247308,0.5395710059171598,0.997773654916512
lfw_final,0.0720264623060889,0.5399408284023669,0.997773654916512
lfw_final,0.07183270828084247,0.540310650887574,0.997773654916512
lfw_final,0.07138210244683216,0.540680473372781,0.997773654916512
lfw_final,0.07136482409624265,0.5410502958579881,0.997773654916512
lfw_final,0.07135144404247273,0.5414201183431953,0.997773654916512
lfw_final,0.07129155787540112,0.5417899408284024,0.997773654916512
lfw_final,0.07127500451962204,0.5421597633136095,0.997773654916512
lfw_final,0.07118452886869422,0.5425295857988166,0.997773654916512
lfw_final,0.0710369978364341,0.5428994082840237,0.997773654916512
lfw_final,0.07088453035000969,0.5432692307692307,0.997773654916512
lfw_final,0.07086988503352061,0.5436390532544378,0.997773654916512
lfw_final,0.07077724398497595,0.544008875739645,0.997773654916512
lfw_final,0.07073548999811434,0.5443786982248521,0.997773654916512
lfw_final,0.07067356136857068,0.5447485207100592,0.997773654916512
lfw_final,0.07047068552397713,0.5451183431952663,0.997773654916512
lfw_final,0.07044016645219861,0.5454881656804734,0.997773654916512
lfw_final,0.07033658567423719,0.5458579881656804,0.997773654916512
lfw_final,0.07028761948481821,0.5462278106508875,0.997773654916512
lfw_final,0.07026893874192494,0.5465976331360947,0.997773654916512
lfw_final,0.0700033181449171,0.5469674556213018,0.997773654916512
lfw_final,0.06999161262407363,0.5473372781065089,0.997773654916512
lfw_final,0.06997246805131783,0.547707100591716,0.997773654916512
lfw_final,0.06994288431396883,0.5480769230769231,0.997773654916512
lfw_final,0.06991447939328727,0.5484467455621301,0.997773654916512
lfw_final,0.06988499161792816,0.5488165680473372,0.997773654916512
lfw_final,0.06985230176058232,0.5491863905325444,0.997773654916512
lfw_final,0.06980532405094017,0.5495562130177515,0.997773654916512
lfw_final,0.06972259173410177,0.5499260355029586,0.997773654916512
lfw_final,0.06967565018374205,0.5502958579881657,0.997773654916512
lfw_final,0.069368340060357,0.5506656804733728,0.997773654916512
lfw_final,0.06927275541446334,0.5510355029585798,0.997773654916512
lfw_final,0.06914024269568769,0.551405325443787,0.997773654916512
lfw_final,0.06912940572438495,0.5517751479289941,0.997773654916512
lfw_final,0.06912538136920104,0.5521449704142012,0.997773654916512
lfw_final,0.06903233251526132,0.5525147928994083,0.997773654916512
lfw_final,0.06902921886133366,0.5528846153846154,0.997773654916512
lfw_final,0.06899997109782188,0.5532544378698225,0.997773654916512
lfw_final,0.06895170103760645,0.5536242603550295,0.997773654916512
lfw_final,0.0689277947550703,0.5539940828402367,0.997773654916512
lfw_final,0.06884322775312805,0.5543639053254438,0.997773654916512
lfw_final,0.06877839734160034,0.5547337278106509,0.997773654916512
lfw_final,0.06877596149146643,0.555103550295858,0.997773654916512
lfw_final,0.06860573594364444,0.5554733727810651,0.997773654916512
lfw_final,0.06854698256329667,0.5558431952662722,0.997773654916512
lfw_final,0.06847300579542771,0.5562130177514792,0.997773654916512
lfw_final,0.06845062040242478,0.5565828402366864,0.997773654916512
lfw_final,0.06844777294248852,0.5569526627218935,0.997773654916512
lfw_final,0.06824397323374053,0.5573224852071006,0.997773654916512
lfw_final,0.06813249684697717,0.5576923076923077,0.997773654916512
lfw_final,0.06811016175313409,0.5580621301775148,0.997773654916512
lfw_final,0.06796325276908312,0.5584319526627219,0.997773654916512
lfw_final,0.06788032625223292,0.558801775147929,0.997773654916512
lfw_final,0.06773370717393909,0.5591715976331361,0.997773654916512
lfw_final,0.06771104967699339,0.5595414201183432,0.997773654916512
lfw_final,0.06769520494119434,0.5599112426035503,0.997773654916512
lfw_final,0.06762584394293253,0.5602810650887574,0.997773654916512
lfw_final,0.06748118823910505,0.5606508875739645,0.997773654916512
lfw_final,0.06743585822547275,0.5610207100591716,0.997773654916512
lfw_final,0.06724549811831299,0.5613905325443787,0.997773654916512
lfw_final,0.06679361828579884,0.5617603550295858,0.997773654916512
lfw_final,0.06675712264094566,0.5621301775147929,0.997773654916512
lfw_final,0.06670029581347421,0.5625,0.997773654916512
lfw_final,0.0663946204917647,0.5628698224852071,0.997773654916512
lfw_final,0.06638933616959317,0.5632396449704142,0.997773654916512
lfw_final,0.06637357951830977,0.5636094674556213,0.997773654916512
lfw_final,0.0661523284458801,0.5639792899408284,0.997773654916512
lfw_final,0.06613721816553356,0.5643491124260355,0.997773654916512
lfw_final,0.06579894307534308,0.5647189349112426,0.997773654916512
lfw_final,0.06578888331157906,0.5650887573964497,0.997773654916512
lfw_final,0.06578815512854441,0.5654585798816568,0.997773654916512
lfw_final,0.06563765801997867,0.5658284023668639,0.997773654916512
lfw_final,0.06551166246082918,0.566198224852071,0.997773654916512
lfw_final,0.06543065929004835,0.5665680473372781,0.997773654916512
lfw_final,0.06541381332332692,0.5669378698224852,0.997773654916512
lfw_final,0.06530097169332166,0.5673076923076923,0.997773654916512
lfw_final,0.0652868601037018,0.5676775147928994,0.997773654916512
lfw_final,0.06528203765770071,0.5680473372781065,0.997773654916512
lfw_final,0.06524750088885807,0.5684171597633136,0.997773654916512
lfw_final,0.06521016735092544,0.5687869822485208,0.997773654916512
lfw_final,0.06510474436375466,0.5691568047337278,0.997773654916512
lfw_final,0.0650944374259752,0.5695266272189349,0.997773654916512
lfw_final,0.06495588088925541,0.569896449704142,0.997773654916512
lfw_final,0.06490399149558879,0.5702662721893491,0.997773654916512
lfw_final,0.06471578822357675,0.5706360946745562,0.997773654916512
lfw_final,0.06466100763843163,0.5710059171597633,0.997773654916512
lfw_final,0.06447366236663653,0.5713757396449705,0.997773654916512
lfw_final,0.0644306973797125,0.5717455621301775,0.997773654916512
lfw_final,0.06440379247764513,0.5721153846153846,0.997773654916512
lfw_final,0.06429328421686048,0.5724852071005917,0.997773654916512
lfw_final,0.06419204347558959,0.5728550295857988,0.997773654916512
lfw_final,0.06415096925745128,0.5732248520710059,0.997773654916512
lfw_final,0.06405982790851919,0.573594674556213,0.997773654916512
lfw_final,0.06383430688594866,0.5739644970414202,0.997773654916512
lfw_final,0.06379375083645394,0.5743343195266272,0.997773654916512
lfw_final,0.06378337605443053,0.5747041420118343,0.997773654916512
lfw_final,0.06371757745484914,0.5750739644970414,0.997773654916512
lfw_final,0.06364596155117022,0.5754437869822485,0.997773654916512
lfw_final,0.06359552138747507,0.5758136094674556,0.997773654916512
lfw_final,0.06357274598726584,0.5761834319526628,0.997773654916512
lfw_final,0.06342736326475312,0.5765532544378699,0.997773654916512
lfw_final,0.06329367086347898,0.5769230769230769,0.997773654916512
lfw_final,0.0632848984241437,0.577292899408284,0.997773654916512
lfw_final,0.06325135713391299,0.5776627218934911,0.997773654916512
lfw_final,0.06320058583725054,0.5780325443786982,0.997773654916512
lfw_final,0.06299831286499807,0.5784023668639053,0.997773654916512
lfw_final,0.06285906876131378,0.5787721893491125,0.997773654916512
lfw_final,0.06278622232901984,0.5791420118343196,0.997773654916512
lfw_final,0.06247305263713746,0.5795118343195266,0.997773654916512
lfw_final,0.06199526462724551,0.5798816568047337,0.997773654916512
lfw_final,0.06195854183569079,0.5802514792899408,0.997773654916512
lfw_final,0.06190250157173818,0.5806213017751479,0.997773654916512
lfw_final,0.06186621327473715,0.580991124260355,0.997773654916512
lfw_final,0.06182163286443158,0.5813609467455622,0.997773654916512
lfw_final,0.06179017128585545,0.5817307692307693,0.997773654916512
lfw_final,0.061773709578502645,0.5821005917159763,0.997773654916512
lfw_final,0.06162674522944874,0.5824704142011834,0.997773654916512
lfw_final,0.061577300821627545,0.5828402366863905,0.997773654916512
lfw_final,0.0614682849868506,0.5832100591715976,0.997773654916512
lfw_final,0.061445027957114144,0.5835798816568047,0.997773654916512
lfw_final,0.06143299633851438,0.5839497041420119,0.997773654916512
lfw_final,0.0613940469809945,0.584319526627219,0.997773654916512
lfw_final,0.06134932144802061,0.584689349112426,0.997773654916512
lfw_final,0.06128859178106021,0.5850591715976331,0.997773654916512
lfw_final,0.06125983665291255,0.5854289940828402,0.997773654916512
lfw_final,0.06123320518788394,0.5857988165680473,0.997773654916512
lfw_final,0.06110878948150703,0.5861686390532544,0.997773654916512
lfw_final,0.060988201903849716,0.5865384615384616,0.997773654916512
lfw_final,0.060941429780780154,0.5869082840236687,0.997773654916512
lfw_final,0.06091948766514027,0.5872781065088757,0.997773654916512
lfw_final,0.06086694810469227,0.5876479289940828,0.997773654916512
lfw_final,0.060858203354859024,0.5880177514792899,0.997773654916512
lfw_final,0.060856679909056,0.588387573964497,0.997773654916512
lfw_final,0.06057312463562217,0.5887573964497042,0.997773654916512
lfw_final,0.060570115148955786,0.5891272189349113,0.997773654916512
lfw_final,0.060535340569130645,0.5894970414201184,0.997773654916512
lfw_final,0.06036760021137957,0.5898668639053254,0.997773654916512
lfw_final,0.060348444020331196,0.5902366863905325,0.997773654916512
lfw_final,0.060248819562626975,0.5906065088757396,0.997773654916512
lfw_final,0.06015985614227657,0.5909763313609467,0.997773654916512
lfw_final,0.06011622671219174,0.5913461538461539,0.997773654916512
lfw_final,0.06000901872137655,0.591715976331361,0.997773654916512
lfw_final,0.05988528416995435,0.5920857988165681,0.997773654916512
lfw_final,0.059787416450545215,0.5924556213017751,0.997773654916512
lfw_final,0.05970285880807025,0.5928254437869822,0.997773654916512
lfw_final,0.059675093225779574,0.5931952662721893,0.997773654916512
lfw_final,0.05962752184734074,0.5935650887573964,0.997773654916512
lfw_final,0.05958076452833632,0.5939349112426036,0.997773654916512
lfw_final,0.05957614738656084,0.5943047337278107,0.997773654916512
lfw_final,0.05956514413795457,0.5946745562130178,0.997773654916512
lfw_final,0.059362142337609544,0.5950443786982249,0.997773654916512
lfw_final,0.059238775660721735,0.5954142011834319,0.997773654916512
lfw_final,0.05918890545238334,0.595784023668639,0.997773654916512
lfw_final,0.0591626453032786,0.5961538461538461,0.997773654916512
lfw_final,0.059131491970635545,0.5965236686390533,0.997773654916512
lfw_final,0.0590122303993653,0.5968934911242604,0.997773654916512
lfw_final,0.05889714900230278,0.5972633136094675,0.997773654916512
lfw_final,0.05885524829058028,0.5976331360946746,0.997773654916512
lfw_final,0.05885088813091507,0.5980029585798816,0.997773654916512
lfw_final,0.05880557407953119,0.5983727810650887,0.997773654916512
lfw_final,0.05878769374270393,0.5987426035502958,0.997773654916512
lfw_final,0.0586083455414188,0.599112426035503,0.997773654916512
lfw_final,0.058559708365675575,0.5994822485207101,0.997773654916512
lfw_final,0.05852945297659614,0.5998520710059172,0.997773654916512
lfw_final,0.058507455650153604,0.6002218934911243,0.997773654916512
lfw_final,0.05847728257636646,0.6005917159763313,0.997773654916512
lfw_final,0.058464396113609256,0.6009615384615384,0.997773654916512
lfw_final,0.05844748687095965,0.6013313609467456,0.997773654916512
lfw_final,0.058444597514444,0.6017011834319527,0.997773654916512
lfw_final,0.05841964595767467,0.6020710059171598,0.997773654916512
lfw_final,0.05841251754874199,0.6024408284023669,0.997773654916512
lfw_final,0.05839079064073121,0.602810650887574,0.997773654916512
lfw_final,0.05838784250930807,0.603180473372781,0.997773654916512
lfw_final,0.05823390782605328,0.6035502958579881,0.997773654916512
lfw_final,0.0581945388926812,0.6039201183431953,0.997773654916512
lfw_final,0.058183145763263666,0.6042899408284024,0.997773654916512
lfw_final,0.05812658865117369,0.6046597633136095,0.997773654916512
lfw_final,0.05801028027745464,0.6050295857988166,0.997773654916512
lfw_final,0.05797501358704676,0.6053994082840237,0.997773654916512
lfw_final,0.05795005795877764,0.6057692307692307,0.997773654916512
lfw_final,0.05792850049756307,0.6061390532544378,0.997773654916512
lfw_final,0.05785586906824152,0.606508875739645,0.997773654916512
lfw_final,0.05775337429163225,0.6068786982248521,0.997773654916512
lfw_final,0.057586619649986716,0.6072485207100592,0.997773654916512
lfw_final,0.057461850816173755,0.6076183431952663,0.997773654916512
lfw_final,0.05737433250016475,0.6079881656804734,0.997773654916512
lfw_final,0.05729202118261821,0.6083579881656804,0.997773654916512
lfw_final,0.057268298678259784,0.6087278106508875,0.997773654916512
lfw_final,0.05719922265994181,0.6090976331360947,0.997773654916512
lfw_final,0.056872806859455366,0.6094674556213018,0.997773654916512
lfw_final,0.05685273392183787,0.6098372781065089,0.997773654916512
lfw_final,0.05675208581446232,0.610207100591716,0.997773654916512
lfw_final,0.05669049449470268,0.6105769230769231,0.997773654916512
lfw_final,0.056635447544615,0.6109467455621301,0.997773654916512
lfw_final,0.056606169162503765,0.6113165680473372,0.997773654916512
lfw_final,0.05653101067599768,0.6116863905325444,0.997773654916512
lfw_final,0.056350883640909594,0.6120562130177515,0.997773654916512
lfw_final,0.056289256640393776,0.6124260355029586,0.997773654916512
lfw_final,0.0562449699228061,0.6124260355029586,0.9981447124304267
lfw_final,0.05611865463950286,0.6127958579881657,0.9981447124304267
lfw_final,0.056115319153517904,0.6131656804733728,0.9981447124304267
lfw_final,0.056108806992916704,0.6135355029585798,0.9981447124304267
lfw_final,0.055929862613055985,0.613905325443787,0.9981447124304267
lfw_final,0.05588083610968556,0.6142751479289941,0.9981447124304267
lfw_final,0.055880700496879106,0.6146449704142012,0.9981447124304267
lfw_final,0.055880423632718786,0.6150147928994083,0.9981447124304267
lfw_final,0.05587961435115892,0.6153846153846154,0.9981447124304267
lfw_final,0.05581230031844685,0.6157544378698225,0.9981447124304267
lfw_final,0.055742386394749745,0.6161242603550295,0.9981447124304267
lfw_final,0.055676678808318614,0.6164940828402367,0.9981447124304267
lfw_final,0.05567174210574922,0.6168639053254438,0.9981447124304267
lfw_final,0.0556219898058279,0.6172337278106509,0.9981447124304267
lfw_final,0.05558024669602641,0.617603550295858,0.9981447124304267
lfw_final,0.05553460581628766,0.6179733727810651,0.9981447124304267
lfw_final,0.0555078538684365,0.6183431952662722,0.9981447124304267
lfw_final,0.05540598181946699,0.6187130177514792,0.9981447124304267
lfw_final,0.05537570206875064,0.6190828402366864,0.9981447124304267
lfw_final,0.05517844143266257,0.6194526627218935,0.9981447124304267
lfw_final,0.05500904041853055,0.6198224852071006,0.9981447124304267
lfw_final,0.054885779028665,0.6201923076923077,0.9981447124304267
lfw_final,0.0548136539104254,0.6205621301775148,0.9981447124304267
lfw_final,0.054680486089862645,0.6209319526627219,0.9981447124304267
lfw_final,0.05461279008028844,0.621301775147929,0.9981447124304267
lfw_final,0.05457862496520358,0.6216715976331361,0.9981447124304267
lfw_final,0.0545657038277564,0.6220414201183432,0.9981447124304267
lfw_final,0.054550680684987994,0.6224112426035503,0.9981447124304267
lfw_final,0.05444718061900681,0.6227810650887574,0.9981447124304267
lfw_final,0.054420507687881266,0.6231508875739645,0.9981447124304267
lfw_final,0.05437377958112374,0.6235207100591716,0.9981447124304267
lfw_final,0.05428500465025484,0.6238905325443787,0.9981447124304267
lfw_final,0.05417422552278252,0.6242603550295858,0.9981447124304267
lfw_final,0.05401006179798631,0.6246301775147929,0.9981447124304267
lfw_final,0.05393740661658675,0.625,0.9981447124304267
lfw_final,0.05393596858841408,0.6253698224852071,0.9981447124304267
lfw_final,0.05383917901245585,0.6257396449704142,0.9981447124304267
lfw_final,0.05382529533695583,0.6261094674556213,0.9981447124304267
lfw_final,0.053710122091373574,0.6264792899408284,0.9981447124304267
lfw_final,0.053642020492912446,0.6268491124260355,0.9981447124304267
lfw_final,0.0535290421714861,0.6272189349112426,0.9981447124304267
lfw_final,0.05351368066929932,0.6275887573964497,0.9981447124304267
lfw_final,0.0535066669218243,0.6279585798816568,0.9981447124304267
lfw_final,0.05341767313820804,0.6283284023668639,0.9981447124304267
lfw_final,0.05307223692759679,0.628698224852071,0.9981447124304267
lfw_final,0.052934587951729666,0.6290680473372781,0.9981447124304267
lfw_final,0.05291399072275828,0.6294378698224852,0.9981447124304267
lfw_final,0.05264860613454693,0.6298076923076923,0.9981447124304267
lfw_final,0.05233588915219026,0.6301775147928994,0.9981447124304267
lfw_final,0.0522721292223287,0.6305473372781065,0.9981447124304267
lfw_final,0.05221846124393143,0.6309171597633136,0.9981447124304267
lfw_final,0.05197009730462322,0.6312869822485208,0.9981447124304267
lfw_final,0.05186659402609201,0.6316568047337278,0.9981447124304267
lfw_final,0.051805740843133455,0.6320266272189349,0.9981447124304267
lfw_final,0.05176785971883151,0.632396449704142,0.9981447124304267
lfw_final,0.051726622901460385,0.6327662721893491,0.9981447124304267
lfw_final,0.05160875144274508,0.6331360946745562,0.9981447124304267
lfw_final,0.05156257219131372,0.6335059171597633,0.9981447124304267
lfw_final,0.051532273565818805,0.6338757396449705,0.9981447124304267
lfw_final,0.05140099546653383,0.6342455621301775,0.9981447124304267
lfw_final,0.05132820063379698,0.6346153846153846,0.9981447124304267
lfw_final,0.0512470772914452,0.6349852071005917,0.9981447124304267
lfw_final,0.05122731703041338,0.6353550295857988,0.9981447124304267
lfw_final,0.05111429045887357,0.6357248520710059,0.9981447124304267
lfw_final,0.051052268138553125,0.636094674556213,0.9981447124304267
lfw_final,0.0510085332371288,0.6364644970414202,0.9981447124304267
lfw_final,0.050989808865579626,0.6368343195266272,0.9981447124304267
lfw_final,0.050945570907086735,0.6372041420118343,0.9981447124304267
lfw_final,0.05075758653126293,0.6375739644970414,0.9981447124304267
lfw_final,0.05070928631819634,0.6379437869822485,0.9981447124304267
lfw_final,0.050703201773745515,0.6383136094674556,0.9981447124304267
lfw_final,0.050623131283609894,0.6386834319526628,0.9981447124304267
lfw_final,0.05050623405459979,0.6390532544378699,0.9981447124304267
lfw_final,0.05018887166465253,0.6394230769230769,0.9981447124304267
lfw_final,0.049998675763517623,0.6394230769230769,0.9985157699443413
lfw_final,0.04996391491677705,0.639792899408284,0.9985157699443413
lfw_final,0.049861631616000227,0.6401627218934911,0.9985157699443413
lfw_final,0.04984457361980434,0.6405325443786982,0.9985157699443413
lfw_final,0.04979335965395871,0.6409023668639053,0.9985157699443413
lfw_final,0.049787152647102526,0.6412721893491125,0.9985157699443413
lfw_final,0.0497027737335235,0.6416420118343196,0.9985157699443413
lfw_final,0.04961148463251524,0.6420118343195266,0.9985157699443413
lfw_final,0.04955131408284857,0.6423816568047337,0.9985157699443413
lfw_final,0.049186924915976794,0.6427514792899408,0.9985157699443413
lfw_final,0.04914332059312764,0.6431213017751479,0.9985157699443413
lfw_final,0.049080990818583844,0.643491124260355,0.9985157699443413
lfw_final,0.04894633485338258,0.6438609467455622,0.9985157699443413
lfw_final,0.04892976789233298,0.6442307692307693,0.9985157699443413
lfw_final,0.048920965513028485,0.6446005917159763,0.9985157699443413
lfw_final,0.04877683270058042,0.6449704142011834,0.9985157699443413
lfw_final,0.04865260676161824,0.6453402366863905,0.9985157699443413
lfw_final,0.04852638508605672,0.6457100591715976,0.9985157699443413
lfw_final,0.04844768037253934,0.6460798816568047,0.9985157699443413
lfw_final,0.04842556070034444,0.6464497041420119,0.9985157699443413
lfw_final,0.04829135628801925,0.646819526627219,0.9985157699443413
lfw_final,0.0482784181810763,0.647189349112426,0.9985157699443413
lfw_final,0.04806327826785045,0.6475591715976331,0.9985157699443413
lfw_final,0.04789418140500266,0.6479289940828402,0.9985157699443413
lfw_final,0.04777250777711423,0.6482988165680473,0.9985157699443413
lfw_final,0.04772124994244553,0.6486686390532544,0.9985157699443413
lfw_final,0.04764057825877304,0.6490384615384616,0.9985157699443413
lfw_final,0.047591197667744,0.6494082840236687,0.9985157699443413
lfw_final,0.04744151268757153,0.6497781065088757,0.9985157699443413
lfw_final,0.047433170992688796,0.6501479289940828,0.9985157699443413
lfw_final,0.047385506292419735,0.6505177514792899,0.9985157699443413
lfw_final,0.04736719788649389,0.650887573964497,0.9985157699443413
lfw_final,0.04724026850470983,0.6512573964497042,0.9985157699443413
lfw_final,0.04711537197644693,0.6516272189349113,0.9985157699443413
lfw_final,0.047010327020411274,0.6519970414201184,0.9985157699443413
lfw_final,0.046885896398221424,0.6523668639053254,0.9985157699443413
lfw_final,0.04683078840005435,0.6527366863905325,0.9985157699443413
lfw_final,0.04680503893309902,0.6531065088757396,0.9985157699443413
lfw_final,0.04673091379541541,0.6534763313609467,0.9985157699443413
lfw_final,0.046720380448798796,0.6538461538461539,0.9985157699443413
lfw_final,0.0466606140177576,0.654215976331361,0.9985157699443413
lfw_final,0.04643043306746462,0.6545857988165681,0.9985157699443413
lfw_final,0.046393475373630415,0.6549556213017751,0.9985157699443413
lfw_final,0.04631337733106907,0.6553254437869822,0.9985157699443413
lfw_final,0.04615543816253369,0.6556952662721893,0.9985157699443413
lfw_final,0.04612109681448528,0.6560650887573964,0.9985157699443413
lfw_final,0.04611169391921699,0.6564349112426036,0.9985157699443413
lfw_final,0.046055529175735556,0.6568047337278107,0.9985157699443413
lfw_final,0.04603500124166466,0.6571745562130178,0.9985157699443413
lfw_final,0.04603144870571076,0.6575443786982249,0.9985157699443413
lfw_final,0.046005205633731776,0.6579142011834319,0.9985157699443413
lfw_final,0.04599679545033986,0.658284023668639,0.9985157699443413
lfw_final,0.04595456099976,0.6586538461538461,0.9985157699443413
lfw_final,0.04584080953137827,0.6590236686390533,0.9985157699443413
lfw_final,0.0457927075715038,0.6593934911242604,0.9985157699443413
lfw_final,0.04569562146417069,0.6597633136094675,0.9985157699443413
lfw_final,0.04569152244426741,0.6601331360946746,0.9985157699443413
lfw_final,0.04549006160890309,0.6605029585798816,0.9985157699443413
lfw_final,0.04542624879623207,0.6608727810650887,0.9985157699443413
lfw_final,0.04521921916383846,0.6612426035502958,0.9985157699443413
lfw_final,0.04515187122710081,0.661612426035503,0.9985157699443413
lfw_final,0.04500189975958531,0.6619822485207101,0.9985157699443413
lfw_final,0.04497973550628908,0.6623520710059172,0.9985157699443413
lfw_final,0.04493757567720159,0.6627218934911243,0.9985157699443413
lfw_final,0.04459704488505826,0.6630917159763313,0.9985157699443413
lfw_final,0.044588083964098635,0.6634615384615384,0.9985157699443413
lfw_final,0.04447163376931266,0.6638313609467456,0.9985157699443413
lfw_final,0.0443577167305895,0.6642011834319527,0.9985157699443413
lfw_final,0.04426197793343697,0.6645710059171598,0.9985157699443413
lfw_final,0.044159840559000414,0.6649408284023669,0.9985157699443413
lfw_final,0.04415026926132327,0.665310650887574,0.9985157699443413
lfw_final,0.04406636879500619,0.665680473372781,0.9985157699443413
lfw_final,0.04399528468656228,0.6660502958579881,0.9985157699443413
lfw_final,0.04392610081954895,0.6664201183431953,0.9985157699443413
lfw_final,0.04390647831392914,0.6667899408284024,0.9985157699443413
lfw_final,0.04390108874855221,0.6671597633136095,0.9985157699443413
lfw_final,0.0438861449986334,0.6675295857988166,0.9985157699443413
lfw_final,0.04378111574934765,0.6678994082840237,0.9985157699443413
lfw_final,0.043735383073359675,0.6682692307692307,0.9985157699443413
lfw_final,0.04373306549989571,0.6686390532544378,0.9985157699443413
lfw_final,0.043701760197525356,0.669008875739645,0.9985157699443413
lfw_final,0.04353649032343727,0.6693786982248521,0.9985157699443413
lfw_final,0.043502202277924604,0.6697485207100592,0.9985157699443413
lfw_final,0.04343110285954563,0.6701183431952663,0.9985157699443413
lfw_final,0.04343093643574399,0.6704881656804734,0.9985157699443413
lfw_final,0.04338552584312005,0.6708579881656804,0.9985157699443413
lfw_final,0.04330050187712253,0.6712278106508875,0.9985157699443413
lfw_final,0.0432332482511516,0.6715976331360947,0.9985157699443413
lfw_final,0.043204285838754984,0.6719674556213018,0.9985157699443413
lfw_final,0.04315502286970602,0.6723372781065089,0.9985157699443413
lfw_final,0.04309840889740876,0.672707100591716,0.9985157699443413
lfw_final,0.043097352571262695,0.6730769230769231,0.9985157699443413
lfw_final,0.043093633587879356,0.6734467455621301,0.9985157699443413
lfw_final,0.04304826637463102,0.6738165680473372,0.9985157699443413
lfw_final,0.043002582540167075,0.6741863905325444,0.9985157699443413
lfw_final,0.042879326927637726,0.6745562130177515,0.9985157699443413
lfw_final,0.04280763756845749,0.6749260355029586,0.9985157699443413
lfw_final,0.042646650484545,0.6752958579881657,0.9985157699443413
lfw_final,0.042605337705948335,0.6756656804733728,0.9985157699443413
lfw_final,0.042586286360484726,0.6760355029585798,0.9985157699443413
lfw_final,0.042544837834952505,0.676405325443787,0.9985157699443413
lfw_final,0.04239264623679362,0.6767751479289941,0.9985157699443413
lfw_final,0.042132636162429175,0.6771449704142012,0.9985157699443413
lfw_final,0.042072259715423437,0.6775147928994083,0.9985157699443413
lfw_final,0.04194404991214466,0.6778846153846154,0.9985157699443413
lfw_final,0.041806460628248256,0.6782544378698225,0.9985157699443413
lfw_final,0.04171666307982884,0.6786242603550295,0.9985157699443413
lfw_final,0.04160280826930443,0.6789940828402367,0.9985157699443413
lfw_final,0.04145264353524638,0.6793639053254438,0.9985157699443413
lfw_final,0.04145179648499505,0.6797337278106509,0.9985157699443413
lfw_final,0.04120962738926609,0.680103550295858,0.9985157699443413
lfw_final,0.0410283955276642,0.6804733727810651,0.9985157699443413
lfw_final,0.04101155141947141,0.6808431952662722,0.9985157699443413
lfw_final,0.04093039610673329,0.6812130177514792,0.9985157699443413
lfw_final,0.040864687009301355,0.6815828402366864,0.9985157699443413
lfw_final,0.040860117430173794,0.6819526627218935,0.9985157699443413
lfw_final,0.04082123097738501,0.6823224852071006,0.9985157699443413
lfw_final,0.04075576221235577,0.6826923076923077,0.9985157699443413
lfw_final,0.04071931865387058,0.6830621301775148,0.9985157699443413
lfw_final,0.040607055454478,0.6834319526627219,0.9985157699443413
lfw_final,0.04060194011678886,0.683801775147929,0.9985157699443413
lfw_final,0.04048045476091894,0.6841715976331361,0.9985157699443413
lfw_final,0.04047455939852638,0.6845414201183432,0.9985157699443413
lfw_final,0.04026254828257246,0.6849112426035503,0.9985157699443413
lfw_final,0.04024089563613714,0.6852810650887574,0.9985157699443413
lfw_final,0.040059716450861774,0.6856508875739645,0.9985157699443413
lfw_final,0.040025290405928886,0.6856508875739645,0.9988868274582561
lfw_final,0.039782942567877344,0.6860207100591716,0.9988868274582561
lfw_final,0.039710407758248065,0.6863905325443787,0.9988868274582561
lfw_final,0.039622064751604485,0.6867603550295858,0.9988868274582561
lfw_final,0.03958826021217564,0.6871301775147929,0.9988868274582561
lfw_final,0.03954286290514833,0.6875,0.9988868274582561
lfw_final,0.039526523276859904,0.6878698224852071,0.9988868274582561
lfw_final,0.03949487873321903,0.6882396449704142,0.9988868274582561
lfw_final,0.03937387762519494,0.6886094674556213,0.9988868274582561
lfw_final,0.039247938309372093,0.6889792899408284,0.9988868274582561
lfw_final,0.03923890744698814,0.6893491124260355,0.9988868274582561
lfw_final,0.03922034713873618,0.6897189349112426,0.9988868274582561
lfw_final,0.03915918464358574,0.6900887573964497,0.9988868274582561
lfw_final,0.03910113835176964,0.6904585798816568,0.9988868274582561
lfw_final,0.03907756542020096,0.6908284023668639,0.9988868274582561
lfw_final,0.039034337577201816,0.691198224852071,0.9988868274582561
lfw_final,0.039032872216054046,0.6915680473372781,0.9988868274582561
lfw_final,0.038915988865514506,0.6919378698224852,0.9988868274582561
lfw_final,0.03884567492143371,0.6923076923076923,0.9988868274582561
lfw_final,0.03883352862821452,0.6926775147928994,0.9988868274582561
lfw_final,0.03882111782164931,0.6930473372781065,0.9988868274582561
lfw_final,0.03875422555129653,0.6934171597633136,0.9988868274582561
lfw_final,0.03873918531563332,0.6937869822485208,0.9988868274582561
lfw_final,0.038532747729867374,0.6941568047337278,0.9988868274582561
lfw_final,0.038475772716607244,0.6945266272189349,0.9988868274582561
lfw_final,0.03837826307539467,0.694896449704142,0.9988868274582561
lfw_final,0.038251934561148684,0.6952662721893491,0.9988868274582561
lfw_final,0.038152438380242154,0.6956360946745562,0.9988868274582561
lfw_final,0.03808675996353325,0.6960059171597633,0.9988868274582561
lfw_final,0.0380699920823721,0.6963757396449705,0.9988868274582561
lfw_final,0.038008416824355074,0.6967455621301775,0.9988868274582561
lfw_final,0.03779326463860679,0.6971153846153846,0.9988868274582561
lfw_final,0.037792962683718546,0.6974852071005917,0.9988868274582561
lfw_final,0.037523103590198933,0.6978550295857988,0.9988868274582561
lfw_final,0.037485270386926964,0.6982248520710059,0.9988868274582561
lfw_final,0.03715558465813098,0.698594674556213,0.9988868274582561
lfw_final,0.03687092486416988,0.6989644970414202,0.9988868274582561
lfw_final,0.03683995647788164,0.6993343195266272,0.9988868274582561
lfw_final,0.0367655137349744,0.6997041420118343,0.9988868274582561
lfw_final,0.03667724658161714,0.7000739644970414,0.9988868274582561
lfw_final,0.036595366243202115,0.7004437869822485,0.9988868274582561
lfw_final,0.03654509279511853,0.7008136094674556,0.9988868274582561
lfw_final,0.03631936854519156,0.7011834319526628,0.9988868274582561
lfw_final,0.03627881240845666,0.7015532544378699,0.9988868274582561
lfw_final,0.03622802890112026,0.7019230769230769,0.9988868274582561
lfw_final,0.036159038618103254,0.702292899408284,0.9988868274582561
lfw_final,0.036110113111122256,0.7026627218934911,0.9988868274582561
lfw_final,0.0360926586585687,0.7030325443786982,0.9988868274582561
lfw_final,0.03578405948527634,0.7034023668639053,0.9988868274582561
lfw_final,0.03567687132311238,0.7037721893491125,0.9988868274582561
lfw_final,0.03564563441417125,0.7041420118343196,0.9988868274582561
lfw_final,0.035610367034719516,0.7045118343195266,0.9988868274582561
lfw_final,0.03547618524195348,0.7048816568047337,0.9988868274582561
lfw_final,0.0352639149675795,0.7052514792899408,0.9988868274582561
lfw_final,0.035063103634690534,0.7056213017751479,0.9988868274582561
lfw_final,0.03495771250853555,0.705991124260355,0.9988868274582561
lfw_final,0.03489196631397631,0.7063609467455622,0.9988868274582561
lfw_final,0.034725200912132166,0.7067307692307693,0.9988868274582561
lfw_final,0.03447390783457617,0.7071005917159763,0.9988868274582561
lfw_final,0.03447254881059601,0.7074704142011834,0.9988868274582561
lfw_final,0.03421452696779236,0.7078402366863905,0.9988868274582561
lfw_final,0.034194190458796514,0.7082100591715976,0.9988868274582561
lfw_final,0.03409653713841883,0.7085798816568047,0.9988868274582561
lfw_final,0.03386288931074665,0.7089497041420119,0.9988868274582561
lfw_final,0.033861495027218434,0.709319526627219,0.9988868274582561
lfw_final,0.03385217404622386,0.709689349112426,0.9988868274582561
lfw_final,0.0337934876434831,0.7100591715976331,0.9988868274582561
lfw_final,0.03377508773828508,0.7104289940828402,0.9988868274582561
lfw_final,0.03376638302610287,0.7107988165680473,0.9988868274582561
lfw_final,0.033704191655292606,0.7111686390532544,0.9988868274582561
lfw_final,0.033472445398385085,0.7115384615384616,0.9988868274582561
lfw_final,0.033285303254260185,0.7119082840236687,0.9988868274582561
lfw_final,0.033049717579911535,0.7122781065088757,0.9988868274582561
lfw_final,0.032939021676681765,0.7126479289940828,0.9988868274582561
lfw_final,0.03284690708936194,0.7130177514792899,0.9988868274582561
lfw_final,0.03271366771361204,0.713387573964497,0.9988868274582561
lfw_final,0.0326980642308284,0.7137573964497042,0.9988868274582561
lfw_final,0.03254151240192221,0.7141272189349113,0.9988868274582561
lfw_final,0.03241129858468784,0.7144970414201184,0.9988868274582561
lfw_final,0.03237617938037442,0.7148668639053254,0.9988868274582561
lfw_final,0.03225685403533616,0.7152366863905325,0.9988868274582561
lfw_final,0.03218355115547607,0.7156065088757396,0.9988868274582561
lfw_final,0.0321475290213875,0.7159763313609467,0.9988868274582561
lfw_final,0.031895691801917786,0.7163461538461539,0.9988868274582561
lfw_final,0.03170635789145457,0.716715976331361,0.9988868274582561
lfw_final,0.03157549420088832,0.7170857988165681,0.9988868274582561
lfw_final,0.03154486290863631,0.7174556213017751,0.9988868274582561
lfw_final,0.03148645678526761,0.7178254437869822,0.9988868274582561
lfw_final,0.031434330735286176,0.7181952662721893,0.9988868274582561
lfw_final,0.031235334126403815,0.7185650887573964,0.9988868274582561
lfw_final,0.031110372149130306,0.7189349112426036,0.9988868274582561
lfw_final,0.031076770354298136,0.7193047337278107,0.9988868274582561
lfw_final,0.03106290344210818,0.7196745562130178,0.9988868274582561
lfw_final,0.031021546545193752,0.7200443786982249,0.9988868274582561
lfw_final,0.03092583307649112,0.7204142011834319,0.9988868274582561
lfw_final,0.030517314689280685,0.720784023668639,0.9988868274582561
lfw_final,0.03026564748045775,0.7211538461538461,0.9988868274582561
lfw_final,0.03022388018519433,0.7215236686390533,0.9988868274582561
lfw_final,0.03012281996625886,0.7218934911242604,0.9988868274582561
lfw_final,0.030118894165344863,0.7222633136094675,0.9988868274582561
lfw_final,0.029954158718229755,0.7226331360946746,0.9988868274582561
lfw_final,0.02976877186280981,0.7230029585798816,0.9988868274582561
lfw_final,0.029689677768631597,0.7233727810650887,0.9988868274582561
lfw_final,0.029635022362741424,0.7237426035502958,0.9988868274582561
lfw_final,0.029619822456142315,0.724112426035503,0.9988868274582561
lfw_final,0.029535455405668338,0.7244822485207101,0.9988868274582561
lfw_final,0.029366736913131967,0.7248520710059172,0.9988868274582561
lfw_final,0.029151759417049023,0.7252218934911243,0.9988868274582561
lfw_final,0.029134388980870327,0.7255917159763313,0.9988868274582561
lfw_final,0.02908337713130192,0.7259615384615384,0.9988868274582561
lfw_final,0.029078360573556093,0.7263313609467456,0.9988868274582561
lfw_final,0.029066082047410506,0.7267011834319527,0.9988868274582561
lfw_final,0.028934944961765442,0.7270710059171598,0.9988868274582561
lfw_final,0.02879176207596386,0.7274408284023669,0.9988868274582561
lfw_final,0.028772837866015148,0.727810650887574,0.9988868274582561
lfw_final,0.028680534912419925,0.728180473372781,0.9988868274582561
lfw_final,0.02863532438868641,0.7285502958579881,0.9988868274582561
lfw_final,0.028625453958224495,0.7289201183431953,0.9988868274582561
lfw_final,0.028509256000840116,0.7292899408284024,0.9988868274582561
lfw_final,0.028315102700430937,0.7296597633136095,0.9988868274582561
lfw_final,0.028192937619278737,0.7300295857988166,0.9988868274582561
lfw_final,0.028083960814850758,0.7303994082840237,0.9988868274582561
lfw_final,0.028025502160420317,0.7307692307692307,0.9988868274582561
lfw_final,0.027998868412214738,0.7311390532544378,0.9988868274582561
lfw_final,0.027937014860490005,0.731508875739645,0.9988868274582561
lfw_final,0.027689828422466475,0.7318786982248521,0.9988868274582561
lfw_final,0.027689646588490317,0.7322485207100592,0.9988868274582561
lfw_final,0.027570438224659835,0.7326183431952663,0.9988868274582561
lfw_final,0.027389333997198187,0.7329881656804734,0.9988868274582561
lfw_final,0.027343640094724182,0.7333579881656804,0.9988868274582561
lfw_final,0.027308941970682694,0.7337278106508875,0.9988868274582561
lfw_final,0.027257746799917253,0.7340976331360947,0.9988868274582561
lfw_final,0.027240788451552925,0.7344674556213018,0.9988868274582561
lfw_final,0.027198039945636823,0.7348372781065089,0.9988868274582561
lfw_final,0.027164060081916706,0.735207100591716,0.9988868274582561
lfw_final,0.026628184147301275,0.7355769230769231,0.9988868274582561
lfw_final,0.026463316310007208,0.7359467455621301,0.9988868274582561
lfw_final,0.026432960234853253,0.7363165680473372,0.9988868274582561
lfw_final,0.02638035070877985,0.7366863905325444,0.9988868274582561
lfw_final,0.026162550785655235,0.7370562130177515,0.9988868274582561
lfw_final,0.026067860907361864,0.7374260355029586,0.9988868274582561
lfw_final,0.02599591091622339,0.7377958579881657,0.9988868274582561
lfw_final,0.025992751898226363,0.7381656804733728,0.9988868274582561
lfw_final,0.025881008681612767,0.7385355029585798,0.9988868274582561
lfw_final,0.025866327292889506,0.738905325443787,0.9988868274582561
lfw_final,0.025707253220235402,0.7392751479289941,0.9988868274582561
lfw_final,0.02563615768659406,0.7396449704142012,0.9988868274582561
lfw_final,0.02562659453289616,0.7400147928994083,0.9988868274582561
lfw_final,0.025353170836806004,0.7403846153846154,0.9988868274582561
lfw_final,0.024882288365213737,0.7407544378698225,0.9988868274582561
lfw_final,0.024827162850424845,0.7411242603550295,0.9988868274582561
lfw_final,0.02472849161028301,0.7414940828402367,0.9988868274582561
lfw_final,0.02471782830492582,0.7418639053254438,0.9988868274582561
lfw_final,0.02468133952617801,0.7422337278106509,0.9988868274582561
lfw_final,0.02465703200172905,0.742603550295858,0.9988868274582561
lfw_final,0.02461985616923739,0.7429733727810651,0.9988868274582561
lfw_final,0.024598877948312465,0.7433431952662722,0.9988868274582561
lfw_final,0.02449819005695415,0.7437130177514792,0.9988868274582561
lfw_final,0.024478066168297917,0.7440828402366864,0.9988868274582561
lfw_final,0.024427088820765212,0.7444526627218935,0.9988868274582561
lfw_final,0.024341379022198486,0.7448224852071006,0.9988868274582561
lfw_final,0.024322888757162264,0.7451923076923077,0.9988868274582561
lfw_final,0.024308648696765366,0.7455621301775148,0.9988868274582561
lfw_final,0.02404771857730198,0.7459319526627219,0.9988868274582561
lfw_final,0.024000433586823716,0.746301775147929,0.9988868274582561
lfw_final,0.023874483988295205,0.7466715976331361,0.9988868274582561
lfw_final,0.02383122794472617,0.7470414201183432,0.9988868274582561
lfw_final,0.023620585959479967,0.7474112426035503,0.9988868274582561
lfw_final,0.023436441570242758,0.7477810650887574,0.9988868274582561
lfw_final,0.023436316994892254,0.7481508875739645,0.9988868274582561
lfw_final,0.023257529066614727,0.7485207100591716,0.9988868274582561
lfw_final,0.023248961423903744,0.7488905325443787,0.9988868274582561
lfw_final,0.0231590915859456,0.7492603550295858,0.9988868274582561
lfw_final,0.02304754071103939,0.7496301775147929,0.9988868274582561
lfw_final,0.02279758516696471,0.75,0.9988868274582561
lfw_final,0.02262762384567128,0.7503698224852071,0.9988868274582561
lfw_final,0.02255296634649674,0.7507396449704142,0.9988868274582561
lfw_final,0.02250805308775884,0.7511094674556213,0.9988868274582561
lfw_final,0.022430605020454415,0.7514792899408284,0.9988868274582561
lfw_final,0.022408243181374358,0.7518491124260355,0.9988868274582561
lfw_final,0.022339191298260626,0.7522189349112426,0.9988868274582561
lfw_final,0.02226919500246988,0.7525887573964497,0.9988868274582561
lfw_final,0.022212909612445073,0.7529585798816568,0.9988868274582561
lfw_final,0.02219637278300521,0.7533284023668639,0.9988868274582561
lfw_final,0.022159458080861304,0.753698224852071,0.9988868274582561
lfw_final,0.022109805221828583,0.7540680473372781,0.9988868274582561
lfw_final,0.022100221280939785,0.7544378698224852,0.9988868274582561
lfw_final,0.02204897577116825,0.7548076923076923,0.9988868274582561
lfw_final,0.021618790228626564,0.7551775147928994,0.9988868274582561
lfw_final,0.021345402645549905,0.7555473372781065,0.9988868274582561
lfw_final,0.021341484765510045,0.7559171597633136,0.9988868274582561
lfw_final,0.021293340865897604,0.7562869822485208,0.9988868274582561
lfw_final,0.021209848068507817,0.7566568047337278,0.9988868274582561
lfw_final,0.02114158482105575,0.7570266272189349,0.9988868274582561
lfw_final,0.021046311013890154,0.757396449704142,0.9988868274582561
lfw_final,0.02100278795238654,0.7577662721893491,0.9988868274582561
lfw_final,0.02093850381853853,0.7581360946745562,0.9988868274582561
lfw_final,0.020877675488019984,0.7585059171597633,0.9988868274582561
lfw_final,0.020869703588423494,0.7588757396449705,0.9988868274582561
lfw_final,0.020726184651733513,0.7592455621301775,0.9988868274582561
lfw_final,0.02070648295068358,0.7596153846153846,0.9988868274582561
lfw_final,0.020692720024255158,0.7599852071005917,0.9988868274582561
lfw_final,0.020527550058364985,0.7603550295857988,0.9988868274582561
lfw_final,0.02047801564125311,0.7607248520710059,0.9988868274582561
lfw_final,0.020337444214967856,0.761094674556213,0.9988868274582561
lfw_final,0.020233110974485997,0.7614644970414202,0.9988868274582561
lfw_final,0.020139450844951223,0.7618343195266272,0.9988868274582561
lfw_final,0.02013637534891399,0.7622041420118343,0.9988868274582561
lfw_final,0.02005588259978766,0.7625739644970414,0.9988868274582561
lfw_final,0.0199117575973411,0.7629437869822485,0.9988868274582561
lfw_final,0.01987309738986565,0.7633136094674556,0.9988868274582561
lfw_final,0.019768025216955507,0.7636834319526628,0.9988868274582561
lfw_final,0.019628087479532267,0.7640532544378699,0.9988868274582561
lfw_final,0.01953780275570341,0.7644230769230769,0.9988868274582561
lfw_final,0.019318040892684622,0.764792899408284,0.9988868274582561
lfw_final,0.01928080591708051,0.7651627218934911,0.9988868274582561
lfw_final,0.018934035995975425,0.7655325443786982,0.9988868274582561
lfw_final,0.01867725785810073,0.7659023668639053,0.9988868274582561
lfw_final,0.01865377525478131,0.7662721893491125,0.9988868274582561
lfw_final,0.018568591696490857,0.7666420118343196,0.9988868274582561
lfw_final,0.018296057185402184,0.7670118343195266,0.9988868274582561
lfw_final,0.018256058535728804,0.7673816568047337,0.9988868274582561
lfw_final,0.018176889104448823,0.7677514792899408,0.9988868274582561
lfw_final,0.018148252807621265,0.7681213017751479,0.9988868274582561
lfw_final,0.01809987393793531,0.768491124260355,0.9988868274582561
lfw_final,0.01800688307052604,0.7688609467455622,0.9988868274582561
lfw_final,0.017863186280910923,0.7692307692307693,0.9988868274582561
lfw_final,0.017857564619551004,0.7696005917159763,0.9988868274582561
lfw_final,0.017822873106240797,0.7699704142011834,0.9988868274582561
lfw_final,0.017820817471049754,0.7703402366863905,0.9988868274582561
lfw_final,0.017780061668152408,0.7707100591715976,0.9988868274582561
lfw_final,0.017773491377505345,0.7710798816568047,0.9988868274582561
lfw_final,0.01773957096551254,0.7714497041420119,0.9988868274582561
lfw_final,0.017717046164356362,0.771819526627219,0.9988868274582561
lfw_final,0.017703944954612867,0.772189349112426,0.9988868274582561
lfw_final,0.017693323973221913,0.7725591715976331,0.9988868274582561
lfw_final,0.017643439260165806,0.7729289940828402,0.9988868274582561
lfw_final,0.017597822499861297,0.7732988165680473,0.9988868274582561
lfw_final,0.01742667362001198,0.7736686390532544,0.9988868274582561
lfw_final,0.017372353230264873,0.7740384615384616,0.9988868274582561
lfw_final,0.017142264442217788,0.7744082840236687,0.9988868274582561
lfw_final,0.017028411980874326,0.7747781065088757,0.9988868274582561
lfw_final,0.016734540369939533,0.7751479289940828,0.9988868274582561
lfw_final,0.016532632310589004,0.7755177514792899,0.9988868274582561
lfw_final,0.016527862722366043,0.775887573964497,0.9988868274582561
lfw_final,0.016268510614984473,0.7762573964497042,0.9988868274582561
lfw_final,0.016198225047339605,0.7766272189349113,0.9988868274582561
lfw_final,0.01614750550746268,0.7769970414201184,0.9988868274582561
lfw_final,0.01610474661446898,0.7773668639053254,0.9988868274582561
lfw_final,0.015764148805083426,0.7777366863905325,0.9988868274582561
lfw_final,0.015668131731502957,0.7781065088757396,0.9988868274582561
lfw_final,0.015537387084242259,0.7784763313609467,0.9988868274582561
lfw_final,0.015414437434975751,0.7788461538461539,0.9988868274582561
lfw_final,0.015174370580908567,0.779215976331361,0.9988868274582561
lfw_final,0.015167532066973629,0.7795857988165681,0.9988868274582561
lfw_final,0.01463498199246344,0.7799556213017751,0.9988868274582561
lfw_final,0.014592955505544885,0.7803254437869822,0.9988868274582561
lfw_final,0.0145176478760898,0.7806952662721893,0.9988868274582561
lfw_final,0.01436490059573088,0.7810650887573964,0.9988868274582561
lfw_final,0.01420159192704311,0.7814349112426036,0.9988868274582561
lfw_final,0.014115092048598194,0.7818047337278107,0.9988868274582561
lfw_final,0.013934624494067238,0.7821745562130178,0.9988868274582561
lfw_final,0.013874870388029634,0.7825443786982249,0.9988868274582561
lfw_final,0.013849656685754077,0.7829142011834319,0.9988868274582561
lfw_final,0.013773679406375009,0.783284023668639,0.9988868274582561
lfw_final,0.013755707897005707,0.7836538461538461,0.9988868274582561
lfw_final,0.013674344697756448,0.7840236686390533,0.9988868274582561
lfw_final,0.013525016972736503,0.7843934911242604,0.9988868274582561
lfw_final,0.013497324535730965,0.7847633136094675,0.9988868274582561
lfw_final,0.013461816830420782,0.7851331360946746,0.9988868274582561
lfw_final,0.013387360788717256,0.7855029585798816,0.9988868274582561
lfw_final,0.013046364483089976,0.7858727810650887,0.9988868274582561
lfw_final,0.012806441331617494,0.7862426035502958,0.9988868274582561
lfw_final,0.012318781775212274,0.786612426035503,0.9988868274582561
lfw_final,0.01221259881314568,0.7869822485207101,0.9988868274582561
lfw_final,0.012201779918238245,0.7873520710059172,0.9988868274582561
lfw_final,0.012148591905038288,0.7877218934911243,0.9988868274582561
lfw_final,0.012131428932872723,0.7880917159763313,0.9988868274582561
lfw_final,0.012104636123166885,0.7884615384615384,0.9988868274582561
lfw_final,0.01159419787301108,0.7888313609467456,0.9988868274582561
lfw_final,0.011162849223183929,0.7892011834319527,0.9988868274582561
lfw_final,0.011121045416582594,0.7895710059171598,0.9988868274582561
lfw_final,0.010997613596624144,0.7899408284023669,0.9988868274582561
lfw_final,0.010975857299787973,0.790310650887574,0.9988868274582561
lfw_final,0.010966655862294708,0.790680473372781,0.9988868274582561
lfw_final,0.01077444190318222,0.7910502958579881,0.9988868274582561
lfw_final,0.010714740647893727,0.7914201183431953,0.9988868274582561
lfw_final,0.01067066265686477,0.7917899408284024,0.9988868274582561
lfw_final,0.010520777428334821,0.7921597633136095,0.9988868274582561
lfw_final,0.010506108157930124,0.7925295857988166,0.9988868274582561
lfw_final,0.010476128351104565,0.7928994082840237,0.9988868274582561
lfw_final,0.01029607515637375,0.7932692307692307,0.9988868274582561
lfw_final,0.01025232904236632,0.7936390532544378,0.9988868274582561
lfw_final,0.01003872867224807,0.794008875739645,0.9988868274582561
lfw_final,0.00994663515208351,0.7943786982248521,0.9988868274582561
lfw_final,0.009887069163195261,0.7947485207100592,0.9988868274582561
lfw_final,0.009720018903713644,0.7951183431952663,0.9988868274582561
lfw_final,0.009699398519680543,0.7954881656804734,0.9988868274582561
lfw_final,0.009681427163432564,0.7958579881656804,0.9988868274582561
lfw_final,0.009603436552301866,0.7962278106508875,0.9988868274582561
lfw_final,0.009537166621726486,0.7965976331360947,0.9988868274582561
lfw_final,0.009517587128582847,0.7969674556213018,0.9988868274582561
lfw_final,0.009334199503208492,0.7973372781065089,0.9988868274582561
lfw_final,0.009211493002363317,0.797707100591716,0.9988868274582561
lfw_final,0.00916213429851595,0.7980769230769231,0.9988868274582561
lfw_final,0.009117161014962488,0.7984467455621301,0.9988868274582561
lfw_final,0.008772597062446092,0.7988165680473372,0.9988868274582561
lfw_final,0.008742803037688726,0.7991863905325444,0.9988868274582561
lfw_final,0.008707310161108319,0.7995562130177515,0.9988868274582561
lfw_final,0.008643751841440889,0.7999260355029586,0.9988868274582561
lfw_final,0.008569023094423455,0.8002958579881657,0.9988868274582561
lfw_final,0.008563812000926378,0.8006656804733728,0.9988868274582561
lfw_final,0.008073738933441321,0.8010355029585798,0.9988868274582561
lfw_final,0.007987340889805907,0.801405325443787,0.9988868274582561
lfw_final,0.007954215087455275,0.8017751479289941,0.9988868274582561
lfw_final,0.007920573700601724,0.8021449704142012,0.9988868274582561
lfw_final,0.007835318627057788,0.8025147928994083,0.9988868274582561
lfw_final,0.007773228518389492,0.8028846153846154,0.9988868274582561
lfw_final,0.007689305008350981,0.8032544378698225,0.9988868274582561
lfw_final,0.007643632311241177,0.8036242603550295,0.9988868274582561
lfw_final,0.007613919296080553,0.8039940828402367,0.9988868274582561
lfw_final,0.007531358049155078,0.8043639053254438,0.9988868274582561
lfw_final,0.007320811115505768,0.8047337278106509,0.9988868274582561
lfw_final,0.007298176173855913,0.805103550295858,0.9988868274582561
lfw_final,0.007071834340719578,0.8054733727810651,0.9988868274582561
lfw_final,0.007060033053612795,0.8058431952662722,0.9988868274582561
lfw_final,0.006935142292366456,0.8062130177514792,0.9988868274582561
lfw_final,0.006859386761755333,0.8065828402366864,0.9988868274582561
lfw_final,0.006834170265433273,0.8069526627218935,0.9988868274582561
lfw_final,0.006767084410506982,0.8073224852071006,0.9988868274582561
lfw_final,0.0064257955069034756,0.8076923076923077,0.9988868274582561
lfw_final,0.006370969888700465,0.8080621301775148,0.9988868274582561
lfw_final,0.006290811814710917,0.8084319526627219,0.9988868274582561
lfw_final,0.006024614733888637,0.808801775147929,0.9988868274582561
lfw_final,0.006007308874094988,0.8091715976331361,0.9988868274582561
lfw_final,0.00599445309190078,0.8095414201183432,0.9988868274582561
lfw_final,0.005993386902669346,0.8099112426035503,0.9988868274582561
lfw_final,0.0059845169739639595,0.8102810650887574,0.9988868274582561
lfw_final,0.005981878085931324,0.8106508875739645,0.9988868274582561
lfw_final,0.005888756602662941,0.8110207100591716,0.9988868274582561
lfw_final,0.005822390107704357,0.8113905325443787,0.9988868274582561
lfw_final,0.005628607177197827,0.8117603550295858,0.9988868274582561
lfw_final,0.005596689982613982,0.8121301775147929,0.9988868274582561
lfw_final,0.005562455137525214,0.8125,0.9988868274582561
lfw_final,0.005474335431402924,0.8128698224852071,0.9988868274582561
lfw_final,0.005356199974385664,0.8132396449704142,0.9988868274582561
lfw_final,0.005306736060911532,0.8136094674556213,0.9988868274582561
lfw_final,0.005027996895876147,0.8139792899408284,0.9988868274582561
lfw_final,0.004934981205186831,0.8143491124260355,0.9988868274582561
lfw_final,0.004807201366221023,0.8147189349112426,0.9988868274582561
lfw_final,0.004283913882928357,0.8150887573964497,0.9988868274582561
lfw_final,0.0039563892630604365,0.8154585798816568,0.9988868274582561
lfw_final,0.0038346434152339865,0.8158284023668639,0.9988868274582561
lfw_final,0.0037465776939044904,0.816198224852071,0.9988868274582561
lfw_final,0.003163795372101194,0.8165680473372781,0.9988868274582561
lfw_final,0.0031189657622692824,0.8169378698224852,0.9988868274582561
lfw_final,0.003021510924958268,0.8173076923076923,0.9988868274582561
lfw_final,0.002804878293254997,0.8176775147928994,0.9988868274582561
lfw_final,0.0027688961691434283,0.8180473372781065,0.9988868274582561
lfw_final,0.0026800482820339283,0.8184171597633136,0.9988868274582561
lfw_final,0.0026177038276313062,0.8187869822485208,0.9988868274582561
lfw_final,0.0025277663728180415,0.8191568047337278,0.9988868274582561
lfw_final,0.002065916842191082,0.8195266272189349,0.9988868274582561
lfw_final,0.0020266515052032447,0.819896449704142,0.9988868274582561
lfw_final,0.002009709342080189,0.8202662721893491,0.9988868274582561
lfw_final,0.0018393174439050863,0.8206360946745562,0.9988868274582561
lfw_final,0.0018004410588080902,0.8210059171597633,0.9988868274582561
lfw_final,0.0016997294022019077,0.8213757396449705,0.9988868274582561
lfw_final,0.0016781980608967257,0.8217455621301775,0.9988868274582561
lfw_final,0.0016748088703735023,0.8221153846153846,0.9988868274582561
lfw_final,0.0015671852548854587,0.8224852071005917,0.9988868274582561
lfw_final,0.0014898251559490039,0.8228550295857988,0.9988868274582561
lfw_final,0.0013249798700289141,0.8232248520710059,0.9988868274582561
lfw_final,0.0011720344657572615,0.823594674556213,0.9988868274582561
lfw_final,0.0011096708167442487,0.8239644970414202,0.9988868274582561
lfw_final,0.0006558078207113302,0.8243343195266272,0.9988868274582561
lfw_final,0.0003642031087082026,0.8247041420118343,0.9988868274582561
lfw_final,0.000272318723499504,0.8250739644970414,0.9988868274582561
lfw_final,0.0002582994256830791,0.8254437869822485,0.9988868274582561
lfw_final,0.00013819905066072072,0.8258136094674556,0.9988868274582561
lfw_final,0.0001112002318609806,0.8261834319526628,0.9988868274582561
lfw_final,-0.0002590134483434429,0.8265532544378699,0.9988868274582561
lfw_final,-0.0004327508543907483,0.8269230769230769,0.9988868274582561
lfw_final,-0.0005215081823530394,0.827292899408284,0.9988868274582561
lfw_final,-0.0009394755180845497,0.8276627218934911,0.9988868274582561
lfw_final,-0.0010291450032626946,0.8280325443786982,0.9988868274582561
lfw_final,-0.0010856838511378863,0.8284023668639053,0.9988868274582561
lfw_final,-0.0012138560829411827,0.8287721893491125,0.9988868274582561
lfw_final,-0.001261100478130828,0.8291420118343196,0.9988868274582561
lfw_final,-0.0013248844329314217,0.8295118343195266,0.9988868274582561
lfw_final,-0.0014535990313561675,0.8298816568047337,0.9988868274582561
lfw_final,-0.001536795450561769,0.8302514792899408,0.9988868274582561
lfw_final,-0.001611342989864165,0.8306213017751479,0.9988868274582561
lfw_final,-0.001663969714955308,0.830991124260355,0.9988868274582561
lfw_final,-0.0017621347246353782,0.8313609467455622,0.9988868274582561
lfw_final,-0.0018135575934427695,0.8317307692307693,0.9988868274582561
lfw_final,-0.0021247814062055094,0.8321005917159763,0.9988868274582561
lfw_final,-0.0022498756050208513,0.8324704142011834,0.9988868274582561
lfw_final,-0.0022919195012782727,0.8328402366863905,0.9988868274582561
lfw_final,-0.0022966212166491418,0.8332100591715976,0.9988868274582561
lfw_final,-0.0023310450592390207,0.8335798816568047,0.9988868274582561
lfw_final,-0.0023838927427855647,0.8339497041420119,0.9988868274582561
lfw_final,-0.002519616753490002,0.834319526627219,0.9988868274582561
lfw_final,-0.0026893858019301745,0.834689349112426,0.9988868274582561
lfw_final,-0.0027728729279048116,0.8350591715976331,0.9988868274582561
lfw_final,-0.002895584108374316,0.8354289940828402,0.9988868274582561
lfw_final,-0.0029505419744937375,0.8357988165680473,0.9988868274582561
lfw_final,-0.0029577117210306094,0.8361686390532544,0.9988868274582561
lfw_final,-0.0031568319041069583,0.8365384615384616,0.9988868274582561
lfw_final,-0.003414940592348356,0.8369082840236687,0.9988868274582561
lfw_final,-0.003429691277938726,0.8372781065088757,0.9988868274582561
lfw_final,-0.0036351899178128926,0.8376479289940828,0.9988868274582561
lfw_final,-0.0037002433190810105,0.8380177514792899,0.9988868274582561
lfw_final,-0.0037192377861006674,0.838387573964497,0.9988868274582561
lfw_final,-0.004468993561526106,0.8387573964497042,0.9988868274582561
lfw_final,-0.004485610272513847,0.8391272189349113,0.9988868274582561
lfw_final,-0.004543825652837883,0.8394970414201184,0.9988868274582561
lfw_final,-0.004756892842344273,0.8398668639053254,0.9988868274582561
lfw_final,-0.004830330076584392,0.8402366863905325,0.9988868274582561
lfw_final,-0.004877581450601409,0.8406065088757396,0.9988868274582561
lfw_final,-0.0050193428546848814,0.8409763313609467,0.9988868274582561
lfw_final,-0.005281775226761334,0.8413461538461539,0.9988868274582561
lfw_final,-0.005304293812149954,0.841715976331361,0.9988868274582561
lfw_final,-0.005318266802522632,0.8420857988165681,0.9988868274582561
lfw_final,-0.005510387692292451,0.8424556213017751,0.9988868274582561
lfw_final,-0.0056354026614649794,0.8428254437869822,0.9988868274582561
lfw_final,-0.0056923616704733304,0.8431952662721893,0.9988868274582561
lfw_final,-0.006010974722050172,0.8435650887573964,0.9988868274582561
lfw_final,-0.0060634754006282906,0.8439349112426036,0.9988868274582561
lfw_final,-0.006194188321838136,0.8443047337278107,0.9988868274582561
lfw_final,-0.006230117836875629,0.8446745562130178,0.9988868274582561
lfw_final,-0.0062773218213956206,0.8450443786982249,0.9988868274582561
lfw_final,-0.006293564847978194,0.8454142011834319,0.9988868274582561
lfw_final,-0.00633529133019578,0.845784023668639,0.9988868274582561
lfw_final,-0.006411914620447226,0.8461538461538461,0.9988868274582561
lfw_final,-0.006763765485952992,0.8465236686390533,0.9988868274582561
lfw_final,-0.00682412330704315,0.8468934911242604,0.9988868274582561
lfw_final,-0.006923902186596353,0.8472633136094675,0.9988868274582561
lfw_final,-0.007031692596188871,0.8476331360946746,0.9988868274582561
lfw_final,-0.007184237643198626,0.8480029585798816,0.9988868274582561
lfw_final,-0.007426660625947102,0.8483727810650887,0.9988868274582561
lfw_final,-0.00749321589969177,0.8487426035502958,0.9988868274582561
lfw_final,-0.007806079892347728,0.849112426035503,0.9988868274582561
lfw_final,-0.007992346239577147,0.8494822485207101,0.9988868274582561
lfw_final,-0.00832639628829647,0.8498520710059172,0.9988868274582561
lfw_final,-0.008381862035730395,0.8502218934911243,0.9988868274582561
lfw_final,-0.008436480880119182,0.8505917159763313,0.9988868274582561
lfw_final,-0.00855663902556029,0.8509615384615384,0.9988868274582561
lfw_final,-0.00865820440394221,0.8513313609467456,0.9988868274582561
lfw_final,-0.008755293601543571,0.8517011834319527,0.9988868274582561
lfw_final,-0.008817452670722594,0.8520710059171598,0.9988868274582561
lfw_final,-0.009295398689780436,0.8524408284023669,0.9988868274582561
lfw_final,-0.01004467403544987,0.852810650887574,0.9988868274582561
lfw_final,-0.010628644391394756,0.853180473372781,0.9988868274582561
lfw_final,-0.010760540119717027,0.8535502958579881,0.9988868274582561
lfw_final,-0.010794361176119233,0.8539201183431953,0.9988868274582561
lfw_final,-0.010918061045975412,0.8542899408284024,0.9988868274582561
lfw_final,-0.011141714765338623,0.8546597633136095,0.9988868274582561
lfw_final,-0.011425993712913309,0.8550295857988166,0.9988868274582561
lfw_final,-0.011485210906526482,0.8553994082840237,0.9988868274582561
lfw_final,-0.01149007749587349,0.8557692307692307,0.9988868274582561
lfw_final,-0.011792900960863273,0.8557692307692307,0.9992578849721707
lfw_final,-0.012148624348578144,0.8561390532544378,0.9992578849721707
lfw_final,-0.012149676978043302,0.856508875739645,0.9992578849721707
lfw_final,-0.012194734948667331,0.8568786982248521,0.9992578849721707
lfw_final,-0.01219552075446824,0.8572485207100592,0.9992578849721707
lfw_final,-0.012233773794596572,0.8576183431952663,0.9992578849721707
lfw_final,-0.012364502581718617,0.8579881656804734,0.9992578849721707
lfw_final,-0.012398792622974861,0.8583579881656804,0.9992578849721707
lfw_final,-0.012403221564029373,0.8587278106508875,0.9992578849721707
lfw_final,-0.012563499149017443,0.8590976331360947,0.9992578849721707
lfw_final,-0.012625568007379885,0.8594674556213018,0.9992578849721707
lfw_final,-0.012792227669732384,0.8598372781065089,0.9992578849721707
lfw_final,-0.012806491718923481,0.860207100591716,0.9992578849721707
lfw_final,-0.012983907799728363,0.8605769230769231,0.9992578849721707
lfw_final,-0.013109629631337808,0.8609467455621301,0.9992578849721707
lfw_final,-0.013400083500875374,0.8613165680473372,0.9992578849721707
lfw_final,-0.013611875652930157,0.8616863905325444,0.9992578849721707
lfw_final,-0.013874027424699675,0.8620562130177515,0.9992578849721707
lfw_final,-0.013899433152259036,0.8624260355029586,0.9992578849721707
lfw_final,-0.013926007870634048,0.8627958579881657,0.9992578849721707
lfw_final,-0.014038760478166549,0.8631656804733728,0.9992578849721707
lfw_final,-0.01410533709557276,0.8635355029585798,0.9992578849721707
lfw_final,-0.014240009510544036,0.863905325443787,0.9992578849721707
lfw_final,-0.015099181170255212,0.8642751479289941,0.9992578849721707
lfw_final,-0.01512464088297299,0.8646449704142012,0.9992578849721707
lfw_final,-0.015176248866629542,0.8650147928994083,0.9992578849721707
lfw_final,-0.015419085829343829,0.8653846153846154,0.9992578849721707
lfw_final,-0.01565495531256788,0.8657544378698225,0.9992578849721707
lfw_final,-0.01602724304853884,0.8661242603550295,0.9992578849721707
lfw_final,-0.016075064396232328,0.8664940828402367,0.9992578849721707
lfw_final,-0.0161390174571778,0.8668639053254438,0.9992578849721707
lfw_final,-0.01614992611032981,0.8672337278106509,0.9992578849721707
lfw_final,-0.016166093116632953,0.867603550295858,0.9992578849721707
lfw_final,-0.016326822989879277,0.8679733727810651,0.9992578849721707
lfw_final,-0.016468071914243317,0.8683431952662722,0.9992578849721707
lfw_final,-0.01663019707059587,0.8687130177514792,0.9992578849721707
lfw_final,-0.01712324353967552,0.8690828402366864,0.9992578849721707
lfw_final,-0.0172968655031137,0.8694526627218935,0.9992578849721707
lfw_final,-0.017330645199643537,0.8698224852071006,0.9992578849721707
lfw_final,-0.01743519886548676,0.8701923076923077,0.9992578849721707
lfw_final,-0.017463564923821496,0.8705621301775148,0.9992578849721707
lfw_final,-0.0178253340349763,0.8709319526627219,0.9992578849721707
lfw_final,-0.017878127984057458,0.871301775147929,0.9992578849721707
lfw_final,-0.018031781382808976,0.8716715976331361,0.9992578849721707
lfw_final,-0.018169252109345245,0.8720414201183432,0.9992578849721707
lfw_final,-0.01827271636544665,0.8724112426035503,0.9992578849721707
lfw_final,-0.018425899554513545,0.8727810650887574,0.9992578849721707
lfw_final,-0.01874589474140083,0.8731508875739645,0.9992578849721707
lfw_final,-0.01885824959211988,0.8735207100591716,0.9992578849721707
lfw_final,-0.018940473533775547,0.8738905325443787,0.9992578849721707
lfw_final,-0.01918497570386828,0.8742603550295858,0.9992578849721707
lfw_final,-0.019301445741373026,0.8746301775147929,0.9992578849721707
lfw_final,-0.01934805705240141,0.875,0.9992578849721707
lfw_final,-0.019631415327050664,0.8753698224852071,0.9992578849721707
lfw_final,-0.01975513425936008,0.8757396449704142,0.9992578849721707
lfw_final,-0.020315949968385177,0.8761094674556213,0.9992578849721707
lfw_final,-0.02044001333874576,0.8764792899408284,0.9992578849721707
lfw_final,-0.020799812849538673,0.8768491124260355,0.9992578849721707
lfw_final,-0.020887739011260564,0.8772189349112426,0.9992578849721707
lfw_final,-0.02092234159732085,0.8775887573964497,0.9992578849721707
lfw_final,-0.021037288966394323,0.8779585798816568,0.9992578849721707
lfw_final,-0.021128662706639562,0.8783284023668639,0.9992578849721707
lfw_final,-0.02124112267991667,0.878698224852071,0.9992578849721707
lfw_final,-0.02138492213495582,0.8790680473372781,0.9992578849721707
lfw_final,-0.0213899354458309,0.8794378698224852,0.9992578849721707
lfw_final,-0.021949066053786565,0.8798076923076923,0.9992578849721707
lfw_final,-0.021973964414148305,0.8801775147928994,0.9992578849721707
lfw_final,-0.021977616530261028,0.8805473372781065,0.9992578849721707
lfw_final,-0.02201999987774724,0.8809171597633136,0.9992578849721707
lfw_final,-0.02234020330326605,0.8812869822485208,0.9992578849721707
lfw_final,-0.02249214610553019,0.8816568047337278,0.9992578849721707
lfw_final,-0.02258433887161322,0.8820266272189349,0.9992578849721707
lfw_final,-0.02259166319982953,0.882396449704142,0.9992578849721707
lfw_final,-0.022824707766511364,0.8827662721893491,0.9992578849721707
lfw_final,-0.0228626368751756,0.8831360946745562,0.9992578849721707
lfw_final,-0.02293488746042126,0.8835059171597633,0.9992578849721707
lfw_final,-0.023241560779630206,0.8838757396449705,0.9992578849721707
lfw_final,-0.023245107156431848,0.8842455621301775,0.9992578849721707
lfw_final,-0.023401738597553946,0.8846153846153846,0.9992578849721707
lfw_final,-0.02365514674098119,0.8849852071005917,0.9992578849721707
lfw_final,-0.023869475649199563,0.8853550295857988,0.9992578849721707
lfw_final,-0.024105039380153483,0.8857248520710059,0.9992578849721707
lfw_final,-0.024387005193923228,0.886094674556213,0.9992578849721707
lfw_final,-0.024610523245104116,0.8864644970414202,0.9992578849721707
lfw_final,-0.02462918695678301,0.8868343195266272,0.9992578849721707
lfw_final,-0.024765498130019544,0.8872041420118343,0.9992578849721707
lfw_final,-0.02479643326120421,0.8875739644970414,0.9992578849721707
lfw_final,-0.024979223449544195,0.8879437869822485,0.9992578849721707
lfw_final,-0.025054320460722007,0.8883136094674556,0.9992578849721707
lfw_final,-0.025130325288531746,0.8886834319526628,0.9992578849721707
lfw_final,-0.02517439172988015,0.8890532544378699,0.9992578849721707
lfw_final,-0.02537955694116526,0.8894230769230769,0.9992578849721707
lfw_final,-0.02553567763012178,0.889792899408284,0.9992578849721707
lfw_final,-0.02575157629612755,0.8901627218934911,0.9992578849721707
lfw_final,-0.0258381954449083,0.8905325443786982,0.9992578849721707
lfw_final,-0.02615493709097185,0.8909023668639053,0.9992578849721707
lfw_final,-0.026168852009745662,0.8912721893491125,0.9992578849721707
lfw_final,-0.026767170188783277,0.8916420118343196,0.9992578849721707
lfw_final,-0.027169240148173575,0.8920118343195266,0.9992578849721707
lfw_final,-0.027240178072970408,0.8923816568047337,0.9992578849721707
lfw_final,-0.027387189780905347,0.8927514792899408,0.9992578849721707
lfw_final,-0.027646612553910408,0.8931213017751479,0.9992578849721707
lfw_final,-0.02764670383746952,0.893491124260355,0.9992578849721707
lfw_final,-0.027756161239629547,0.8938609467455622,0.9992578849721707
lfw_final,-0.02796995637291693,0.8942307692307693,0.9992578849721707
lfw_final,-0.02814101380494964,0.8946005917159763,0.9992578849721707
lfw_final,-0.028152272884788318,0.8949704142011834,0.9992578849721707
lfw_final,-0.028399723746797417,0.8953402366863905,0.9992578849721707
lfw_final,-0.0286012629750982,0.8957100591715976,0.9992578849721707
lfw_final,-0.028823731301732946,0.8960798816568047,0.9992578849721707
lfw_final,-0.028864964041522848,0.8964497041420119,0.9992578849721707
lfw_final,-0.02912663216131885,0.896819526627219,0.9992578849721707
lfw_final,-0.029406705621766963,0.897189349112426,0.9992578849721707
lfw_final,-0.029532700886690202,0.8975591715976331,0.9992578849721707
lfw_final,-0.02965338305011423,0.8979289940828402,0.9992578849721707
lfw_final,-0.02975210980337596,0.8982988165680473,0.9992578849721707
lfw_final,-0.030088712728694997,0.8986686390532544,0.9992578849721707
lfw_final,-0.03015956359014368,0.8990384615384616,0.9992578849721707
lfw_final,-0.0303690926837583,0.8994082840236687,0.9992578849721707
lfw_final,-0.03048558248318533,0.8997781065088757,0.9992578849721707
lfw_final,-0.03062332314613728,0.9001479289940828,0.9992578849721707
lfw_final,-0.030842917232129664,0.9005177514792899,0.9992578849721707
lfw_final,-0.03092990009718523,0.900887573964497,0.9992578849721707
lfw_final,-0.031030195386043374,0.9012573964497042,0.9992578849721707
lfw_final,-0.031175142166742716,0.9016272189349113,0.9992578849721707
lfw_final,-0.03124232397375529,0.9019970414201184,0.9992578849721707
lfw_final,-0.03128576794781611,0.9023668639053254,0.9992578849721707
lfw_final,-0.031445449960375155,0.9027366863905325,0.9992578849721707
lfw_final,-0.03153981399140015,0.9031065088757396,0.9992578849721707
lfw_final,-0.03162408765247152,0.9034763313609467,0.9992578849721707
lfw_final,-0.031705521799180486,0.9038461538461539,0.9992578849721707
lfw_final,-0.03182330265587796,0.904215976331361,0.9992578849721707
lfw_final,-0.03188397965217808,0.9045857988165681,0.9992578849721707
lfw_final,-0.03194694103852128,0.9049556213017751,0.9992578849721707
lfw_final,-0.032519856333798114,0.9053254437869822,0.9992578849721707
lfw_final,-0.032577925822203216,0.9056952662721893,0.9992578849721707
lfw_final,-0.03260174821465,0.9060650887573964,0.9992578849721707
lfw_final,-0.03261938542507813,0.9064349112426036,0.9992578849721707
lfw_final,-0.03282575503130263,0.9068047337278107,0.9992578849721707
lfw_final,-0.03309239416799406,0.9071745562130178,0.9992578849721707
lfw_final,-0.033160178755740156,0.9075443786982249,0.9992578849721707
lfw_final,-0.03318483295185013,0.9079142011834319,0.9992578849721707
lfw_final,-0.03319223361984966,0.908284023668639,0.9992578849721707
lfw_final,-0.033331567156564074,0.9086538461538461,0.9992578849721707
lfw_final,-0.033356560176673086,0.9090236686390533,0.9992578849721707
lfw_final,-0.033429710460078435,0.9093934911242604,0.9992578849721707
lfw_final,-0.03370669192992005,0.9097633136094675,0.9992578849721707
lfw_final,-0.03397332179994459,0.9101331360946746,0.9992578849721707
lfw_final,-0.03416222272791488,0.9105029585798816,0.9992578849721707
lfw_final,-0.03445382025322401,0.9108727810650887,0.9992578849721707
lfw_final,-0.0352528391023972,0.9112426035502958,0.9992578849721707
lfw_final,-0.03547409297040627,0.911612426035503,0.9992578849721707
lfw_final,-0.03574443590361064,0.9119822485207101,0.9992578849721707
lfw_final,-0.03638590627108615,0.9123520710059172,0.9992578849721707
lfw_final,-0.03673746842533267,0.9127218934911243,0.9992578849721707
lfw_final,-0.036804531881136054,0.9130917159763313,0.9992578849721707
lfw_final,-0.03683479102560229,0.9134615384615384,0.9992578849721707
lfw_final,-0.036844601192205985,0.9138313609467456,0.9992578849721707
lfw_final,-0.036892272468538476,0.9142011834319527,0.9992578849721707
lfw_final,-0.036899369095339134,0.9145710059171598,0.9992578849721707
lfw_final,-0.03691179612540107,0.9149408284023669,0.9992578849721707
lfw_final,-0.03703134698948197,0.915310650887574,0.9992578849721707
lfw_final,-0.03726490332535415,0.915680473372781,0.9992578849721707
lfw_final,-0.03745640480937621,0.9160502958579881,0.9992578849721707
lfw_final,-0.037725710897292056,0.9164201183431953,0.9992578849721707
lfw_final,-0.03786929157876942,0.9167899408284024,0.9992578849721707
lfw_final,-0.03804683719841741,0.9171597633136095,0.9992578849721707
lfw_final,-0.038701626707146594,0.9175295857988166,0.9992578849721707
lfw_final,-0.03893242550321904,0.9178994082840237,0.9992578849721707
lfw_final,-0.03961497368106204,0.9182692307692307,0.9992578849721707
lfw_final,-0.03999472490031812,0.9186390532544378,0.9992578849721707
lfw_final,-0.04076652393769349,0.919008875739645,0.9992578849721707
lfw_final,-0.040773832980875696,0.9193786982248521,0.9992578849721707
lfw_final,-0.040906886049508207,0.9197485207100592,0.9992578849721707
lfw_final,-0.04112736994196817,0.9201183431952663,0.9992578849721707
lfw_final,-0.04114555645951553,0.9204881656804734,0.9992578849721707
lfw_final,-0.04159506861305334,0.9208579881656804,0.9992578849721707
lfw_final,-0.041811686557691734,0.9212278106508875,0.9992578849721707
lfw_final,-0.04183376604408258,0.9215976331360947,0.9992578849721707
lfw_final,-0.04189622435637913,0.9219674556213018,0.9992578849721707
lfw_final,-0.04196278941657423,0.9223372781065089,0.9992578849721707
lfw_final,-0.04239533092948048,0.922707100591716,0.9992578849721707
lfw_final,-0.04242277108375555,0.9230769230769231,0.9992578849721707
lfw_final,-0.042506459782178624,0.9234467455621301,0.9992578849721707
lfw_final,-0.04277019703652358,0.9238165680473372,0.9992578849721707
lfw_final,-0.042790460441979594,0.9241863905325444,0.9992578849721707
lfw_final,-0.04280272884666134,0.9245562130177515,0.9992578849721707
lfw_final,-0.04317940340092127,0.9249260355029586,0.9992578849721707
lfw_final,-0.04329972576830853,0.9252958579881657,0.9992578849721707
lfw_final,-0.043361954620272085,0.9256656804733728,0.9992578849721707
lfw_final,-0.043787344962915545,0.9260355029585798,0.9992578849721707
lfw_final,-0.04402267765314746,0.926405325443787,0.9992578849721707
lfw_final,-0.044154722328716915,0.9267751479289941,0.9992578849721707
lfw_final,-0.044639392599234246,0.9271449704142012,0.9992578849721707
lfw_final,-0.04491128737036962,0.9271449704142012,0.9996289424860854
lfw_final,-0.045095899530230514,0.9275147928994083,0.9996289424860854
lfw_final,-0.04532048844932699,0.9278846153846154,0.9996289424860854
lfw_final,-0.04569320458690179,0.9282544378698225,0.9996289424860854
lfw_final,-0.045856235047188755,0.9286242603550295,0.9996289424860854
lfw_final,-0.04593838603148378,0.9289940828402367,0.9996289424860854
lfw_final,-0.046494699565235706,0.9293639053254438,0.9996289424860854
lfw_final,-0.046602561678543236,0.9297337278106509,0.9996289424860854
lfw_final,-0.04737141761293085,0.930103550295858,0.9996289424860854
lfw_final,-0.047650412569523085,0.9304733727810651,0.9996289424860854
lfw_final,-0.0478620972421881,0.9308431952662722,0.9996289424860854
lfw_final,-0.048008114628731634,0.9312130177514792,0.9996289424860854
lfw_final,-0.0481558463164082,0.9315828402366864,0.9996289424860854
lfw_final,-0.048499597766030515,0.9319526627218935,0.9996289424860854
lfw_final,-0.04856454737935589,0.9323224852071006,0.9996289424860854
lfw_final,-0.04858570280121426,0.9326923076923077,0.9996289424860854
lfw_final,-0.0486091335377486,0.9330621301775148,0.9996289424860854
lfw_final,-0.04898887094551102,0.9334319526627219,0.9996289424860854
lfw_final,-0.049372780917766035,0.933801775147929,0.9996289424860854
lfw_final,-0.049558379109711476,0.9341715976331361,0.9996289424860854
lfw_final,-0.04961769048592821,0.9345414201183432,0.9996289424860854
lfw_final,-0.0497217038131,0.9349112426035503,0.9996289424860854
lfw_final,-0.050071262400324716,0.9352810650887574,0.9996289424860854
lfw_final,-0.05042448659294958,0.9356508875739645,0.9996289424860854
lfw_final,-0.05076663932581175,0.9360207100591716,0.9996289424860854
lfw_final,-0.05088760843130911,0.9363905325443787,0.9996289424860854
lfw_final,-0.0510891154874964,0.9367603550295858,0.9996289424860854
lfw_final,-0.05128288919847711,0.9371301775147929,0.9996289424860854
lfw_final,-0.05136961948679524,0.9375,0.9996289424860854
lfw_final,-0.05153222040257564,0.9378698224852071,0.9996289424860854
lfw_final,-0.051644855159699805,0.9382396449704142,0.9996289424860854
lfw_final,-0.052422318693698816,0.9386094674556213,0.9996289424860854
lfw_final,-0.052519169404031424,0.9389792899408284,0.9996289424860854
lfw_final,-0.0527217843233421,0.9393491124260355,0.9996289424860854
lfw_final,-0.05276723360904787,0.9397189349112426,0.9996289424860854
lfw_final,-0.05311677008532086,0.9400887573964497,0.9996289424860854
lfw_final,-0.053294506415061,0.9404585798816568,0.9996289424860854
lfw_final,-0.05407357943853724,0.9408284023668639,0.9996289424860854
lfw_final,-0.05415317375034969,0.941198224852071,0.9996289424860854
lfw_final,-0.05496608017220164,0.9415680473372781,0.9996289424860854
lfw_final,-0.055045142842472965,0.9419378698224852,0.9996289424860854
lfw_final,-0.055169234036056954,0.9423076923076923,0.9996289424860854
lfw_final,-0.055346890599177245,0.9426775147928994,0.9996289424860854
lfw_final,-0.05545442678896459,0.9430473372781065,0.9996289424860854
lfw_final,-0.05547556119567916,0.9434171597633136,0.9996289424860854
lfw_final,-0.05612936528255866,0.9437869822485208,0.9996289424860854
lfw_final,-0.056325251697640036,0.9441568047337278,0.9996289424860854
lfw_final,-0.05644061034280852,0.9445266272189349,0.9996289424860854
lfw_final,-0.05707665715695066,0.944896449704142,0.9996289424860854
lfw_final,-0.05790273305143859,0.9452662721893491,0.9996289424860854
lfw_final,-0.05799479017339833,0.9456360946745562,0.9996289424860854
lfw_final,-0.05802178954464878,0.9460059171597633,0.9996289424860854
lfw_final,-0.058449275645580404,0.9463757396449705,0.9996289424860854
lfw_final,-0.0586234219756944,0.9467455621301775,0.9996289424860854
lfw_final,-0.058862451312753014,0.9471153846153846,0.9996289424860854
lfw_final,-0.058925062030119116,0.9474852071005917,0.9996289424860854
lfw_final,-0.059133457946091574,0.9478550295857988,0.9996289424860854
lfw_final,-0.059595442019282366,0.9482248520710059,0.9996289424860854
lfw_final,-0.06153927474061193,0.948594674556213,0.9996289424860854
lfw_final,-0.06154601935290421,0.9489644970414202,0.9996289424860854
lfw_final,-0.06169960830278377,0.9493343195266272,0.9996289424860854
lfw_final,-0.06209726114938569,0.9497041420118343,0.9996289424860854
lfw_final,-0.062298014568501425,0.9500739644970414,0.9996289424860854
lfw_final,-0.062374614318469114,0.9504437869822485,0.9996289424860854
lfw_final,-0.06269567649679157,0.9508136094674556,0.9996289424860854
lfw_final,-0.06283096928525352,0.9511834319526628,0.9996289424860854
lfw_final,-0.06284574156321003,0.9515532544378699,0.9996289424860854
lfw_final,-0.06287552407071695,0.9515532544378699,1.0
lfw_final,-0.06339289052801021,0.9519230769230769,1.0
lfw_final,-0.06373297474955934,0.952292899408284,1.0
lfw_final,-0.06395276056037637,0.9526627218934911,1.0
lfw_final,-0.0640262598067321,0.9530325443786982,1.0
lfw_final,-0.06426766687262474,0.9534023668639053,1.0
lfw_final,-0.0645161140397949,0.9537721893491125,1.0
lfw_final,-0.0645363839139106,0.9541420118343196,1.0
lfw_final,-0.06490876119464743,0.9545118343195266,1.0
lfw_final,-0.06544802619585116,0.9548816568047337,1.0
lfw_final,-0.06572038799601132,0.9552514792899408,1.0
lfw_final,-0.06611082933472973,0.9556213017751479,1.0
lfw_final,-0.06621495601443013,0.955991124260355,1.0
lfw_final,-0.06656772013205135,0.9563609467455622,1.0
lfw_final,-0.06689958890271475,0.9567307692307693,1.0
lfw_final,-0.06695421613100012,0.9571005917159763,1.0
lfw_final,-0.06706885109201513,0.9574704142011834,1.0
lfw_final,-0.06722067196654455,0.9578402366863905,1.0
lfw_final,-0.06779639379066967,0.9582100591715976,1.0
lfw_final,-0.06895537700218343,0.9585798816568047,1.0
lfw_final,-0.06938044086200236,0.9589497041420119,1.0
lfw_final,-0.06949129579848878,0.959319526627219,1.0
lfw_final,-0.06953306606103606,0.959689349112426,1.0
lfw_final,-0.07018797931699669,0.9600591715976331,1.0
lfw_final,-0.07032662033420899,0.9604289940828402,1.0
lfw_final,-0.07091318484270463,0.9607988165680473,1.0
lfw_final,-0.0717286367577106,0.9611686390532544,1.0
lfw_final,-0.07185936352156022,0.9615384615384616,1.0
lfw_final,-0.07188237403002583,0.9619082840236687,1.0
lfw_final,-0.07203990288281288,0.9622781065088757,1.0
lfw_final,-0.07206090437205553,0.9626479289940828,1.0
lfw_final,-0.07286213731005575,0.9630177514792899,1.0
lfw_final,-0.07315311182843826,0.963387573964497,1.0
lfw_final,-0.07380112065568692,0.9637573964497042,1.0
lfw_final,-0.0738351817086323,0.9641272189349113,1.0
lfw_final,-0.07451738283192909,0.9644970414201184,1.0
lfw_final,-0.07469348239982107,0.9648668639053254,1.0
lfw_final,-0.07531462909026011,0.9652366863905325,1.0
lfw_final,-0.07560994864824747,0.9656065088757396,1.0
lfw_final,-0.07629419458508394,0.9659763313609467,1.0
lfw_final,-0.07660675376141937,0.9663461538461539,1.0
lfw_final,-0.07670314417200907,0.966715976331361,1.0
lfw_final,-0.07674551223452834,0.9670857988165681,1.0
lfw_final,-0.07722640474893276,0.9674556213017751,1.0
lfw_final,-0.07753887269561296,0.9678254437869822,1.0
lfw_final,-0.07827208093706821,0.9681952662721893,1.0
lfw_final,-0.07873048477838342,0.9685650887573964,1.0
lfw_final,-0.07885081628931637,0.9689349112426036,1.0
lfw_final,-0.0792100560930762,0.9693047337278107,1.0
lfw_final,-0.07921163944855501,0.9696745562130178,1.0
lfw_final,-0.08013443298079849,0.9700443786982249,1.0
lfw_final,-0.08062346725622144,0.9704142011834319,1.0
lfw_final,-0.0817556848526766,0.970784023668639,1.0
lfw_final,-0.08183445708527383,0.9711538461538461,1.0
lfw_final,-0.08372318622544266,0.9715236686390533,1.0
lfw_final,-0.08383895050720312,0.9718934911242604,1.0
lfw_final,-0.08446306815388713,0.9722633136094675,1.0
lfw_final,-0.08463073199028359,0.9726331360946746,1.0
lfw_final,-0.08470510722198041,0.9730029585798816,1.0
lfw_final,-0.08499307540296507,0.9733727810650887,1.0
lfw_final,-0.08596744707764385,0.9737426035502958,1.0
lfw_final,-0.0862177585042388,0.974112426035503,1.0
lfw_final,-0.08639392714861831,0.9744822485207101,1.0
lfw_final,-0.08698187795643544,0.9748520710059172,1.0
lfw_final,-0.08767886218378612,0.9752218934911243,1.0
lfw_final,-0.08838108452262793,0.9755917159763313,1.0
lfw_final,-0.08930892628239222,0.9759615384615384,1.0
lfw_final,-0.092207055975309,0.9763313609467456,1.0
lfw_final,-0.0924330137808562,0.9767011834319527,1.0
lfw_final,-0.0931394096050196,0.9770710059171598,1.0
lfw_final,-0.0934145719000744,0.9774408284023669,1.0
lfw_final,-0.09346348692883426,0.977810650887574,1.0
lfw_final,-0.09365115950187884,0.978180473372781,1.0
lfw_final,-0.09412566957050122,0.9785502958579881,1.0
lfw_final,-0.09543569122073473,0.9789201183431953,1.0
lfw_final,-0.09625761109707959,0.9792899408284024,1.0
lfw_final,-0.09641551223221961,0.9796597633136095,1.0
lfw_final,-0.09678529121982027,0.9800295857988166,1.0
lfw_final,-0.09716221462579572,0.9803994082840237,1.0
lfw_final,-0.0972517367985129,0.9807692307692307,1.0
lfw_final,-0.09780228038284149,0.9811390532544378,1.0
lfw_final,-0.09931760506460524,0.981508875739645,1.0
lfw_final,-0.1013361795917692,0.9818786982248521,1.0
lfw_final,-0.10386263241126063,0.9822485207100592,1.0
lfw_final,-0.10431595965347204,0.9826183431952663,1.0
lfw_final,-0.10486253618919167,0.9829881656804734,1.0
lfw_final,-0.10577469459734362,0.9833579881656804,1.0
lfw_final,-0.10607355045405306,0.9837278106508875,1.0
lfw_final,-0.10623018615324686,0.9840976331360947,1.0
lfw_final,-0.10694636077402928,0.9844674556213018,1.0
lfw_final,-0.10740548448340957,0.9848372781065089,1.0
lfw_final,-0.10767980022073859,0.985207100591716,1.0
lfw_final,-0.10784358639970218,0.9855769230769231,1.0
lfw_final,-0.10808718765280827,0.9859467455621301,1.0
lfw_final,-0.10811349452091498,0.9863165680473372,1.0
lfw_final,-0.10833839040873722,0.9866863905325444,1.0
lfw_final,-0.10858787168517896,0.9870562130177515,1.0
lfw_final,-0.10895470065440475,0.9874260355029586,1.0
lfw_final,-0.10907309940103495,0.9877958579881657,1.0
lfw_final,-0.10918994594689077,0.9881656804733728,1.0
lfw_final,-0.11729430549412041,0.9885355029585798,1.0
lfw_final,-0.11776873422906645,0.988905325443787,1.0
lfw_final,-0.11956201057950622,0.9892751479289941,1.0
lfw_final,-0.1197992329884833,0.9896449704142012,1.0
lfw_final,-0.12128923900369502,0.9900147928994083,1.0
lfw_final,-0.12299280294020296,0.9903846153846154,1.0
lfw_final,-0.12508512184779363,0.9907544378698225,1.0
lfw_final,-0.12613779002310674,0.9911242603550295,1.0
lfw_final,-0.1269870684312573,0.9914940828402367,1.0
lfw_final,-0.12719623682330497,0.9918639053254438,1.0
lfw_final,-0.12838097045345356,0.9922337278106509,1.0
lfw_final,-0.13114745888620394,0.992603550295858,1.0
lfw_final,-0.1312101947265165,0.9929733727810651,1.0
lfw_final,-0.13138138629743334,0.9933431952662722,1.0
lfw_final,-0.1315321655840021,0.9937130177514792,1.0
lfw_final,-0.13295964936221533,0.9940828402366864,1.0
lfw_final,-0.13903174273417696,0.9944526627218935,1.0
lfw_final,-0.13933841511713366,0.9948224852071006,1.0
lfw_final,-0.14070942508194653,0.9951923076923077,1.0
lfw_final,-0.14121492372647637,0.9955621301775148,1.0
lfw_final,-0.14122631882998324,0.9959319526627219,1.0
lfw_final,-0.1425743346298552,0.996301775147929,1.0
lfw_final,-0.14351299861981956,0.9966715976331361,1.0
lfw_final,-0.15302193312610538,0.9970414201183432,1.0
lfw_final,-0.1601859066900861,0.9974112426035503,1.0
lfw_final,-0.16492875305559174,0.9977810650887574,1.0
lfw_final,-0.17159623745218094,0.9981508875739645,1.0
lfw_final,-0.1754622856548043,0.9985207100591716,1.0
lfw_final,-0.18256801603104159,0.9988905325443787,1.0
lfw_final,-0.21537184433546744,0.9992603550295858,1.0
lfw_final,-0.21567894011674127,0.9996301775147929,1.0
lfw_final,-0.24234353810315104,1.0,1.0
lfw_final,-1.2423435381031511,1.0,1.0
cplfw,1.8403465268226369,0.0,0.0
cplfw,0.840346526822637,0.0,0.0007651109410864575
cplfw,0.8272697876824047,0.0,0.001530221882172915
cplfw,0.8103528105786696,0.0,0.0022953328232593728
cplfw,0.81028377643136,0.0,0.00306044376434583
cplfw,0.8016178304686822,0.0,0.0038255547054322878
cplfw,0.7972905766285423,0.0,0.0045906656465187455
cplfw,0.7907302682678736,0.0,0.005355776587605203
cplfw,0.7904346912940678,0.0,0.00612088752869166
cplfw,0.7813322640097187,0.0,0.006885998469778117
cplfw,0.7773898659617211,0.0,0.0076511094108645756
cplfw,0.7748392681583443,0.0,0.008416220351951033
cplfw,0.7685508499476639,0.0,0.009181331293037491
cplfw,0.7670671576718213,0.0,0.009946442234123947
cplfw,0.7658614621536861,0.0,0.010711553175210406
cplfw,0.7653527134619934,0.0,0.011476664116296864
cplfw,0.7584407214811709,0.0,0.01224177505738332
cplfw,0.7575104952193734,0.0,0.013006885998469778
cplfw,0.752280927553856,0.0,0.013771996939556235
cplfw,0.7484083026458859,0.0,0.014537107880642693
cplfw,0.7481138821778016,0.0,0.015302218821729151
cplfw,0.7471475679544788,0.0,0.016067329762815608
cplfw,0.7465470642135787,0.0,0.016832440703902066
cplfw,0.7442669802273838,0.0,0.017597551644988524
cplfw,0.7382017722286207,0.0,0.018362662586074982
cplfw,0.7381910493327007,0.0,0.019127773527161437
cplfw,0.7332587931921347,0.0,0.019892884468247895
cplfw,0.7289970140156864,0.0,0.020657995409334353
cplfw,0.7287732798540294,0.0,0.02142310635042081
cplfw,0.7287712442073232,0.0,0.02218821729150727
cplfw,0.7274979113558478,0.0,0.022953328232593728
cplfw,0.7234854647769758,0.0,0.023718439173680182
cplfw,0.7216758783274939,0.0,0.02448355011476664
cplfw,0.7214123574773517,0.0,0.0252486610558531
cplfw,0.7213850231854319,0.0,0.026013771996939557
cplfw,0.7165272130531263,0.0,0.026778882938026015
cplfw,0.7161962355155637,0.0,0.02754399387911247
cplfw,0.7152958006947259,0.0,0.028309104820198928
cplfw,0.7151296833215457,0.0,0.029074215761285386
cplfw,0.7141939092485227,0.0,0.029839326702371844
cplfw,0.7136616270115774,0.0,0.030604437643458302
cplfw,0.7103538392253342,0.0,0.03136954858454476
cplfw,0.7085103190011564,0.0,0.032134659525631215
cplfw,0.7079730126345738,0.0,0.03289977046671767
cplfw,0.7072460078917886,0.0,0.03366488140780413
cplfw,0.7062840347761183,0.0,0.03442999234889059
cplfw,0.7027209440041979,0.0,0.03519510328997705
cplfw,0.7000916377413441,0.0,0.035960214231063506
cplfw,0.6997196996068152,0.0,0.036725325172149964
cplfw,0.6994803492109422,0.0,0.03749043611323642
cplfw,0.6993870177266455,0.0,0.03825554705432287
cplfw,0.6989693177471892,0.0,0.03902065799540933
cplfw,0.6971593209021326,0.0,0.03978576893649579
cplfw,0.6957794980046265,0.0,0.04055087987758225
cplfw,0.6956956775131397,0.0,0.041315990818668706
cplfw,0.6939691857757958,0.0,0.042081101759755164
cplfw,0.693456425636817,0.0,0.04284621270084162
cplfw,0.6931545864625641,0.0,0.04361132364192808
cplfw,0.6930059522172419,0.0,0.04437643458301454
cplfw,0.6925174802083987,0.0,0.045141545524101
cplfw,0.6921489082384528,0.0,0.045906656465187455
cplfw,0.6919270116208315,0.0,0.046671767406273906
cplfw,0.6918853965171106,0.0,0.047436878347360364
cplfw,0.6910051300345927,0.0,0.04820198928844682
cplfw,0.6909683870525443,0.0,0.04896710022953328
cplfw,0.6907512314429294,0.0,0.04973221117061974
cplfw,0.6907509263683113,0.0,0.0504973221117062
cplfw,0.6902519028906345,0.0,0.051262433052792655
cplfw,0.6898778765694367,0.0,0.05202754399387911
cplfw,0.689730958229972,0.0,0.05279265493496557
cplfw,0.6892023090763443,0.0,0.05355776587605203
cplfw,0.6890642039272543,0.0,0.05432287681713849
cplfw,0.6882312215682068,0.0,0.05508798775822494
cplfw,0.687381097597347,0.0,0.0558530986993114
cplfw,0.6865569990035346,0.0,0.056618209640397855
cplfw,0.6855960339241266,0.0,0.057383320581484314
cplfw,0.685205054131217,0.0,0.05814843152257077
cplfw,0.6851224389169547,0.0,0.05891354246365723
cplfw,0.6850470724404244,0.0,0.05967865340474369
cplfw,0.6847820930567383,0.0,0.060443764345830146
cplfw,0.6847310493391287,0.0,0.061208875286916604
cplfw,0.68454317708629,0.0,0.06197398622800306
cplfw,0.6843262448805163,0.0,0.06273909716908951
cplfw,0.6837215700721487,0.0,0.06350420811017597
cplfw,0.683098592203615,0.0,0.06426931905126243
cplfw,0.6828020662956626,0.0,0.06503442999234889
cplfw,0.6826899763639623,0.0,0.06579954093343535
cplfw,0.6821998130565816,0.0,0.0665646518745218
cplfw,0.6820947987610287,0.0,0.06732976281560826
cplfw,0.6817814880718351,0.0,0.06809487375669472
cplfw,0.6811510773940119,0.0,0.06885998469778118
cplfw,0.6804619873747012,0.0,0.06962509563886764
cplfw,0.6785794945262557,0.0,0.0703902065799541
cplfw,0.6784273149273654,0.0,0.07115531752104055
cplfw,0.6781702060531775,0.0,0.07192042846212701
cplfw,0.6780472229522403,0.0,0.07268553940321347
cplfw,0.6778786232638483,0.0,0.07345065034429993
cplfw,0.6775553678859396,0.0,0.07421576128538639
cplfw,0.6771790636739746,0.0,0.07498087222647284
cplfw,0.6769681677922025,0.0,0.0757459831675593
cplfw,0.6765234443367625,0.0,0.07651109410864575
cplfw,0.6760896681959058,0.0,0.0772762050497322
cplfw,0.6754903999655305,0.0,0.07804131599081866
cplfw,0.6746409098711197,0.0,0.07880642693190512
cplfw,0.6743391960694572,0.0,0.07957153787299158
cplfw,0.6742057467472545,0.0,0.08033664881407804
cplfw,0.6739614772501666,0.0,0.0811017597551645
cplfw,0.6739108522906796,0.0,0.08186687069625095
cplfw,0.6738220203381405,0.0,0.08263198163733741
cplfw,0.6733754305329687,0.0,0.08339709257842387
cplfw,0.6732003172330059,0.0,0.08416220351951033
cplfw,0.6726796941766597,0.0,0.08492731446059679
cplfw,0.6719783067922145,0.0,0.08569242540168324
cplfw,0.6716947422773093,0.0,0.0864575363427697
cplfw,0.6713995857746352,0.0,0.08722264728385616
cplfw,0.670740776972092,0.0,0.08798775822494262
cplfw,0.6702734911640786,0.0,0.08875286916602908
cplfw,0.6702058895188625,0.0,0.08951798010711554
cplfw,0.6697996050327277,0.0,0.090283091048202
cplfw,0.6697140755309974,0.0,0.09104820198928845
cplfw,0.6696220068395553,0.0,0.09181331293037491
cplfw,0.6692602336179542,0.0,0.09257842387146137
cplfw,0.6691610959345713,0.0,0.09334353481254781
cplfw,0.6690146519002648,0.0,0.09410864575363427
cplfw,0.6685623909360089,0.0,0.09487375669472073
cplfw,0.6682122713432146,0.0,0.09563886763580719
cplfw,0.6681033328607187,0.0,0.09640397857689365
cplfw,0.6680931182041192,0.0,0.0971690895179801
cplfw,0.6679253575198248,0.0,0.09793420045906656
cplfw,0.6677862780983604,0.0,0.09869931140015302
cplfw,0.6667561416213229,0.0,0.09946442234123948
cplfw,0.6664537464176472,0.0,0.10022953328232594
cplfw,0.6660539081841376,0.0,0.1009946442234124
cplfw,0.6656037994845144,0.0,0.10175975516449885
cplfw,0.6655906544823471,0.0,0.10252486610558531
cplfw,0.6654770367752126,0.0,0.10328997704667177
cplfw,0.6651640994557768,0.0,0.10405508798775823
cplfw,0.6651367911662182,0.0,0.10482019892884469
cplfw,0.6649729118467843,0.0,0.10558530986993114
cplfw,0.6647595178825654,0.0,0.1063504208110176
cplfw,0.6643985073822614,0.0,0.10711553175210406
cplfw,0.6634590857574928,0.0,0.10788064269319052
cplfw,0.6631205424632763,0.0,0.10864575363427698
cplfw,0.6625497490136931,0.0,0.10941086457536343
cplfw,0.6622838603054415,0.0,0.11017597551644988
cplfw,0.6620596755057298,0.0,0.11094108645753634
cplfw,0.6616846998786775,0.0,0.1117061973986228
cplfw,0.661280291740812,0.0,0.11247130833970925
cplfw,0.6611005081594183,0.0,0.11323641928079571
cplfw,0.6609003130488014,0.0,0.11400153022188217
cplfw,0.6607165904621588,0.0,0.11476664116296863
cplfw,0.6606536042743973,0.0,0.11553175210405509
cplfw,0.6606355054304456,0.0,0.11629686304514154
cplfw,0.6603367856633965,0.0,0.117061973986228
cplfw,0.6601041540472983,0.0,0.11782708492731446
cplfw,0.6597674498888746,0.0,0.11859219586840092
cplfw,0.6597335375166445,0.0,0.11935730680948738
cplfw,0.6595002708710861,0.0,0.12012241775057383
cplfw,0.6592864937292942,0.0,0.12088752869166029
cplfw,0.6591560332087577,0.0,0.12165263963274675
cplfw,0.6586602853539383,0.0,0.12241775057383321
cplfw,0.6580814272262018,0.0,0.12318286151491967
cplfw,0.6580345029965827,0.0,0.12394797245600613
cplfw,0.6577326290894242,0.0,0.12471308339709258
cplfw,0.6574031337960995,0.0,0.12547819433817903
cplfw,0.6565913447119895,0.0,0.1262433052792655
cplfw,0.6565732123678304,0.0,0.12700841622035194
cplfw,0.6558926128820078,0.0,0.12777352716143842
cplfw,0.654610088697451,0.0,0.12853863810252486
cplfw,0.6544070483794129,0.0,0.12930374904361133
cplfw,0.6542341712910859,0.0,0.13006885998469778
cplfw,0.6540974718633692,0.0,0.13083397092578425
cplfw,0.6540106904419556,0.0,0.1315990818668707
cplfw,0.6539444715280371,0.0,0.13236419280795717
cplfw,0.6539007761697309,0.0,0.1331293037490436
cplfw,0.6537292881363677,0.0,0.13389441469013008
cplfw,0.6534876533024355,0.0,0.13465952563121653
cplfw,0.653038114569889,0.0,0.135424636572303
cplfw,0.652696301957381,0.0,0.13618974751338944
cplfw,0.6525800498807086,0.0,0.1369548584544759
cplfw,0.6519864924347913,0.0,0.13771996939556236
cplfw,0.6517124952808873,0.0,0.1384850803366488
cplfw,0.6513956245349818,0.0,0.13925019127773527
cplfw,0.6511825003506811,0.0,0.14001530221882172
cplfw,0.6509601447173797,0.0,0.1407804131599082
cplfw,0.6507508626335389,0.0,0.14154552410099464
cplfw,0.6507200920061375,0.0,0.1423106350420811
cplfw,0.6501906464389979,0.0,0.14307574598316755
cplfw,0.650065084147251,0.0,0.14384085692425402
cplfw,0.649949000686362,0.0,0.14460596786534047
cplfw,0.6497926715143513,0.0,0.14537107880642694
cplfw,0.6497093517649084,0.0,0.14613618974751338
cplfw,0.6495526201800872,0.0,0.14690130068859986
cplfw,0.6491457631683852,0.0,0.1476664116296863
cplfw,0.6487592622281577,0.0,0.14843152257077277
cplfw,0.6486738214158085,0.0,0.14919663351185922
cplfw,0.6482363305361311,0.0,0.1499617444529457
cplfw,0.6476621212765509,0.0,0.15072685539403213
cplfw,0.6469069987158097,0.0,0.1514919663351186
cplfw,0.6468403701358891,0.0,0.15225707727620505
cplfw,0.6465199493908832,0.0,0.1530221882172915
cplfw,0.646054585264038,0.0,0.15378729915837797
cplfw,0.6458218861585076,0.0,0.1545524100994644
cplfw,0.645382153959255,0.0,0.15531752104055088
cplfw,0.6449593514171142,0.0,0.15608263198163733
cplfw,0.6445959411827676,0.0,0.1568477429227238
cplfw,0.6445940097707339,0.0,0.15761285386381024
cplfw,0.6441888359322915,0.0,0.15837796480489671
cplfw,0.6438807867422066,0.0,0.15914307574598316
cplfw,0.6432149400347775,0.0,0.15990818668706963
cplfw,0.6420750232637865,0.0,0.16067329762815608
cplfw,0.6419927889232379,0.0,0.16143840856924255
cplfw,0.6416327510564701,0.0,0.162203519510329
cplfw,0.641545730249979,0.0,0.16296863045141546
cplfw,0.6408921960390336,0.0,0.1637337413925019
cplfw,0.6405485780924033,0.0,0.16449885233358838
cplfw,0.6401973081268012,0.0,0.16526396327467482
cplfw,0.6397036267689835,0.0,0.1660290742157613
cplfw,0.6394718409581022,0.0,0.16679418515684774
cplfw,0.639340577328802,0.0,0.1675592960979342
cplfw,0.6391181448168647,0.0,0.16832440703902066
cplfw,0.6391109845824202,0.0,0.16908951798010713
cplfw,0.6381098250865085,0.0,0.16985462892119357
cplfw,0.6380690757632992,0.0,0.17061973986228002
cplfw,0.6378608328659422,0.0,0.1713848508033665
cplfw,0.6372858846846934,0.0,0.17214996174445293
cplfw,0.6372013856025254,0.0,0.1729150726855394
cplfw,0.6365023506846244,0.0,0.17368018362662585
cplfw,0.6364042098506185,0.0,0.17444529456771232
cplfw,0.636392700030745,0.0,0.17521040550879877
cplfw,0.635956650371474,0.0,0.17597551644988524
cplfw,0.6356390851311788,0.0,0.17674062739097168
cplfw,0.6355704779647903,0.0,0.17750573833205815
cplfw,0.6349665791506618,0.0,0.1782708492731446
cplfw,0.6341650484994876,0.0,0.17903596021423107
cplfw,0.6338357846995941,0.0,0.17980107115531752
cplfw,0.633757141237069,0.0,0.180566182096404
cplfw,0.6333539803931196,0.0,0.18133129303749043
cplfw,0.6331478561081927,0.0,0.1820964039785769
cplfw,0.6329745136788506,0.0,0.18286151491966335
cplfw,0.6329160989183797,0.0,0.18362662586074982
cplfw,0.6328805062475346,0.0,0.18439173680183626
cplfw,0.6328203008011328,0.0,0.18515684774292274
cplfw,0.6327647602170985,0.0,0.18592195868400918
cplfw,0.6322569707218606,0.0,0.18668706962509563
cplfw,0.6318665847174993,0.0,0.1874521805661821
cplfw,0.6318580885668601,0.0,0.18821729150726854
cplfw,0.6318485249002557,0.0,0.188982402448355
cplfw,0.6317415337997644,0.0,0.18974751338944146
cplfw,0.6311407773909554,0.0,0.19051262433052793
cplfw,0.6302644705404291,0.0,0.19127773527161437
cplfw,0.6301392958429723,0.0,0.19204284621270085
cplfw,0.6297283106747958,0.0,0.1928079571537873
cplfw,0.6288208941618727,0.0,0.19357306809487376
cplfw,0.6286080283714204,0.0,0.1943381790359602
cplfw,0.6285586767616925,0.0,0.19510328997704668
cplfw,0.6282555269358352,0.0,0.19586840091813312
cplfw,0.6279240996475042,0.0,0.1966335118592196
cplfw,0.6278270254064389,0.0,0.19739862280030604
cplfw,0.6265741720454135,0.0,0.1981637337413925
cplfw,0.6265532764621811,0.0,0.19892884468247896
cplfw,0.6263269590044083,0.0,0.19969395562356543
cplfw,0.6262624352631309,0.0,0.20045906656465187
cplfw,0.6258087459219243,0.0,0.20122417750573834
cplfw,0.6257893836741805,0.0,0.2019892884468248
cplfw,0.6257753598929781,0.0,0.20275439938791126
cplfw,0.6252000065136356,0.0,0.2035195103289977
cplfw,0.6249410815408104,0.0,0.20428462127008415
cplfw,0.624531454234489,0.0,0.20504973221117062
cplfw,0.6242349832767742,0.0,0.20581484315225707
cplfw,0.6240534372769144,0.0,0.20657995409334354
cplfw,0.6240480070685277,0.0,0.20734506503442998
cplfw,0.6240109331124805,0.0,0.20811017597551645
cplfw,0.6239449450442535,0.0,0.2088752869166029
cplfw,0.6238624027696805,0.0,0.20964039785768937
cplfw,0.6237346253399043,0.0,0.21040550879877581
cplfw,0.6234252383920154,0.0,0.2111706197398623
cplfw,0.6234097297652788,0.0,0.21193573068094873
cplfw,0.6232635736852277,0.0,0.2127008416220352
cplfw,0.6231270893745717,0.0,0.21346595256312165
cplfw,0.623078169115156,0.0,0.21423106350420812
cplfw,0.6225231535271752,0.0,0.21499617444529456
cplfw,0.6223610686945066,0.0,0.21576128538638104
cplfw,0.62215739212556,0.0,0.21652639632746748
cplfw,0.621917680722321,0.0,0.21729150726855395
cplfw,0.6216810250919231,0.0,0.2180566182096404
cplfw,0.6212892245883339,0.0,0.21882172915072687
cplfw,0.6212244747751363,0.0,0.2195868400918133
cplfw,0.6208278345517513,0.0,0.22035195103289976
cplfw,0.6206184558289839,0.0,0.22111706197398623
cplfw,0.6201034596479051,0.0,0.22188217291507267
cplfw,0.6200350880630375,0.0,0.22264728385615914
cplfw,0.6200279609749729,0.0,0.2234123947972456
cplfw,0.6198019258507913,0.0,0.22417750573833206
cplfw,0.6197241435450718,0.0,0.2249426166794185
cplfw,0.6191507990817485,0.0,0.22570772762050498
cplfw,0.6190523202149084,0.0,0.22647283856159142
cplfw,0.618798265014597,0.0,0.2272379495026779
cplfw,0.6182827980704101,0.0,0.22800306044376434
cplfw,0.6174709497438994,0.0,0.2287681713848508
cplfw,0.6171138103095315,0.0,0.22953328232593725
cplfw,0.6168764919281746,0.0,0.23029839326702373
cplfw,0.6164944043859079,0.0,0.23106350420811017
cplfw,0.6161438991847686,0.0,0.23182861514919664
cplfw,0.6152687746650184,0.0,0.2325937260902831
cplfw,0.6149754423587328,0.0,0.23335883703136956
cplfw,0.6142946334704412,0.0,0.234123947972456
cplfw,0.6142822648611518,0.0,0.23488905891354248
cplfw,0.6139921042346048,0.0,0.23565416985462892
cplfw,0.6132902390183373,0.0,0.2364192807957154
cplfw,0.6129239325372902,0.0,0.23718439173680184
cplfw,0.612852309335145,0.0,0.23794950267788828
cplfw,0.612674450381697,0.0,0.23871461361897475
cplfw,0.6124035107609423,0.0,0.2394797245600612
cplfw,0.6123444841700241,0.0,0.24024483550114767
cplfw,0.6122951711054151,0.0,0.2410099464422341
cplfw,0.6119117935591101,0.0,0.24177505738332059
cplfw,0.6117499399868869,0.0,0.24254016832440703
cplfw,0.6117048980138404,0.0,0.2433052792654935
cplfw,0.6115432201381749,0.0,0.24407039020657995
cplfw,0.6114620925785682,0.0,0.24483550114766642
cplfw,0.611383879657573,0.0,0.24560061208875286
cplfw,0.6107897511269729,0.0,0.24636572302983933
cplfw,0.6106924077813793,0.0,0.24713083397092578
cplfw,0.6106673974349579,0.0,0.24789594491201225
cplfw,0.6105674000221778,0.0,0.2486610558530987
cplfw,0.610549676345345,0.0,0.24942616679418517
cplfw,0.6100866368354827,0.0,0.2501912777352716
cplfw,0.610040289810763,0.0,0.25095638867635806
cplfw,0.6099122548675077,0.0,0.25172149961744456
cplfw,0.6094999250609227,0.0,0.252486610558531
cplfw,0.6089163060689654,0.0,0.25325172149961744
cplfw,0.6089101820503803,0.0,0.2540168324407039
cplfw,0.6085756405036387,0.0,0.25478194338179033
cplfw,0.6084501120631657,0.0,0.25554705432287683
cplfw,0.6083632751515899,0.0,0.2563121652639633
cplfw,0.6075753992273455,0.0,0.2570772762050497
cplfw,0.606772591280637,0.0,0.25784238714613616
cplfw,0.6067512942057688,0.0,0.25860749808722266
cplfw,0.6065894226762668,0.0,0.2593726090283091
cplfw,0.6057031228699571,0.0,0.26013771996939555
cplfw,0.6056916976048462,0.0,0.260902830910482
cplfw,0.605412982177867,0.0,0.2616679418515685
cplfw,0.6053162656010236,0.0,0.26243305279265494
cplfw,0.6052990072237849,0.0,0.2631981637337414
cplfw,0.6042527898274651,0.0,0.26396327467482783
cplfw,0.6042446781346523,0.0,0.26472838561591433
cplfw,0.6041581130334905,0.0,0.2654934965570008
cplfw,0.6036518528987683,0.0,0.2662586074980872
cplfw,0.6033598235584041,0.0,0.26702371843917366
cplfw,0.6030079905615883,0.0,0.26778882938026016
cplfw,0.6029415273750749,0.0,0.2685539403213466
cplfw,0.6027365200765865,0.0,0.26931905126243305
cplfw,0.6019066276913403,0.0,0.2700841622035195
cplfw,0.6018056598435293,0.0,0.270849273144606
cplfw,0.601741122115948,0.0,0.27161438408569244
cplfw,0.6014856184024394,0.0,0.2723794950267789
cplfw,0.6005932029347947,0.0,0.27314460596786533
cplfw,0.6001172239070933,0.0,0.2739097169089518
cplfw,0.6000394751639306,0.0,0.2746748278500383
cplfw,0.599916829995724,0.0,0.2754399387911247
cplfw,0.5997198367758612,0.0,0.27620504973221116
cplfw,0.599617260174903,0.0,0.2769701606732976
cplfw,0.5993172509773625,0.0,0.2777352716143841
cplfw,0.5992790900762536,0.0,0.27850038255547055
cplfw,0.5992782464591807,0.0,0.279265493496557
cplfw,0.5992235520864817,0.0,0.28003060443764344
cplfw,0.5992061017020907,0.0,0.28079571537872994
cplfw,0.5983952417769157,0.0,0.2815608263198164
cplfw,0.5982468016809618,0.0,0.2823259372609028
cplfw,0.5979533517226061,0.0,0.28309104820198927
cplfw,0.597864850430985,0.0,0.28385615914307577
cplfw,0.5975105498908085,0.0,0.2846212700841622
cplfw,0.5973712600054149,0.0,0.28538638102524866
cplfw,0.5972530638279018,0.0,0.2861514919663351
cplfw,0.5959721239254998,0.0,0.2869166029074216
cplfw,0.5959405240091835,0.0,0.28768171384850805
cplfw,0.5954814736145483,0.0,0.2884468247895945
cplfw,0.5952061348577098,0.0,0.28921193573068094
cplfw,0.5950109028380943,0.0,0.2899770466717674
cplfw,0.5947734634112094,0.0,0.2907421576128539
cplfw,0.5938989262162174,0.0,0.2915072685539403
cplfw,0.5937943671692988,0.0,0.29227237949502677
cplfw,0.5934748804804648,0.0,0.2930374904361132
cplfw,0.5933696489664848,0.0,0.2938026013771997
cplfw,0.592518777061102,0.0,0.29456771231828616
cplfw,0.5924493846997708,0.0,0.2953328232593726
cplfw,0.5922905989575924,0.0,0.29609793420045905
cplfw,0.5918924964297911,0.0,0.29686304514154555
cplfw,0.5918582519709863,0.0,0.297628156082632
cplfw,0.5917624455578272,0.0,0.29839326702371843
cplfw,0.5915965153086576,0.0,0.2991583779648049
cplfw,0.5914018806050002,0.0,0.2999234889058914
cplfw,0.5913706493465758,0.0,0.3006885998469778
cplfw,0.5908754799692663,0.0,0.30145371078806427
cplfw,0.590829481985897,0.0,0.3022188217291507
cplfw,0.5907736437771215,0.0,0.3029839326702372
cplfw,0.5904002344744381,0.0,0.30374904361132365
cplfw,0.5902234862448914,0.0,0.3045141545524101
cplfw,0.5902118523886523,0.0,0.30527926549349654
cplfw,0.5900624865176909,0.0,0.306044376434583
cplfw,0.5899005997864236,0.0,0.3068094873756695
cplfw,0.5896004552431812,0.0,0.30757459831675593
cplfw,0.5888013575181392,0.0,0.3083397092578424
cplfw,0.5887069254688001,0.0,0.3091048201989288
cplfw,0.5887002398141804,0.0,0.3098699311400153
cplfw,0.5886254046395076,0.0,0.31063504208110176
cplfw,0.5885807076960771,0.0,0.3114001530221882
cplfw,0.5885571581110726,0.0,0.31216526396327465
cplfw,0.5877937383612375,0.0,0.31293037490436115
cplfw,0.5876844324651328,0.0,0.3136954858454476
cplfw,0.5876723049047303,0.0,0.31446059678653404
cplfw,0.5875594579055121,0.0,0.3152257077276205
cplfw,0.5875024328693887,0.0,0.315990818668707
cplfw,0.5870728723468281,0.0,0.31675592960979343
cplfw,0.5870305959998192,0.0,0.3175210405508799
cplfw,0.5867689462354645,0.0,0.3182861514919663
cplfw,0.5866147433647104,0.0,0.3190512624330528
cplfw,0.5865664471179449,0.0,0.31981637337413926
cplfw,0.5863502819031394,0.0,0.3205814843152257
cplfw,0.5861741825600928,0.0,0.32134659525631215
cplfw,0.5861073442842396,0.0,0.3221117061973986
cplfw,0.5858894572392754,0.0,0.3228768171384851
cplfw,0.5858350230240488,0.0,0.32364192807957154
cplfw,0.5850789052920938,0.0,0.324407039020658
cplfw,0.5850418156185891,0.0,0.32517214996174443
cplfw,0.5850346576215096,0.0,0.3259372609028309
cplfw,0.5849090122698476,0.0,0.32670237184391737
cplfw,0.5843957842974605,0.0,0.3274674827850038
cplfw,0.5841338870593842,0.0,0.32823259372609026
cplfw,0.5835892782281099,0.0,0.32899770466717676
cplfw,0.5833473328089063,0.0,0.3297628156082632
cplfw,0.5831977183181871,0.0,0.33052792654934965
cplfw,0.5830378981195744,0.0,0.3312930374904361
cplfw,0.5825574835750392,0.0,0.3320581484315226
cplfw,0.582410521376058,0.0,0.33282325937260904
cplfw,0.5820359224202798,0.0,0.3335883703136955
cplfw,0.5810058436816197,0.0,0.3343534812547819
cplfw,0.5808045924906287,0.0,0.3351185921958684
cplfw,0.5805666510210844,0.0,0.33588370313695487
cplfw,0.5804228454294676,0.0,0.3366488140780413
cplfw,0.5802247666866748,0.0,0.33741392501912776
cplfw,0.5801231858389769,0.0,0.33817903596021426
cplfw,0.5800353933995923,0.0,0.3389441469013007
cplfw,0.5794789061270258,0.0,0.33970925784238715
cplfw,0.5794276752722791,0.0,0.3404743687834736
cplfw,0.5788544321356572,0.0,0.34123947972456004
cplfw,0.5781910701627302,0.0,0.34200459066564654
cplfw,0.5777567342054764,0.0,0.342769701606733
cplfw,0.577576267537354,0.0,0.3435348125478194
cplfw,0.5771657445713877,0.0,0.34429992348890587
cplfw,0.5769500935551554,0.0,0.34506503442999237
cplfw,0.5766204550333291,0.0,0.3458301453710788
cplfw,0.576426949258508,0.0,0.34659525631216526
cplfw,0.5763118498627939,0.0,0.3473603672532517
cplfw,0.5762459143702702,0.0,0.3481254781943382
cplfw,0.5754325405167751,0.0,0.34889058913542464
cplfw,0.5752452178990624,0.0,0.3496557000765111
cplfw,0.5752270025683746,0.0,0.35042081101759753
cplfw,0.5748752533834768,0.0,0.35118592195868403
cplfw,0.574805054791935,0.0,0.3519510328997705
cplfw,0.574782502133851,0.0,0.3527161438408569
cplfw,0.5744552186295618,0.0,0.35348125478194337
cplfw,0.5741116203784438,0.0,0.35424636572302987
cplfw,0.5739614286294731,0.0,0.3550114766641163
cplfw,0.5739369089652705,0.0,0.35577658760520275
cplfw,0.5736105680046095,0.0,0.3565416985462892
cplfw,0.5735740909888557,0.0,0.35730680948737564
cplfw,0.5735653687571596,0.0,0.35807192042846214
cplfw,0.5731608220962252,0.0,0.3588370313695486
cplfw,0.573068268267365,0.0,0.35960214231063503
cplfw,0.5730226701062506,0.0,0.3603672532517215
cplfw,0.5727199278741693,0.0,0.361132364192808
cplfw,0.5726547405019322,0.0,0.3618974751338944
cplfw,0.5725762227459579,0.0,0.36266258607498086
cplfw,0.5722020315616648,0.0,0.3634276970160673
cplfw,0.5720037425820094,0.0,0.3641928079571538
cplfw,0.5718359346895563,0.0,0.36495791889824025
cplfw,0.571719597289457,0.0,0.3657230298393267
cplfw,0.5715261646668044,0.0,0.36648814078041314
cplfw,0.5709129008029642,0.0,0.36725325172149964
cplfw,0.5708665130068789,0.0,0.3680183626625861
cplfw,0.5707508656544196,0.0,0.36878347360367253
cplfw,0.5706382729957243,0.0,0.369548584544759
cplfw,0.5704037744455586,0.0,0.3703136954858455
cplfw,0.5703334309841012,0.0,0.3710788064269319
cplfw,0.5702371314948388,0.0,0.37184391736801836
cplfw,0.5701270738078831,0.0,0.3726090283091048
cplfw,0.5698607089159357,0.0,0.37337413925019125
cplfw,0.5696409100231562,0.0,0.37413925019127775
cplfw,0.5696280691839073,0.0,0.3749043611323642
cplfw,0.5694448894678312,0.0,0.37566947207345064
cplfw,0.5687659506115514,0.0,0.3764345830145371
cplfw,0.5682402464111098,0.0,0.3771996939556236
cplfw,0.5678551820571246,0.0,0.37796480489671
cplfw,0.5676501851201811,0.0,0.37872991583779647
cplfw,0.5674827751493703,0.0,0.3794950267788829
cplfw,0.5673993900929085,0.0,0.3802601377199694
cplfw,0.567321384386458,0.0,0.38102524866105586
cplfw,0.5667280081494958,0.0,0.3817903596021423
cplfw,0.5666470886653053,0.0,0.38255547054322875
cplfw,0.5664243353832115,0.0,0.38332058148431525
cplfw,0.5663049023612768,0.0,0.3840856924254017
cplfw,0.5658931879424722,0.0,0.38485080336648814
cplfw,0.5654360015650708,0.0,0.3856159143075746
cplfw,0.5653571413648878,0.0,0.3863810252486611
cplfw,0.5649943189869117,0.0,0.3871461361897475
cplfw,0.5647732460751238,0.0,0.38791124713083397
cplfw,0.5644790592236574,0.0,0.3886763580719204
cplfw,0.5640195525090592,0.0,0.3894414690130069
cplfw,0.5637594820592087,0.0,0.39020657995409336
cplfw,0.5636545019130118,0.0,0.3909716908951798
cplfw,0.5630390323326964,0.0,0.39173680183626625
cplfw,0.5628030953572856,0.0,0.3925019127773527
cplfw,0.562389250560355,0.0,0.3932670237184392
cplfw,0.5620137691929042,0.0,0.39403213465952563
cplfw,0.5620027796973998,0.0,0.3947972456006121
cplfw,0.5619394209786527,0.0,0.3955623565416985
cplfw,0.5617539868794416,0.0,0.396327467482785
cplfw,0.5617384647033202,0.0,0.39709257842387147
cplfw,0.5614792136001344,0.0,0.3978576893649579
cplfw,0.5614071036845155,0.0,0.39862280030604436
cplfw,0.5606620610686293,0.0,0.39938791124713086
cplfw,0.5604786007343827,0.0,0.4001530221882173
cplfw,0.5602660607582884,0.0,0.40091813312930374
cplfw,0.560238552809514,0.0,0.4016832440703902
cplfw,0.5602191527343041,0.0,0.4024483550114767
cplfw,0.5592414321755648,0.0,0.40321346595256313
cplfw,0.5591103931256509,0.0,0.4039785768936496
cplfw,0.5586158955059116,0.0,0.404743687834736
cplfw,0.558463496124502,0.0,0.4055087987758225
cplfw,0.5583838611099075,0.0,0.40627390971690897
cplfw,0.557733364935404,0.0,0.4070390206579954
cplfw,0.5576424902654986,0.0,0.40780413159908185
cplfw,0.5574258430534778,0.0,0.4085692425401683
cplfw,0.5565905883702534,0.0,0.4093343534812548
cplfw,0.5565533233054525,0.0,0.41009946442234124
cplfw,0.5561185149013114,0.0,0.4108645753634277
cplfw,0.555947498879299,0.0,0.41162968630451413
cplfw,0.5559436483435235,0.0,0.41239479724560063
cplfw,0.5559351196446742,0.0,0.4131599081866871
cplfw,0.5552915792869381,0.0,0.4139250191277735
cplfw,0.554874895110263,0.0,0.41469013006885996
cplfw,0.5548263586618986,0.0,0.41545524100994646
cplfw,0.5547748253441979,0.0,0.4162203519510329
cplfw,0.5547077763497875,0.0,0.41698546289211935
cplfw,0.5545882796447079,0.0,0.4177505738332058
cplfw,0.5545457906809645,0.0,0.4185156847742923
cplfw,0.5534727974204725,0.0,0.41928079571537874
cplfw,0.5532225321288917,0.0,0.4200459066564652
cplfw,0.5530824979846233,0.0,0.42081101759755163
cplfw,0.5528984808195754,0.0,0.42157612853863813
cplfw,0.5528317784727844,0.0,0.4223412394797246
cplfw,0.5526842034150502,0.0,0.423106350420811
cplfw,0.5526103117461315,0.0,0.42387146136189746
cplfw,0.552462431069528,0.0,0.4246365723029839
cplfw,0.5524195647705439,0.0,0.4254016832440704
cplfw,0.5522993996026432,0.0,0.42616679418515685
cplfw,0.5520765188090921,0.0,0.4269319051262433
cplfw,0.5520728610429664,0.0,0.42769701606732974
cplfw,0.5518118659537141,0.0,0.42846212700841624
cplfw,0.5517962461328956,0.0,0.4292272379495027
cplfw,0.5515696611192554,0.0,0.4299923488905891
cplfw,0.5512077785190119,0.0,0.43075745983167557
cplfw,0.5507539621737189,0.0,0.43152257077276207
cplfw,0.5507381897174034,0.0,0.4322876817138485
cplfw,0.5507375751462334,0.0,0.43305279265493496
cplfw,0.5506560909904374,0.0,0.4338179035960214
cplfw,0.5505197406916702,0.0,0.4345830145371079
cplfw,0.5501904940996246,0.0,0.43534812547819435
cplfw,0.5501241727217456,0.0,0.4361132364192808
cplfw,0.5499490936298674,0.0,0.43687834736036724
cplfw,0.5499462415412566,0.0,0.43764345830145374
cplfw,0.5495839172821375,0.0,0.4384085692425402
cplfw,0.5488472070674857,0.0,0.4391736801836266
cplfw,0.5487688011924257,0.0,0.43993879112471307
cplfw,0.5487628586334561,0.0,0.4407039020657995
cplfw,0.5486897730574953,0.0,0.441469013006886
cplfw,0.5481986112365059,0.0,0.44223412394797246
cplfw,0.5481557964989986,0.0,0.4429992348890589
cplfw,0.5481214816694546,0.0,0.44376434583014535
cplfw,0.5477983700295047,0.0,0.44452945677123185
cplfw,0.547675636448348,0.0,0.4452945677123183
cplfw,0.5476166992516542,0.0,0.44605967865340473
cplfw,0.5476139221410169,0.0,0.4468247895944912
cplfw,0.5476022965495586,0.0,0.4475899005355777
cplfw,0.5474311967994852,0.0,0.4483550114766641
cplfw,0.5473559178246332,0.0,0.44912012241775057
cplfw,0.547306822722093,0.0,0.449885233358837
cplfw,0.54635030473812,0.0,0.4506503442999235
cplfw,0.5463252870956556,0.0,0.45141545524100996
cplfw,0.5462620624437634,0.0,0.4521805661820964
cplfw,0.5462418834937391,0.0,0.45294567712318284
cplfw,0.5460029921617198,0.0,0.45371078806426934
cplfw,0.5457998687855026,0.0,0.4544758990053558
cplfw,0.5455504979729335,0.0,0.45524100994644223
cplfw,0.5454649893646093,0.0,0.4560061208875287
cplfw,0.5449935159660504,0.0,0.4567712318286152
cplfw,0.5448884687997009,0.0,0.4575363427697016
cplfw,0.5439568564196567,0.0,0.45830145371078806
cplfw,0.543888173458159,0.0,0.4590665646518745
cplfw,0.5437186399689167,0.0,0.45983167559296095
cplfw,0.5433922068374244,0.0,0.46059678653404745
cplfw,0.5433505718918147,0.0,0.4613618974751339
cplfw,0.5430941409141782,0.0,0.46212700841622034
cplfw,0.5430608817299106,0.0,0.4628921193573068
cplfw,0.5428087554636215,0.0,0.4636572302983933
cplfw,0.5426581144408069,0.0,0.46442234123947973
cplfw,0.5425776839319563,0.0,0.4651874521805662
cplfw,0.5425660710141269,0.0,0.4659525631216526
cplfw,0.5425413181131769,0.0,0.4667176740627391
cplfw,0.5423070275957264,0.0,0.46748278500382556
cplfw,0.5413244555423222,0.0,0.468247895944912
cplfw,0.5412167882400973,0.0,0.46901300688599845
cplfw,0.5411685648589558,0.0,0.46977811782708495
cplfw,0.5411492722654804,0.0,0.4705432287681714
cplfw,0.5410351148880762,0.0,0.47130833970925784
cplfw,0.5410233044132315,0.0,0.4720734506503443
cplfw,0.5409833770112519,0.0,0.4728385615914308
cplfw,0.5409336057170029,0.0,0.47360367253251723
cplfw,0.5408259726833425,0.0,0.4743687834736037
cplfw,0.5405528609090061,0.0,0.4751338944146901
cplfw,0.5404932964989865,0.0,0.47589900535577656
cplfw,0.5404235856842621,0.0,0.47666411629686306
cplfw,0.539771149579877,0.0,0.4774292272379495
cplfw,0.5397112726654508,0.0,0.47819433817903595
cplfw,0.5396965927283012,0.0,0.4789594491201224
cplfw,0.5392636846470946,0.0,0.4797245600612089
cplfw,0.539211224513807,0.0,0.48048967100229534
cplfw,0.5390771193119712,0.0,0.4812547819433818
cplfw,0.5390428507145386,0.0,0.4820198928844682
cplfw,0.538698039213414,0.0,0.4827850038255547
cplfw,0.5385443443384162,0.0,0.48355011476664117
cplfw,0.538521793586442,0.0,0.4843152257077276
cplfw,0.5385097613521164,0.0,0.48508033664881406
cplfw,0.5384653815079635,0.0,0.48584544758990056
cplfw,0.5382701970146458,0.0,0.486610558530987
cplfw,0.5382076755434336,0.0,0.48737566947207345
cplfw,0.5374714793867293,0.0,0.4881407804131599
cplfw,0.5374472471217837,0.0,0.4889058913542464
cplfw,0.5374210318928937,0.0,0.48967100229533284
cplfw,0.5373753588063045,0.0,0.4904361132364193
cplfw,0.5371683306514752,0.0,0.4912012241775057
cplfw,0.5369877992156424,0.0,0.49196633511859217
cplfw,0.5368382966570759,0.0,0.49273144605967867
cplfw,0.5365348837329447,0.0,0.4934965570007651
cplfw,0.5362799749904485,0.0,0.49426166794185156
cplfw,0.5361387010709855,0.0,0.495026778882938
cplfw,0.535567511331796,0.0,0.4957918898240245
cplfw,0.5355347247458458,0.0,0.49655700076511095
cplfw,0.5354966396798571,0.0,0.4973221117061974
cplfw,0.5354535783264887,0.0,0.49808722264728383
cplfw,0.5351752931310719,0.0,0.49885233358837033
cplfw,0.5351499227533763,0.0,0.4996174445294568
cplfw,0.5351395858137371,0.0,0.5003825554705432
cplfw,0.5343490028303762,0.0,0.5011476664116297
cplfw,0.5335088662675328,0.0,0.5019127773527161
cplfw,0.5333858158429009,0.0,0.5026778882938026
cplfw,0.5330683164693962,0.0,0.5034429992348891
cplfw,0.532371496854876,0.0,0.5042081101759756
cplfw,0.5318444034776666,0.0,0.504973221117062
cplfw,0.5316506518740889,0.0,0.5057383320581484
cplfw,0.5313667508860348,0.0,0.5065034429992349
cplfw,0.5312119443535575,0.0,0.5072685539403213
cplfw,0.5311550891459156,0.0,0.5080336648814078
cplfw,0.5310405480368836,0.0,0.5087987758224942
cplfw,0.5310405209103631,0.0,0.5095638867635807
cplfw,0.5296148107309022,0.0,0.5103289977046672
cplfw,0.5295373035595756,0.0,0.5110941086457537
cplfw,0.5295127139324234,0.0,0.5118592195868401
cplfw,0.5291006180565616,0.0006993006993006993,0.5118592195868401
cplfw,0.5283693337797514,0.0006993006993006993,0.5126243305279266
cplfw,0.528201785843637,0.0006993006993006993,0.513389441469013
cplfw,0.5281870105277454,0.0006993006993006993,0.5141545524100994
cplfw,0.5281454329413108,0.0006993006993006993,0.5149196633511859
cplfw,0.5279298724517326,0.0006993006993006993,0.5156847742922723
cplfw,0.5278847991334716,0.0006993006993006993,0.5164498852333589
cplfw,0.5276376421204904,0.0006993006993006993,0.5172149961744453
cplfw,0.5276066596609077,0.0006993006993006993,0.5179801071155318
cplfw,0.5274485099943452,0.0006993006993006993,0.5187452180566182
cplfw,0.5272970888237323,0.0006993006993006993,0.5195103289977047
cplfw,0.526950605566628,0.0006993006993006993,0.5202754399387911
cplfw,0.5266978778668778,0.0006993006993006993,0.5210405508798776
cplfw,0.5266474611500739,0.0006993006993006993,0.521805661820964
cplfw,0.5266434973259877,0.0006993006993006993,0.5225707727620506
cplfw,0.5266274647990286,0.0006993006993006993,0.523335883703137
cplfw,0.5260983234274991,0.0006993006993006993,0.5241009946442234
cplfw,0.5259634217634506,0.0006993006993006993,0.5248661055853099
cplfw,0.525760923321028,0.0006993006993006993,0.5256312165263963
cplfw,0.5256516806353132,0.0006993006993006993,0.5263963274674828
cplfw,0.5255648285698821,0.0006993006993006993,0.5271614384085692
cplfw,0.5254435555288667,0.0006993006993006993,0.5279265493496557
cplfw,0.5251588152541499,0.0006993006993006993,0.5286916602907421
cplfw,0.5251443767078214,0.0006993006993006993,0.5294567712318287
cplfw,0.5247726018171535,0.0006993006993006993,0.5302218821729151
cplfw,0.5243371332480253,0.0006993006993006993,0.5309869931140015
cplfw,0.5243265497298587,0.0006993006993006993,0.531752104055088
cplfw,0.5241974233402652,0.0006993006993006993,0.5325172149961744
cplfw,0.5241510995232197,0.0006993006993006993,0.5332823259372609
cplfw,0.5241374166732333,0.0006993006993006993,0.5340474368783473
cplfw,0.5238207556440282,0.0006993006993006993,0.5348125478194338
cplfw,0.5237471064609472,0.0006993006993006993,0.5355776587605203
cplfw,0.5235113061493359,0.0006993006993006993,0.5363427697016068
cplfw,0.5232908105835203,0.0006993006993006993,0.5371078806426932
cplfw,0.5231454588866513,0.0006993006993006993,0.5378729915837797
cplfw,0.5228683244270861,0.0006993006993006993,0.5386381025248661
cplfw,0.5224138880869967,0.0006993006993006993,0.5394032134659525
cplfw,0.5223671891082871,0.0006993006993006993,0.540168324407039
cplfw,0.5222634536153308,0.0006993006993006993,0.5409334353481254
cplfw,0.5222013943990891,0.0006993006993006993,0.541698546289212
cplfw,0.5218872633561712,0.0006993006993006993,0.5424636572302984
cplfw,0.5217198742697712,0.0006993006993006993,0.5432287681713849
cplfw,0.5213844229036995,0.0006993006993006993,0.5439938791124713
cplfw,0.5208802842213133,0.0006993006993006993,0.5447589900535578
cplfw,0.5208695291953475,0.0006993006993006993,0.5455241009946442
cplfw,0.5206438310183666,0.0006993006993006993,0.5462892119357307
cplfw,0.5200301766632779,0.0006993006993006993,0.5470543228768171
cplfw,0.5197211386015038,0.0006993006993006993,0.5478194338179035
cplfw,0.5190689323195339,0.0006993006993006993,0.5485845447589901
cplfw,0.5182553506950689,0.0006993006993006993,0.5493496557000765
cplfw,0.5182192366093574,0.0006993006993006993,0.550114766641163
cplfw,0.5179306704300938,0.0006993006993006993,0.5508798775822494
cplfw,0.5178869308278962,0.0006993006993006993,0.5516449885233359
cplfw,0.5178056771029419,0.0006993006993006993,0.5524100994644223
cplfw,0.5176349257949276,0.0006993006993006993,0.5531752104055088
cplfw,0.5176028552380505,0.0006993006993006993,0.5539403213465952
cplfw,0.517475321369082,0.0006993006993006993,0.5547054322876818
cplfw,0.5172841745378175,0.0006993006993006993,0.5554705432287682
cplfw,0.5170716329789969,0.0006993006993006993,0.5562356541698547
cplfw,0.5170180627573923,0.0006993006993006993,0.5570007651109411
cplfw,0.5167984335484516,0.0006993006993006993,0.5577658760520275
cplfw,0.5167229933283628,0.0006993006993006993,0.558530986993114
cplfw,0.5166090470938002,0.0006993006993006993,0.5592960979342004
cplfw,0.516506021886091,0.0006993006993006993,0.5600612088752869
cplfw,0.5158120439986245,0.0006993006993006993,0.5608263198163733
cplfw,0.515675088369304,0.0006993006993006993,0.5615914307574599
cplfw,0.5155639701184844,0.0006993006993006993,0.5623565416985463
cplfw,0.515449621956132,0.0006993006993006993,0.5631216526396328
cplfw,0.5153716427732736,0.0006993006993006993,0.5638867635807192
cplfw,0.5152214848136788,0.0006993006993006993,0.5646518745218057
cplfw,0.514422972716711,0.0006993006993006993,0.5654169854628921
cplfw,0.5144038237820332,0.0006993006993006993,0.5661820964039785
cplfw,0.5143962856969126,0.0006993006993006993,0.566947207345065
cplfw,0.5141186852600729,0.0006993006993006993,0.5677123182861515
cplfw,0.5139548480464872,0.0006993006993006993,0.568477429227238
cplfw,0.5130982724942672,0.0006993006993006993,0.5692425401683244
cplfw,0.5125052268867498,0.0006993006993006993,0.5700076511094109
cplfw,0.512274346377527,0.0006993006993006993,0.5707727620504973
cplfw,0.5120956004071907,0.0006993006993006993,0.5715378729915838
cplfw,0.5120444848615022,0.0006993006993006993,0.5723029839326702
cplfw,0.5117290048637188,0.0006993006993006993,0.5730680948737567
cplfw,0.511696800851762,0.0006993006993006993,0.5738332058148432
cplfw,0.5111562924227615,0.0006993006993006993,0.5745983167559297
cplfw,0.5110872491418208,0.0006993006993006993,0.5753634276970161
cplfw,0.5110309307509276,0.0006993006993006993,0.5761285386381025
cplfw,0.5107358679100199,0.0006993006993006993,0.576893649579189
cplfw,0.5104572034834833,0.0006993006993006993,0.5776587605202754
cplfw,0.5104229712320898,0.0006993006993006993,0.5784238714613619
cplfw,0.5100465921539664,0.0006993006993006993,0.5791889824024483
cplfw,0.5096345546269163,0.0006993006993006993,0.5799540933435348
cplfw,0.5089242782985985,0.0006993006993006993,0.5807192042846213
cplfw,0.508808890458525,0.0013986013986013986,0.5807192042846213
cplfw,0.50860838091468,0.0013986013986013986,0.5814843152257078
cplfw,0.5084957342108769,0.0013986013986013986,0.5822494261667942
cplfw,0.507938292686959,0.0013986013986013986,0.5830145371078806
cplfw,0.5079053199809059,0.0013986013986013986,0.5837796480489671
cplfw,0.5078954074032799,0.0013986013986013986,0.5845447589900535
cplfw,0.5077592313653897,0.0013986013986013986,0.58530986993114
cplfw,0.5074873777743785,0.0013986013986013986,0.5860749808722264
cplfw,0.5070892927199527,0.0013986013986013986,0.586840091813313
cplfw,0.5070070820097244,0.0013986013986013986,0.5876052027543994
cplfw,0.5067955860244031,0.0013986013986013986,0.5883703136954859
cplfw,0.5065751497512008,0.0013986013986013986,0.5891354246365723
cplfw,0.5059994907279252,0.0013986013986013986,0.5899005355776588
cplfw,0.5059639902739497,0.0013986013986013986,0.5906656465187452
cplfw,0.5059045204068232,0.0013986013986013986,0.5914307574598316
cplfw,0.5058979906011147,0.0013986013986013986,0.5921958684009181
cplfw,0.5058160909032565,0.0013986013986013986,0.5929609793420046
cplfw,0.5056772970914218,0.0013986013986013986,0.5937260902830911
cplfw,0.5055964905337085,0.0013986013986013986,0.5944912012241775
cplfw,0.5055040871340615,0.0013986013986013986,0.595256312165264
cplfw,0.5054965266381447,0.0013986013986013986,0.5960214231063504
cplfw,0.5053577339229856,0.0013986013986013986,0.5967865340474369
cplfw,0.5050832014901955,0.0013986013986013986,0.5975516449885233
cplfw,0.5044044730561741,0.0013986013986013986,0.5983167559296098
cplfw,0.5042609586350755,0.0013986013986013986,0.5990818668706962
cplfw,0.504137557752499,0.0013986013986013986,0.5998469778117828
cplfw,0.5040781738684955,0.0013986013986013986,0.6006120887528692
cplfw,0.5040444971800307,0.0013986013986013986,0.6013771996939556
cplfw,0.5039152652300167,0.0013986013986013986,0.6021423106350421
cplfw,0.5038615623697241,0.0013986013986013986,0.6029074215761285
cplfw,0.5037006847179484,0.0013986013986013986,0.603672532517215
cplfw,0.5033436694171456,0.0013986013986013986,0.6044376434583014
cplfw,0.5032417423025801,0.0013986013986013986,0.6052027543993879
cplfw,0.5031954002493434,0.0013986013986013986,0.6059678653404744
cplfw,0.5031745803495182,0.0013986013986013986,0.6067329762815609
cplfw,0.5027591563855366,0.0013986013986013986,0.6074980872226473
cplfw,0.5018239938261271,0.0013986013986013986,0.6082631981637338
cplfw,0.5017310795632645,0.0013986013986013986,0.6090283091048202
cplfw,0.501566956701095,0.0013986013986013986,0.6097934200459066
cplfw,0.5015159890514971,0.0013986013986013986,0.6105585309869931
cplfw,0.5013968460570468,0.0013986013986013986,0.6113236419280795
cplfw,0.5012051621249781,0.0013986013986013986,0.612088752869166
cplfw,0.5008973961352137,0.0013986013986013986,0.6128538638102525
cplfw,0.5007893512747058,0.0013986013986013986,0.613618974751339
cplfw,0.5007526776288748,0.0013986013986013986,0.6143840856924254
cplfw,0.5007271316023569,0.0013986013986013986,0.6151491966335119
cplfw,0.5003450983181127,0.0013986013986013986,0.6159143075745983
cplfw,0.5002225674814478,0.0013986013986013986,0.6166794185156848
cplfw,0.5000453569271157,0.0013986013986013986,0.6174445294567712
cplfw,0.4998240027973076,0.0013986013986013986,0.6182096403978576
cplfw,0.4997988351639912,0.0013986013986013986,0.6189747513389442
cplfw,0.49937023171463585,0.0013986013986013986,0.6197398622800306
cplfw,0.49890254546609747,0.0013986013986013986,0.6205049732211171
cplfw,0.4986838273909112,0.0013986013986013986,0.6212700841622035
cplfw,0.49859593012288483,0.0013986013986013986,0.62203519510329
cplfw,0.4979041379033171,0.0013986013986013986,0.6228003060443764
cplfw,0.4978153562378281,0.0013986013986013986,0.6235654169854629
cplfw,0.49757452452698414,0.0013986013986013986,0.6243305279265493
cplfw,0.49749957437693754,0.0013986013986013986,0.6250956388676359
cplfw,0.49680459438020674,0.0013986013986013986,0.6258607498087223
cplfw,0.49669136037737915,0.0013986013986013986,0.6266258607498087
cplfw,0.49633376892710385,0.0013986013986013986,0.6273909716908952
cplfw,0.4962547456666499,0.0013986013986013986,0.6281560826319816
cplfw,0.4953483946459166,0.0013986013986013986,0.6289211935730681
cplfw,0.49519094839471006,0.0013986013986013986,0.6296863045141545
cplfw,0.4951647787897777,0.0013986013986013986,0.630451415455241
cplfw,0.49482735617869217,0.0013986013986013986,0.6312165263963274
cplfw,0.49457062798661505,0.0013986013986013986,0.631981637337414
cplfw,0.4940387101553135,0.0013986013986013986,0.6327467482785004
cplfw,0.49355484109417797,0.0013986013986013986,0.6335118592195869
cplfw,0.4934445265037537,0.0013986013986013986,0.6342769701606733
cplfw,0.4934312863464651,0.0013986013986013986,0.6350420811017597
cplfw,0.493332049257584,0.0013986013986013986,0.6358071920428462
cplfw,0.4928915424434015,0.0013986013986013986,0.6365723029839326
cplfw,0.4927585852778589,0.0013986013986013986,0.6373374139250191
cplfw,0.4925798405503548,0.0013986013986013986,0.6381025248661056
cplfw,0.49192347897884287,0.0013986013986013986,0.6388676358071921
cplfw,0.49106286836620794,0.0013986013986013986,0.6396327467482785
cplfw,0.4909765529758134,0.0013986013986013986,0.640397857689365
cplfw,0.49092451303370976,0.0013986013986013986,0.6411629686304514
cplfw,0.4907678426259397,0.0013986013986013986,0.6419280795715379
cplfw,0.49040935202440644,0.0013986013986013986,0.6426931905126243
cplfw,0.4903074554799924,0.0013986013986013986,0.6434583014537107
cplfw,0.490220490676867,0.0013986013986013986,0.6442234123947972
cplfw,0.49014573094200353,0.0013986013986013986,0.6449885233358837
cplfw,0.4899302076560112,0.0013986013986013986,0.6457536342769702
cplfw,0.4896952177882818,0.0013986013986013986,0.6465187452180566
cplfw,0.48959786549869133,0.0013986013986013986,0.6472838561591431
cplfw,0.48920696825812787,0.0013986013986013986,0.6480489671002295
cplfw,0.48861795599862246,0.0013986013986013986,0.648814078041316
cplfw,0.4885091435385631,0.0013986013986013986,0.6495791889824024
cplfw,0.48836489887929635,0.0013986013986013986,0.6503442999234889
cplfw,0.48807329435235103,0.0013986013986013986,0.6511094108645754
cplfw,0.48799170815175086,0.0013986013986013986,0.6518745218056619
cplfw,0.4874574464157413,0.0013986013986013986,0.6526396327467483
cplfw,0.4869791479543643,0.0013986013986013986,0.6534047436878347
cplfw,0.4868690832797977,0.0013986013986013986,0.6541698546289212
cplfw,0.4868190443243925,0.0013986013986013986,0.6549349655700076
cplfw,0.4864168331471414,0.0013986013986013986,0.6557000765110941
cplfw,0.486083355019489,0.0013986013986013986,0.6564651874521805
cplfw,0.4859391673063094,0.0013986013986013986,0.6572302983932671
cplfw,0.4855739278851003,0.0013986013986013986,0.6579954093343535
cplfw,0.48553700610599193,0.0013986013986013986,0.65876052027544
cplfw,0.48550744286101727,0.0013986013986013986,0.6595256312165264
cplfw,0.48482126433268596,0.0013986013986013986,0.6602907421576129
cplfw,0.48466200553328487,0.0013986013986013986,0.6610558530986993
cplfw,0.48459252874651243,0.0013986013986013986,0.6618209640397857
cplfw,0.48412119731028086,0.0013986013986013986,0.6625860749808722
cplfw,0.48405540531244085,0.0013986013986013986,0.6633511859219586
cplfw,0.4840441307069673,0.0013986013986013986,0.6641162968630452
cplfw,0.4836309346942844,0.0013986013986013986,0.6648814078041316
cplfw,0.48362389726190885,0.0013986013986013986,0.6656465187452181
cplfw,0.4836073701395447,0.0013986013986013986,0.6664116296863045
cplfw,0.48247506800464646,0.0013986013986013986,0.667176740627391
cplfw,0.4815796823343781,0.0013986013986013986,0.6679418515684774
cplfw,0.4814143045969647,0.0013986013986013986,0.6687069625095639
cplfw,0.48073763972476036,0.0013986013986013986,0.6694720734506503
cplfw,0.4799217093983371,0.0013986013986013986,0.6702371843917369
cplfw,0.47960415405045687,0.0013986013986013986,0.6710022953328233
cplfw,0.4793224674703572,0.0013986013986013986,0.6717674062739097
cplfw,0.47911599297925855,0.0013986013986013986,0.6725325172149962
cplfw,0.47847390519950633,0.0013986013986013986,0.6732976281560826
cplfw,0.4781589377179564,0.0013986013986013986,0.6740627390971691
cplfw,0.477674193381963,0.0013986013986013986,0.6748278500382555
cplfw,0.47712948625808643,0.0013986013986013986,0.675592960979342
cplfw,0.4768281081851217,0.0013986013986013986,0.6763580719204285
cplfw,0.47677399106752427,0.0013986013986013986,0.677123182861515
cplfw,0.47667004224282644,0.0013986013986013986,0.6778882938026014
cplfw,0.4766203434562177,0.0013986013986013986,0.6786534047436878
cplfw,0.4763851685233278,0.0013986013986013986,0.6794185156847743
cplfw,0.4763005416166459,0.0013986013986013986,0.6801836266258607
cplfw,0.4762411988374468,0.0013986013986013986,0.6809487375669472
cplfw,0.4759431457817415,0.0013986013986013986,0.6817138485080336
cplfw,0.4758154484936149,0.0013986013986013986,0.6824789594491201
cplfw,0.4757986093422556,0.0013986013986013986,0.6832440703902066
cplfw,0.4757256853011712,0.0013986013986013986,0.6840091813312931
cplfw,0.4755915514520376,0.0013986013986013986,0.6847742922723795
cplfw,0.47519975225172056,0.0013986013986013986,0.685539403213466
cplfw,0.4748111494668819,0.0013986013986013986,0.6863045141545524
cplfw,0.4745632569807591,0.0013986013986013986,0.6870696250956388
cplfw,0.4735094705584101,0.0013986013986013986,0.6878347360367253
cplfw,0.47337335349681436,0.0013986013986013986,0.6885998469778117
cplfw,0.47260235504410153,0.0013986013986013986,0.6893649579188983
cplfw,0.47255035672719303,0.0013986013986013986,0.6901300688599847
cplfw,0.47242766793837837,0.0013986013986013986,0.6908951798010712
cplfw,0.47208405864647884,0.0013986013986013986,0.6916602907421576
cplfw,0.4718923838045369,0.0013986013986013986,0.6924254016832441
cplfw,0.4714338408519663,0.0013986013986013986,0.6931905126243305
cplfw,0.47060242528390445,0.0013986013986013986,0.693955623565417
cplfw,0.4704894602555897,0.0013986013986013986,0.6947207345065034
cplfw,0.46972961831011545,0.0013986013986013986,0.6954858454475898
cplfw,0.46970497505015113,0.0013986013986013986,0.6962509563886764
cplfw,0.46963945092394627,0.0013986013986013986,0.6970160673297628
cplfw,0.4691416612388418,0.0013986013986013986,0.6977811782708493
cplfw,0.46885690932623986,0.0013986013986013986,0.6985462892119357
cplfw,0.4685456794128224,0.0013986013986013986,0.6993114001530222
cplfw,0.4682080349123647,0.0013986013986013986,0.7000765110941086
cplfw,0.46779274384318037,0.0013986013986013986,0.7008416220351951
cplfw,0.4674078873400235,0.0013986013986013986,0.7016067329762815
cplfw,0.46723251486716494,0.0013986013986013986,0.7023718439173681
cplfw,0.46646868532119085,0.0013986013986013986,0.7031369548584545
cplfw,0.46608471284674236,0.0013986013986013986,0.703902065799541
cplfw,0.4652166214790668,0.0013986013986013986,0.7046671767406274
cplfw,0.46502013086126104,0.0013986013986013986,0.7054322876817138
cplfw,0.4650122996779935,0.0013986013986013986,0.7061973986228003
cplfw,0.46498819631322,0.0013986013986013986,0.7069625095638867
cplfw,0.46494010246417666,0.0013986013986013986,0.7077276205049732
cplfw,0.4647006186767978,0.0013986013986013986,0.7084927314460597
cplfw,0.464413522041002,0.0013986013986013986,0.7092578423871462
cplfw,0.46362203023536575,0.0013986013986013986,0.7100229533282326
cplfw,0.46361186529942855,0.0013986013986013986,0.7107880642693191
cplfw,0.463546408036161,0.0013986013986013986,0.7115531752104055
cplfw,0.46346019895088814,0.0013986013986013986,0.712318286151492
cplfw,0.46326805253996367,0.0013986013986013986,0.7130833970925784
cplfw,0.4631115938620805,0.0013986013986013986,0.7138485080336648
cplfw,0.46289666614729646,0.0013986013986013986,0.7146136189747513
cplfw,0.4622112969356829,0.0013986013986013986,0.7153787299158378
cplfw,0.4620270200910459,0.0013986013986013986,0.7161438408569243
cplfw,0.4608286713879707,0.0013986013986013986,0.7169089517980107
cplfw,0.46044034826736535,0.0013986013986013986,0.7176740627390972
cplfw,0.46007980314033603,0.0013986013986013986,0.7184391736801836
cplfw,0.46006019820873756,0.0013986013986013986,0.7192042846212701
cplfw,0.46003131669068953,0.0013986013986013986,0.7199693955623565
cplfw,0.4596857568436367,0.0013986013986013986,0.720734506503443
cplfw,0.4594397455808936,0.0013986013986013986,0.7214996174445295
cplfw,0.4592149590973625,0.0013986013986013986,0.722264728385616
cplfw,0.4586404213023884,0.0013986013986013986,0.7230298393267024
cplfw,0.45828699957394886,0.0013986013986013986,0.7237949502677888
cplfw,0.45825856671728055,0.0013986013986013986,0.7245600612088753
cplfw,0.45819190278550526,0.0013986013986013986,0.7253251721499617
cplfw,0.4578998207730509,0.0013986013986013986,0.7260902830910482
cplfw,0.45727785579044866,0.0013986013986013986,0.7268553940321346
cplfw,0.4569965761394967,0.0013986013986013986,0.7276205049732212
cplfw,0.45677729689042373,0.0013986013986013986,0.7283856159143076
cplfw,0.45674636483624725,0.0013986013986013986,0.7291507268553941
cplfw,0.4566614785730019,0.0013986013986013986,0.7299158377964805
cplfw,0.4561033337686143,0.0013986013986013986,0.730680948737567
cplfw,0.45600427783844744,0.0013986013986013986,0.7314460596786534
cplfw,0.4559620369423752,0.0013986013986013986,0.7322111706197398
cplfw,0.4552413392989924,0.0013986013986013986,0.7329762815608263
cplfw,0.45453958373375164,0.0013986013986013986,0.7337413925019127
cplfw,0.4543361566476931,0.0013986013986013986,0.7345065034429993
cplfw,0.45404371113226294,0.0013986013986013986,0.7352716143840857
cplfw,0.4540170823926539,0.0013986013986013986,0.7360367253251722
cplfw,0.453674881615162,0.0013986013986013986,0.7368018362662586
cplfw,0.4531426645069565,0.0013986013986013986,0.7375669472073451
cplfw,0.45293278799753944,0.0013986013986013986,0.7383320581484315
cplfw,0.4528235908346949,0.0013986013986013986,0.739097169089518
cplfw,0.451694967259691,0.0013986013986013986,0.7398622800306044
cplfw,0.4514319551625725,0.0013986013986013986,0.740627390971691
cplfw,0.45118955736500543,0.0013986013986013986,0.7413925019127774
cplfw,0.45104922195572716,0.0013986013986013986,0.7421576128538638
cplfw,0.4506859968426107,0.0013986013986013986,0.7429227237949503
cplfw,0.4504492354913855,0.0013986013986013986,0.7436878347360367
cplfw,0.45025549235117057,0.002097902097902098,0.7436878347360367
cplfw,0.4498613096233679,0.002097902097902098,0.7444529456771232
cplfw,0.44954245640265594,0.002097902097902098,0.7452180566182096
cplfw,0.44924952932072165,0.002097902097902098,0.7459831675592961
cplfw,0.44923101413755856,0.002097902097902098,0.7467482785003825
cplfw,0.4491873237687718,0.002097902097902098,0.7475133894414691
cplfw,0.44898311578595745,0.002097902097902098,0.7482785003825555
cplfw,0.448754842009945,0.002097902097902098,0.749043611323642
cplfw,0.44865165858781203,0.002097902097902098,0.7498087222647284
cplfw,0.4485503118096203,0.002097902097902098,0.7505738332058148
cplfw,0.4485139824380799,0.002097902097902098,0.7513389441469013
cplfw,0.4482784574258747,0.002097902097902098,0.7521040550879877
cplfw,0.4466376200541172,0.002097902097902098,0.7528691660290742
cplfw,0.44629787572043134,0.002097902097902098,0.7536342769701607
cplfw,0.44606951112934057,0.002097902097902098,0.7543993879112472
cplfw,0.4456143182279527,0.002097902097902098,0.7551644988523336
cplfw,0.4456032966395663,0.002097902097902098,0.75592960979342
cplfw,0.44522649229859684,0.002097902097902098,0.7566947207345065
cplfw,0.44520640648674126,0.002097902097902098,0.7574598316755929
cplfw,0.4451395846755789,0.002097902097902098,0.7582249426166794
cplfw,0.445092846459062,0.002097902097902098,0.7589900535577658
cplfw,0.44461114098931526,0.002097902097902098,0.7597551644988524
cplfw,0.4444773100569925,0.002097902097902098,0.7605202754399388
cplfw,0.4436968157735132,0.002097902097902098,0.7612853863810253
cplfw,0.4435499197585422,0.002097902097902098,0.7620504973221117
cplfw,0.44326771828659167,0.002097902097902098,0.7628156082631982
cplfw,0.44309327541719357,0.002097902097902098,0.7635807192042846
cplfw,0.4427982689395148,0.002097902097902098,0.764345830145371
cplfw,0.44268765662848486,0.002097902097902098,0.7651109410864575
cplfw,0.44253082531982896,0.002097902097902098,0.7658760520275439
cplfw,0.44225761378822126,0.002097902097902098,0.7666411629686305
cplfw,0.442157448084286,0.002097902097902098,0.7674062739097169
cplfw,0.4418689860922938,0.002097902097902098,0.7681713848508034
cplfw,0.4411777306654833,0.002097902097902098,0.7689364957918898
cplfw,0.4411022413041258,0.002097902097902098,0.7697016067329763
cplfw,0.44099217456462536,0.002097902097902098,0.7704667176740627
cplfw,0.4408013830660601,0.002097902097902098,0.7712318286151492
cplfw,0.44079457235573477,0.002097902097902098,0.7719969395562356
cplfw,0.44045904304708494,0.002097902097902098,0.7727620504973222
cplfw,0.440412551975344,0.002097902097902098,0.7735271614384086
cplfw,0.44013945791240144,0.002097902097902098,0.774292272379495
cplfw,0.4396087171600959,0.002097902097902098,0.7750573833205815
cplfw,0.4393068557302403,0.002097902097902098,0.7758224942616679
cplfw,0.43927588467424955,0.002097902097902098,0.7765876052027544
cplfw,0.4390563784753284,0.002097902097902098,0.7773527161438408
cplfw,0.43901077626685137,0.002097902097902098,0.7781178270849273
cplfw,0.438535859351053,0.002097902097902098,0.7788829380260138
cplfw,0.4373547634562455,0.002097902097902098,0.7796480489671003
cplfw,0.43695218211474374,0.002097902097902098,0.7804131599081867
cplfw,0.43663664693739973,0.002097902097902098,0.7811782708492732
cplfw,0.43597681120531256,0.002097902097902098,0.7819433817903596
cplfw,0.4355241186071718,0.002097902097902098,0.782708492731446
cplfw,0.43528533276277753,0.002097902097902098,0.7834736036725325
cplfw,0.4351046913239473,0.002097902097902098,0.7842387146136189
cplfw,0.43448156626935514,0.002797202797202797,0.7842387146136189
cplfw,0.4330443653424508,0.002797202797202797,0.7850038255547054
cplfw,0.43217062833220565,0.002797202797202797,0.7857689364957919
cplfw,0.43167390577953807,0.002797202797202797,0.7865340474368784
cplfw,0.4312924206005234,0.002797202797202797,0.7872991583779648
cplfw,0.4306894453847377,0.002797202797202797,0.7880642693190513
cplfw,0.4303581241132293,0.002797202797202797,0.7888293802601377
cplfw,0.4300388862415555,0.002797202797202797,0.7895944912012242
cplfw,0.4298329604556721,0.002797202797202797,0.7903596021423106
cplfw,0.4298069877121848,0.002797202797202797,0.791124713083397
cplfw,0.429498330993202,0.002797202797202797,0.7918898240244836
cplfw,0.4294070359067018,0.002797202797202797,0.79265493496557
cplfw,0.4291233041068099,0.002797202797202797,0.7934200459066565
cplfw,0.42883980135731153,0.0034965034965034965,0.7934200459066565
cplfw,0.4283479295042678,0.0034965034965034965,0.7941851568477429
cplfw,0.42807133645621287,0.0034965034965034965,0.7949502677888294
cplfw,0.42732991208362725,0.0034965034965034965,0.7957153787299158
cplfw,0.4272812221756943,0.0034965034965034965,0.7964804896710023
cplfw,0.4271431064170077,0.0034965034965034965,0.7972456006120887
cplfw,0.42704838917255694,0.0034965034965034965,0.7980107115531752
cplfw,0.4270206801689671,0.0034965034965034965,0.7987758224942617
cplfw,0.42695604444141055,0.0034965034965034965,0.7995409334353482
cplfw,0.4264416559307736,0.0034965034965034965,0.8003060443764346
cplfw,0.42597806387833803,0.004195804195804196,0.8003060443764346
cplfw,0.4257121035699821,0.004195804195804196,0.801071155317521
cplfw,0.4256243984843546,0.004195804195804196,0.8018362662586075
cplfw,0.4253485185640922,0.004195804195804196,0.8026013771996939
cplfw,0.4253017840178447,0.004195804195804196,0.8033664881407804
cplfw,0.42519033813274143,0.0048951048951048955,0.8033664881407804
cplfw,0.4251891541752774,0.005594405594405594,0.8033664881407804
cplfw,0.4246799801645826,0.005594405594405594,0.8041315990818668
cplfw,0.42449576458758226,0.005594405594405594,0.8048967100229534
cplfw,0.4240047039581375,0.005594405594405594,0.8056618209640398
cplfw,0.4234557933922832,0.005594405594405594,0.8064269319051263
cplfw,0.4233820035869394,0.005594405594405594,0.8071920428462127
cplfw,0.4228137871826424,0.005594405594405594,0.8079571537872992
cplfw,0.42227657157881493,0.006293706293706294,0.8079571537872992
cplfw,0.42212815837499273,0.006293706293706294,0.8087222647283856
cplfw,0.42199934568627084,0.006293706293706294,0.809487375669472
cplfw,0.42124563057227515,0.006293706293706294,0.8102524866105585
cplfw,0.4198942341429776,0.006293706293706294,0.811017597551645
cplfw,0.4196557902954513,0.006293706293706294,0.8117827084927315
cplfw,0.4195286505034467,0.006293706293706294,0.8125478194338179
cplfw,0.4190889208580939,0.006293706293706294,0.8133129303749044
cplfw,0.4185331310376752,0.006293706293706294,0.8140780413159908
cplfw,0.41822242944045684,0.006293706293706294,0.8148431522570773
cplfw,0.4177248077082554,0.006293706293706294,0.8156082631981637
cplfw,0.4170127399156841,0.006293706293706294,0.8163733741392502
cplfw,0.41681205375864067,0.006293706293706294,0.8171384850803366
cplfw,0.41665381823030695,0.006293706293706294,0.8179035960214232
cplfw,0.4162365988040035,0.006293706293706294,0.8186687069625096
cplfw,0.41597103458127077,0.006293706293706294,0.819433817903596
cplfw,0.41580126901729647,0.006293706293706294,0.8201989288446825
cplfw,0.41538549481284665,0.006293706293706294,0.8209640397857689
cplfw,0.41516359164659716,0.006293706293706294,0.8217291507268554
cplfw,0.41505278054626527,0.006293706293706294,0.8224942616679418
cplfw,0.41485257590003405,0.006293706293706294,0.8232593726090283
cplfw,0.41476647593488614,0.006293706293706294,0.8240244835501148
cplfw,0.4147519749561154,0.006293706293706294,0.8247895944912013
cplfw,0.4146019282772862,0.006293706293706294,0.8255547054322877
cplfw,0.4143589267591672,0.006293706293706294,0.8263198163733741
cplfw,0.414259218530686,0.006293706293706294,0.8270849273144606
cplfw,0.4141748464853762,0.006293706293706294,0.827850038255547
cplfw,0.4139960732673604,0.006293706293706294,0.8286151491966335
cplfw,0.41388625523337247,0.006993006993006993,0.8286151491966335
cplfw,0.4129239025582387,0.006993006993006993,0.8293802601377199
cplfw,0.41236915381349254,0.006993006993006993,0.8301453710788065
cplfw,0.41230104492652425,0.007692307692307693,0.8301453710788065
cplfw,0.41199182170875326,0.007692307692307693,0.8309104820198929
cplfw,0.41194406411298073,0.007692307692307693,0.8316755929609794
cplfw,0.41155620333602727,0.007692307692307693,0.8324407039020658
cplfw,0.41143473819598353,0.008391608391608392,0.8324407039020658
cplfw,0.41085943547329257,0.00909090909090909,0.8324407039020658
cplfw,0.41024439394184825,0.00909090909090909,0.8332058148431523
cplfw,0.40972096237170097,0.00909090909090909,0.8339709257842387
cplfw,0.40897281666966856,0.00909090909090909,0.8347360367253251
cplfw,0.4085211656029895,0.00909090909090909,0.8355011476664116
cplfw,0.408458063475858,0.00909090909090909,0.836266258607498
cplfw,0.4084006150604584,0.00909090909090909,0.8370313695485846
cplfw,0.40652102978560123,0.009790209790209791,0.8370313695485846
cplfw,0.4061225711041874,0.009790209790209791,0.837796480489671
cplfw,0.4060623149412724,0.009790209790209791,0.8385615914307575
cplfw,0.4059437611117165,0.009790209790209791,0.8393267023718439
cplfw,0.40535259989061684,0.009790209790209791,0.8400918133129304
cplfw,0.405192194011172,0.009790209790209791,0.8408569242540168
cplfw,0.4039423388346569,0.009790209790209791,0.8416220351951033
cplfw,0.40382915034542693,0.009790209790209791,0.8423871461361897
cplfw,0.4037415729912542,0.009790209790209791,0.8431522570772763
cplfw,0.40219882169399646,0.009790209790209791,0.8439173680183627
cplfw,0.4019429720511661,0.009790209790209791,0.8446824789594491
cplfw,0.4017772980748938,0.009790209790209791,0.8454475899005356
cplfw,0.40134929890555743,0.009790209790209791,0.846212700841622
cplfw,0.40040031512475394,0.009790209790209791,0.8469778117827085
cplfw,0.39962234629362936,0.01048951048951049,0.8469778117827085
cplfw,0.39889806611245787,0.011188811188811189,0.8469778117827085
cplfw,0.39878524799943205,0.011188811188811189,0.8477429227237949
cplfw,0.39826071504493615,0.011188811188811189,0.8485080336648814
cplfw,0.39753767657533623,0.011188811188811189,0.8492731446059678
cplfw,0.39615160870580746,0.011188811188811189,0.8500382555470544
cplfw,0.39609668023540145,0.011188811188811189,0.8508033664881408
cplfw,0.3955362625656493,0.011188811188811189,0.8515684774292273
cplfw,0.39505917852720673,0.011188811188811189,0.8523335883703137
cplfw,0.3939767268589403,0.011188811188811189,0.8530986993114001
cplfw,0.39326415002975806,0.011188811188811189,0.8538638102524866
cplfw,0.3910736244203114,0.011888111888111888,0.8538638102524866
cplfw,0.3905995485039291,0.012587412587412588,0.8538638102524866
cplfw,0.39038370967652236,0.012587412587412588,0.854628921193573
cplfw,0.3900563245863589,0.012587412587412588,0.8553940321346595
cplfw,0.3895320813634068,0.012587412587412588,0.856159143075746
cplfw,0.3894993874238668,0.012587412587412588,0.8569242540168325
cplfw,0.38878633376810334,0.012587412587412588,0.8576893649579189
cplfw,0.3883521579617951,0.012587412587412588,0.8584544758990054
cplfw,0.38748270854672195,0.012587412587412588,0.8592195868400918
cplfw,0.3865922539570503,0.012587412587412588,0.8599846977811783
cplfw,0.38539773942781985,0.012587412587412588,0.8607498087222647
cplfw,0.38444324859047385,0.012587412587412588,0.8615149196633511
cplfw,0.38368980385563195,0.012587412587412588,0.8622800306044377
cplfw,0.38280467474281166,0.012587412587412588,0.8630451415455241
cplfw,0.3818799238279358,0.012587412587412588,0.8638102524866106
cplfw,0.3818012402381711,0.012587412587412588,0.864575363427697
cplfw,0.38172499992593617,0.012587412587412588,0.8653404743687835
cplfw,0.3814830621793286,0.012587412587412588,0.8661055853098699
cplfw,0.38115261753689045,0.013286713286713287,0.8661055853098699
cplfw,0.38106572167158176,0.013286713286713287,0.8668706962509564
cplfw,0.37951207834474315,0.013286713286713287,0.8676358071920428
cplfw,0.3791385696147016,0.013286713286713287,0.8684009181331293
cplfw,0.37911370601686056,0.013286713286713287,0.8691660290742158
cplfw,0.37906673629020327,0.013986013986013986,0.8691660290742158
cplfw,0.3786614305273617,0.013986013986013986,0.8699311400153023
cplfw,0.3784035384178307,0.013986013986013986,0.8706962509563887
cplfw,0.3774947616459281,0.013986013986013986,0.8714613618974751
cplfw,0.3762556690507804,0.013986013986013986,0.8722264728385616
cplfw,0.37621168504538316,0.013986013986013986,0.872991583779648
cplfw,0.37588227379783035,0.013986013986013986,0.8737566947207345
cplfw,0.3754149183749066,0.013986013986013986,0.8745218056618209
cplfw,0.3746616902366639,0.014685314685314685,0.8745218056618209
cplfw,0.37466034159639683,0.014685314685314685,0.8752869166029075
cplfw,0.3740939088670103,0.014685314685314685,0.8760520275439939
cplfw,0.3740918755770249,0.014685314685314685,0.8768171384850804
cplfw,0.37341094423757015,0.014685314685314685,0.8775822494261668
cplfw,0.37303370117610835,0.014685314685314685,0.8783473603672532
cplfw,0.3721573788076126,0.014685314685314685,0.8791124713083397
cplfw,0.3721148594014243,0.015384615384615385,0.8791124713083397
cplfw,0.37203306768664257,0.015384615384615385,0.8798775822494261
cplfw,0.371939105109325,0.016083916083916083,0.8798775822494261
cplfw,0.37158387617293803,0.016083916083916083,0.8806426931905126
cplfw,0.37114584639942766,0.016083916083916083,0.881407804131599
cplfw,0.3706908161671911,0.016083916083916083,0.8821729150726856
cplfw,0.3703243229192081,0.016083916083916083,0.882938026013772
cplfw,0.37018222585054833,0.016083916083916083,0.8837031369548585
cplfw,0.37009381146675585,0.016783216783216783,0.8837031369548585
cplfw,0.36950748581601667,0.016783216783216783,0.8844682478959449
cplfw,0.36848507101843914,0.016783216783216783,0.8852333588370314
cplfw,0.36824575954883865,0.016783216783216783,0.8859984697781178
cplfw,0.36802599349829856,0.016783216783216783,0.8867635807192042
cplfw,0.3676774670024305,0.016783216783216783,0.8875286916602907
cplfw,0.36680927938762364,0.016783216783216783,0.8882938026013772
cplfw,0.3665096369239084,0.017482517482517484,0.8882938026013772
cplfw,0.3660449337163829,0.017482517482517484,0.8890589135424637
cplfw,0.3659582494563079,0.01818181818181818,0.8890589135424637
cplfw,0.3658482524528732,0.01818181818181818,0.8898240244835501
cplfw,0.3654364908846124,0.01818181818181818,0.8905891354246366
cplfw,0.36531348875572517,0.01888111888111888,0.8905891354246366
cplfw,0.3652283292747035,0.019580419580419582,0.8905891354246366
cplfw,0.36481750937625507,0.019580419580419582,0.891354246365723
cplfw,0.3647367440240005,0.019580419580419582,0.8921193573068095
cplfw,0.36461751849937774,0.02027972027972028,0.8921193573068095
cplfw,0.36399595730041906,0.02027972027972028,0.8928844682478959
cplfw,0.3633459123232585,0.02027972027972028,0.8936495791889824
cplfw,0.3627353220555772,0.02097902097902098,0.8936495791889824
cplfw,0.36272770940275056,0.02097902097902098,0.8944146901300689
cplfw,0.36231354052995995,0.02097902097902098,0.8951798010711554
cplfw,0.3622162172911157,0.02097902097902098,0.8959449120122418
cplfw,0.3618095823972455,0.02097902097902098,0.8967100229533282
cplfw,0.3615545401295175,0.021678321678321677,0.8967100229533282
cplfw,0.36154674140752324,0.022377622377622378,0.8967100229533282
cplfw,0.3611142843969324,0.023076923076923078,0.8967100229533282
cplfw,0.36102758816298974,0.023776223776223775,0.8967100229533282
cplfw,0.3596846814633961,0.023776223776223775,0.8974751338944147
cplfw,0.3580411953807643,0.024475524475524476,0.8974751338944147
cplfw,0.35763941631468854,0.024475524475524476,0.8982402448355011
cplfw,0.35741766135155556,0.025174825174825177,0.8982402448355011
cplfw,0.35640651844809706,0.025874125874125874,0.8982402448355011
cplfw,0.35586125105204536,0.026573426573426574,0.8982402448355011
cplfw,0.3554327102221083,0.02727272727272727,0.8982402448355011
cplfw,0.35398555807193594,0.027972027972027972,0.8982402448355011
cplfw,0.3534875476517664,0.028671328671328673,0.8982402448355011
cplfw,0.3527969817485125,0.028671328671328673,0.8990053557765876
cplfw,0.3523721977479098,0.028671328671328673,0.899770466717674
cplfw,0.351754309911575,0.028671328671328673,0.9005355776587605
cplfw,0.3506826836206465,0.028671328671328673,0.901300688599847
cplfw,0.35019711432720063,0.028671328671328673,0.9020657995409335
cplfw,0.34967524139112455,0.02937062937062937,0.9020657995409335
cplfw,0.3487829150252802,0.03006993006993007,0.9020657995409335
cplfw,0.34846390215662465,0.03006993006993007,0.9028309104820199
cplfw,0.34796114426075536,0.03076923076923077,0.9028309104820199
cplfw,0.3479258809309275,0.03146853146853147,0.9028309104820199
cplfw,0.34764083578785476,0.032167832167832165,0.9028309104820199
cplfw,0.3469741771740207,0.032167832167832165,0.9035960214231064
cplfw,0.3458707886069065,0.032867132867132866,0.9035960214231064
cplfw,0.3453023721755012,0.032867132867132866,0.9043611323641928
cplfw,0.34402634645870106,0.032867132867132866,0.9051262433052792
cplfw,0.34400650010783473,0.033566433566433566,0.9051262433052792
cplfw,0.34330992099536406,0.033566433566433566,0.9058913542463657
cplfw,0.343019107451125,0.03426573426573427,0.9058913542463657
cplfw,0.34266400107752526,0.03496503496503497,0.9058913542463657
cplfw,0.3424545929800578,0.03496503496503497,0.9066564651874521
cplfw,0.3423818587534656,0.03566433566433566,0.9066564651874521
cplfw,0.3423139556924433,0.03636363636363636,0.9066564651874521
cplfw,0.3422989531301779,0.03706293706293706,0.9066564651874521
cplfw,0.3420452194996794,0.03706293706293706,0.9074215761285387
cplfw,0.3418161737905133,0.03776223776223776,0.9074215761285387
cplfw,0.3410330281824191,0.038461538461538464,0.9074215761285387
cplfw,0.34078332312176607,0.038461538461538464,0.9081866870696251
cplfw,0.33974275161695167,0.039160839160839164,0.9081866870696251
cplfw,0.33961842050432,0.03986013986013986,0.9081866870696251
cplfw,0.3386878253572522,0.04055944055944056,0.9081866870696251
cplfw,0.33823476825283455,0.04125874125874126,0.9081866870696251
cplfw,0.3381197383133347,0.04125874125874126,0.9089517980107116
cplfw,0.337821431467359,0.04195804195804196,0.9089517980107116
cplfw,0.3374513845214731,0.04265734265734266,0.9089517980107116
cplfw,0.3374343800484801,0.04265734265734266,0.909716908951798
cplfw,0.3372561089285083,0.043356643356643354,0.909716908951798
cplfw,0.3369999944730166,0.043356643356643354,0.9104820198928845
cplfw,0.33695704854484737,0.044055944055944055,0.9104820198928845
cplfw,0.3357333760274315,0.044055944055944055,0.9112471308339709
cplfw,0.3351606382842498,0.044755244755244755,0.9112471308339709
cplfw,0.33468726282017097,0.044755244755244755,0.9120122417750574
cplfw,0.3346266722518196,0.044755244755244755,0.9127773527161438
cplfw,0.33430344581988486,0.044755244755244755,0.9135424636572304
cplfw,0.3339147057507163,0.045454545454545456,0.9135424636572304
cplfw,0.33360589892588083,0.045454545454545456,0.9143075745983168
cplfw,0.3335678499560238,0.046153846153846156,0.9143075745983168
cplfw,0.33284944108651465,0.04685314685314685,0.9143075745983168
cplfw,0.332782667408535,0.04755244755244755,0.9143075745983168
cplfw,0.33252553367832977,0.04825174825174825,0.9143075745983168
cplfw,0.3324985648095897,0.04895104895104895,0.9143075745983168
cplfw,0.3323531438730164,0.04965034965034965,0.9143075745983168
cplfw,0.3322224721491535,0.04965034965034965,0.9150726855394032
cplfw,0.3318634972803399,0.04965034965034965,0.9158377964804897
cplfw,0.3308530899415155,0.04965034965034965,0.9166029074215761
cplfw,0.3304162187584867,0.05034965034965035,0.9166029074215761
cplfw,0.3302987731724885,0.05104895104895105,0.9166029074215761
cplfw,0.32977012642830494,0.05104895104895105,0.9173680183626626
cplfw,0.32926163427350064,0.05104895104895105,0.918133129303749
cplfw,0.32905430072696745,0.05174825174825175,0.918133129303749
cplfw,0.32891037345098245,0.05174825174825175,0.9188982402448355
cplfw,0.3272148881766681,0.05244755244755245,0.9188982402448355
cplfw,0.3266911242021362,0.05314685314685315,0.9188982402448355
cplfw,0.3264176477717298,0.05384615384615385,0.9188982402448355
cplfw,0.3258187575363856,0.05454545454545454,0.9188982402448355
cplfw,0.32550053360210357,0.05454545454545454,0.9196633511859219
cplfw,0.32537603149786837,0.05454545454545454,0.9204284621270085
cplfw,0.3242930845213833,0.05454545454545454,0.9211935730680949
cplfw,0.3240221622979768,0.05454545454545454,0.9219586840091814
cplfw,0.3232043299841423,0.05524475524475524,0.9219586840091814
cplfw,0.32319809153812407,0.05524475524475524,0.9227237949502678
cplfw,0.3225282814268131,0.055944055944055944,0.9227237949502678
cplfw,0.3222930024311995,0.055944055944055944,0.9234889058913542
cplfw,0.3217453951138744,0.056643356643356645,0.9234889058913542
cplfw,0.32167075947927337,0.057342657342657345,0.9234889058913542
cplfw,0.32149371355045586,0.057342657342657345,0.9242540168324407
cplfw,0.32140464075557756,0.05804195804195804,0.9242540168324407
cplfw,0.3206352028353054,0.05874125874125874,0.9242540168324407
cplfw,0.31976450387772315,0.05944055944055944,0.9242540168324407
cplfw,0.31903342348477026,0.05944055944055944,0.9250191277735271
cplfw,0.31862700012332595,0.06013986013986014,0.9250191277735271
cplfw,0.31834867670108113,0.06083916083916084,0.9250191277735271
cplfw,0.3182559817389956,0.06153846153846154,0.9250191277735271
cplfw,0.31819935230103724,0.062237762237762236,0.9250191277735271
cplfw,0.3180342103666076,0.06293706293706294,0.9250191277735271
cplfw,0.31770381518533625,0.06293706293706294,0.9257842387146136
cplfw,0.3174768342056693,0.06293706293706294,0.9265493496557001
cplfw,0.31721124988597305,0.06363636363636363,0.9265493496557001
cplfw,0.31713261089416056,0.06433566433566433,0.9265493496557001
cplfw,0.31645458839732377,0.06433566433566433,0.9273144605967866
cplfw,0.3161427456145662,0.06503496503496503,0.9273144605967866
cplfw,0.315581502540873,0.06573426573426573,0.9273144605967866
cplfw,0.314770755526446,0.06573426573426573,0.928079571537873
cplfw,0.3144994531657586,0.06643356643356643,0.928079571537873
cplfw,0.31437764971241194,0.06713286713286713,0.928079571537873
cplfw,0.3129400511863986,0.06783216783216783,0.928079571537873
cplfw,0.31286981912428824,0.06853146853146853,0.928079571537873
cplfw,0.31264253965973093,0.06853146853146853,0.9288446824789595
cplfw,0.3126358095267376,0.06923076923076923,0.9288446824789595
cplfw,0.31257083725308515,0.06923076923076923,0.9296097934200459
cplfw,0.3120585773298637,0.06993006993006994,0.9296097934200459
cplfw,0.3118885374296545,0.07062937062937064,0.9296097934200459
cplfw,0.31146905511619394,0.07062937062937064,0.9303749043611323
cplfw,0.31131987536646677,0.07132867132867132,0.9303749043611323
cplfw,0.31104629289795416,0.07202797202797202,0.9303749043611323
cplfw,0.31034437867155584,0.07202797202797202,0.9311400153022188
cplfw,0.31014777525535986,0.07202797202797202,0.9319051262433052
cplfw,0.3100073138257772,0.07272727272727272,0.9319051262433052
cplfw,0.30964888549207087,0.07342657342657342,0.9319051262433052
cplfw,0.3096480449620779,0.07412587412587412,0.9319051262433052
cplfw,0.30947355873101445,0.07482517482517483,0.9319051262433052
cplfw,0.309268223786357,0.07552447552447553,0.9319051262433052
cplfw,0.30873255847056136,0.07622377622377623,0.9319051262433052
cplfw,0.3082506500856393,0.07692307692307693,0.9319051262433052
cplfw,0.30778264621814283,0.07762237762237763,0.9319051262433052
cplfw,0.3076197493672924,0.07832167832167833,0.9319051262433052
cplfw,0.30748450309628644,0.07902097902097902,0.9319051262433052
cplfw,0.307198456705327,0.07972027972027972,0.9319051262433052
cplfw,0.3070719124691376,0.08041958041958042,0.9319051262433052
cplfw,0.3067052644171489,0.08111888111888112,0.9319051262433052
cplfw,0.30612001731097505,0.08181818181818182,0.9319051262433052
cplfw,0.3059977525061969,0.08251748251748252,0.9319051262433052
cplfw,0.3059651811930296,0.08251748251748252,0.9326702371843917
cplfw,0.3056965588829147,0.08321678321678322,0.9326702371843917
cplfw,0.3053221047779672,0.08391608391608392,0.9326702371843917
cplfw,0.3049005805037344,0.08461538461538462,0.9326702371843917
cplfw,0.30468682765021693,0.08531468531468532,0.9326702371843917
cplfw,0.30458563778558134,0.08601398601398601,0.9326702371843917
cplfw,0.3045352707897892,0.08671328671328671,0.9326702371843917
cplfw,0.30401096164410873,0.08741258741258741,0.9326702371843917
cplfw,0.30353959308228334,0.08811188811188811,0.9326702371843917
cplfw,0.3029954340761942,0.08881118881118881,0.9326702371843917
cplfw,0.30206461653864003,0.08951048951048951,0.9326702371843917
cplfw,0.3018949034649025,0.09020979020979021,0.9326702371843917
cplfw,0.30178400340898226,0.09020979020979021,0.9334353481254782
cplfw,0.301512779389374,0.09090909090909091,0.9334353481254782
cplfw,0.30122265788572666,0.09160839160839161,0.9334353481254782
cplfw,0.3010842711174319,0.09230769230769231,0.9334353481254782
cplfw,0.3006933631833374,0.09230769230769231,0.9342004590665647
cplfw,0.3004275196272551,0.09300699300699301,0.9342004590665647
cplfw,0.3000184655036735,0.0937062937062937,0.9342004590665647
cplfw,0.29977797589732735,0.0937062937062937,0.9349655700076511
cplfw,0.2995648888570377,0.0944055944055944,0.9349655700076511
cplfw,0.2987399195489151,0.0944055944055944,0.9357306809487376
cplfw,0.29840240242336014,0.0951048951048951,0.9357306809487376
cplfw,0.2977805725381094,0.0958041958041958,0.9357306809487376
cplfw,0.2976593286811016,0.0965034965034965,0.9357306809487376
cplfw,0.2972285719099886,0.0972027972027972,0.9357306809487376
cplfw,0.2969725405510618,0.0979020979020979,0.9357306809487376
cplfw,0.2968575567414404,0.0986013986013986,0.9357306809487376
cplfw,0.29630683442329625,0.0993006993006993,0.9357306809487376
cplfw,0.2962753473734844,0.1,0.9357306809487376
cplfw,0.29627059388193755,0.1006993006993007,0.9357306809487376
cplfw,0.2961519025489904,0.10139860139860139,0.9357306809487376
cplfw,0.2959996254939544,0.1020979020979021,0.9357306809487376
cplfw,0.29599585459294653,0.1020979020979021,0.936495791889824
cplfw,0.29582274876858233,0.1027972027972028,0.936495791889824
cplfw,0.2951866732235477,0.1027972027972028,0.9372609028309105
cplfw,0.2951219632073733,0.1034965034965035,0.9372609028309105
cplfw,0.2949175488047281,0.1034965034965035,0.9380260137719969
cplfw,0.2943029378655562,0.1041958041958042,0.9380260137719969
cplfw,0.2937923428352544,0.1048951048951049,0.9380260137719969
cplfw,0.29304020415953635,0.1055944055944056,0.9380260137719969
cplfw,0.29289039463797295,0.1062937062937063,0.9380260137719969
cplfw,0.2927864538637634,0.106993006993007,0.9380260137719969
cplfw,0.29258957734169044,0.1076923076923077,0.9380260137719969
cplfw,0.2922910606780806,0.10839160839160839,0.9380260137719969
cplfw,0.2921076193605726,0.10909090909090909,0.9380260137719969
cplfw,0.2919663204041395,0.10979020979020979,0.9380260137719969
cplfw,0.29172059761871194,0.10979020979020979,0.9387911247130833
cplfw,0.2916232914741298,0.11048951048951049,0.9387911247130833
cplfw,0.2914724648108343,0.11118881118881119,0.9387911247130833
cplfw,0.29087491695904966,0.11188811188811189,0.9387911247130833
cplfw,0.2904214577066648,0.11258741258741259,0.9387911247130833
cplfw,0.2902815372035892,0.11328671328671329,0.9387911247130833
cplfw,0.29004493167641915,0.11398601398601399,0.9387911247130833
cplfw,0.2898457592965608,0.11468531468531469,0.9387911247130833
cplfw,0.2897948833017609,0.11538461538461539,0.9387911247130833
cplfw,0.28972456097365207,0.11608391608391608,0.9387911247130833
cplfw,0.2896408969384685,0.11678321678321678,0.9387911247130833
cplfw,0.28935314839481396,0.11748251748251748,0.9387911247130833
cplfw,0.28910701093401076,0.11818181818181818,0.9387911247130833
cplfw,0.2881034787440463,0.11818181818181818,0.9395562356541699
cplfw,0.28780415882112,0.11888111888111888,0.9395562356541699
cplfw,0.2876911640045859,0.11888111888111888,0.9403213465952563
cplfw,0.28748816627086,0.11958041958041958,0.9403213465952563
cplfw,0.28717588580080644,0.12027972027972028,0.9403213465952563
cplfw,0.28703800482503666,0.12097902097902098,0.9403213465952563
cplfw,0.2868857407358463,0.12167832167832168,0.9403213465952563
cplfw,0.2866432180036276,0.12167832167832168,0.9410864575363428
cplfw,0.2865307147913291,0.12237762237762238,0.9410864575363428
cplfw,0.2864509607761002,0.12307692307692308,0.9410864575363428
cplfw,0.28620008895513693,0.12377622377622377,0.9410864575363428
cplfw,0.2857888516574311,0.12447552447552447,0.9410864575363428
cplfw,0.28572494383067937,0.12517482517482517,0.9410864575363428
cplfw,0.2853328955435318,0.1258741258741259,0.9410864575363428
cplfw,0.28530495349798907,0.1258741258741259,0.9418515684774292
cplfw,0.28529480307178023,0.12657342657342657,0.9418515684774292
cplfw,0.2852612694943101,0.12727272727272726,0.9418515684774292
cplfw,0.2849182944430114,0.12797202797202797,0.9418515684774292
cplfw,0.28489484180527047,0.12867132867132866,0.9418515684774292
cplfw,0.28445170638495926,0.12867132867132866,0.9426166794185157
cplfw,0.28412021544364613,0.12937062937062938,0.9426166794185157
cplfw,0.2831003192971526,0.13006993006993006,0.9426166794185157
cplfw,0.2829615090169498,0.13076923076923078,0.9426166794185157
cplfw,0.28288858575350184,0.13146853146853146,0.9426166794185157
cplfw,0.2827601104023929,0.13216783216783218,0.9426166794185157
cplfw,0.28201649877376134,0.13216783216783218,0.9433817903596021
cplfw,0.28173290029078535,0.13286713286713286,0.9433817903596021
cplfw,0.2816008332796316,0.13356643356643358,0.9433817903596021
cplfw,0.2814719315757897,0.13426573426573427,0.9433817903596021
cplfw,0.2813234493636201,0.13496503496503495,0.9433817903596021
cplfw,0.28117885630693734,0.13496503496503495,0.9441469013006886
cplfw,0.2811333198670006,0.13566433566433567,0.9441469013006886
cplfw,0.280341291183711,0.13636363636363635,0.9441469013006886
cplfw,0.27983876213079584,0.13706293706293707,0.9441469013006886
cplfw,0.27933136186529556,0.13776223776223775,0.9441469013006886
cplfw,0.27897249522438156,0.13846153846153847,0.9441469013006886
cplfw,0.278772774068585,0.13916083916083916,0.9441469013006886
cplfw,0.2785650068455294,0.13986013986013987,0.9441469013006886
cplfw,0.2777640631431205,0.14055944055944056,0.9441469013006886
cplfw,0.2773645604624679,0.14125874125874127,0.9441469013006886
cplfw,0.27717766959857515,0.14195804195804196,0.9441469013006886
cplfw,0.2771115582949104,0.14265734265734265,0.9441469013006886
cplfw,0.2760620663630384,0.14335664335664336,0.9441469013006886
cplfw,0.2760047218240563,0.14405594405594405,0.9441469013006886
cplfw,0.27543220006510655,0.14405594405594405,0.944912012241775
cplfw,0.2753083066289652,0.14405594405594405,0.9456771231828616
cplfw,0.2751954163946942,0.14475524475524476,0.9456771231828616
cplfw,0.2749330380833016,0.14545454545454545,0.9456771231828616
cplfw,0.2742051256334916,0.14615384615384616,0.9456771231828616
cplfw,0.27363083075532285,0.14685314685314685,0.9456771231828616
cplfw,0.27349942297970575,0.14755244755244756,0.9456771231828616
cplfw,0.2733414960447108,0.14825174825174825,0.9456771231828616
cplfw,0.27307461515772524,0.14895104895104896,0.9456771231828616
cplfw,0.27307194547545527,0.14965034965034965,0.9456771231828616
cplfw,0.2729885380056351,0.15034965034965034,0.9456771231828616
cplfw,0.272397503318427,0.15104895104895105,0.9456771231828616
cplfw,0.2719935993538565,0.15104895104895105,0.946442234123948
cplfw,0.2718042994101895,0.15174825174825174,0.946442234123948
cplfw,0.2717727700883637,0.15174825174825174,0.9472073450650345
cplfw,0.2715414740882339,0.15244755244755245,0.9472073450650345
cplfw,0.2707973980805165,0.15314685314685314,0.9472073450650345
cplfw,0.270674266759785,0.15384615384615385,0.9472073450650345
cplfw,0.2702767000129852,0.15454545454545454,0.9472073450650345
cplfw,0.2699665322316858,0.15454545454545454,0.9479724560061209
cplfw,0.2697744752697181,0.15524475524475526,0.9479724560061209
cplfw,0.2697722260964006,0.15594405594405594,0.9479724560061209
cplfw,0.2696849491367789,0.15594405594405594,0.9487375669472073
cplfw,0.2694475791708351,0.15664335664335666,0.9487375669472073
cplfw,0.269266245935077,0.15734265734265734,0.9487375669472073
cplfw,0.26908248283806885,0.15804195804195803,0.9487375669472073
cplfw,0.2690137538038083,0.15874125874125875,0.9487375669472073
cplfw,0.26848428505453187,0.15874125874125875,0.9495026778882938
cplfw,0.26828666266922535,0.15944055944055943,0.9495026778882938
cplfw,0.2677891242074048,0.16013986013986015,0.9495026778882938
cplfw,0.26734764562006486,0.16083916083916083,0.9495026778882938
cplfw,0.26704462711735216,0.16083916083916083,0.9502677888293802
cplfw,0.26676712518625945,0.16083916083916083,0.9510328997704667
cplfw,0.2666702110023742,0.16153846153846155,0.9510328997704667
cplfw,0.26642955932532514,0.16223776223776223,0.9510328997704667
cplfw,0.2662916736472477,0.16293706293706295,0.9510328997704667
cplfw,0.26595596696672935,0.16363636363636364,0.9510328997704667
cplfw,0.2657798042897617,0.16433566433566432,0.9510328997704667
cplfw,0.2657267998066762,0.16503496503496504,0.9510328997704667
cplfw,0.2655498669373877,0.16573426573426572,0.9510328997704667
cplfw,0.26524513832839874,0.16643356643356644,0.9510328997704667
cplfw,0.26507812232175204,0.16713286713286712,0.9510328997704667
cplfw,0.264987742474501,0.16783216783216784,0.9510328997704667
cplfw,0.2647587704997379,0.16853146853146853,0.9510328997704667
cplfw,0.26447490319831907,0.16923076923076924,0.9510328997704667
cplfw,0.2643711111094107,0.16993006993006993,0.9510328997704667
cplfw,0.264233167819422,0.17062937062937064,0.9510328997704667
cplfw,0.26390964199222694,0.17132867132867133,0.9510328997704667
cplfw,0.2637982169273079,0.17202797202797201,0.9510328997704667
cplfw,0.26378936248558976,0.17272727272727273,0.9510328997704667
cplfw,0.2636567429948274,0.17342657342657342,0.9510328997704667
cplfw,0.2636287180180957,0.17342657342657342,0.9517980107115531
cplfw,0.2634433231308086,0.17412587412587413,0.9517980107115531
cplfw,0.2632018675986418,0.17482517482517482,0.9517980107115531
cplfw,0.2631413399450619,0.17552447552447553,0.9517980107115531
cplfw,0.26239317701942977,0.17622377622377622,0.9517980107115531
cplfw,0.2619867310078654,0.17692307692307693,0.9517980107115531
cplfw,0.2617898198473048,0.17762237762237762,0.9517980107115531
cplfw,0.2614187987525721,0.17832167832167833,0.9517980107115531
cplfw,0.26096823363538885,0.17902097902097902,0.9517980107115531
cplfw,0.26089143352546906,0.1797202797202797,0.9517980107115531
cplfw,0.2607652527145839,0.18041958041958042,0.9517980107115531
cplfw,0.26039019335767594,0.1811188811188811,0.9517980107115531
cplfw,0.26034975583610676,0.18181818181818182,0.9517980107115531
cplfw,0.26021718049756865,0.18181818181818182,0.9525631216526397
cplfw,0.2601020259186384,0.1825174825174825,0.9525631216526397
cplfw,0.2593762137037555,0.18321678321678322,0.9525631216526397
cplfw,0.25909960686325173,0.1839160839160839,0.9525631216526397
cplfw,0.2585637882432552,0.18461538461538463,0.9525631216526397
cplfw,0.25793390687196277,0.1853146853146853,0.9525631216526397
cplfw,0.2578722018454246,0.18601398601398603,0.9525631216526397
cplfw,0.25696629164468815,0.1867132867132867,0.9525631216526397
cplfw,0.25652890827473734,0.1867132867132867,0.9533282325937261
cplfw,0.2564769723852964,0.1874125874125874,0.9533282325937261
cplfw,0.2563810418723155,0.1874125874125874,0.9540933435348126
cplfw,0.25587117499667866,0.18811188811188811,0.9540933435348126
cplfw,0.2557630085457768,0.1888111888111888,0.9540933435348126
cplfw,0.2556832278115548,0.18951048951048952,0.9540933435348126
cplfw,0.2556767085115757,0.1902097902097902,0.9540933435348126
cplfw,0.2556018120162556,0.19090909090909092,0.9540933435348126
cplfw,0.2554705942728491,0.1916083916083916,0.9540933435348126
cplfw,0.2554287804012871,0.19230769230769232,0.9540933435348126
cplfw,0.2553602165964073,0.193006993006993,0.9540933435348126
cplfw,0.25534145344996184,0.19370629370629372,0.9540933435348126
cplfw,0.2552440648631021,0.1944055944055944,0.9540933435348126
cplfw,0.2548146231731298,0.1944055944055944,0.954858454475899
cplfw,0.2541381134581937,0.1951048951048951,0.954858454475899
cplfw,0.2539489811166876,0.1958041958041958,0.954858454475899
cplfw,0.2536999401368752,0.1965034965034965,0.954858454475899
cplfw,0.2532352086691604,0.1965034965034965,0.9556235654169855
cplfw,0.2531062415942012,0.1972027972027972,0.9556235654169855
cplfw,0.25286120175361293,0.1979020979020979,0.9556235654169855
cplfw,0.2521942706108419,0.1986013986013986,0.9556235654169855
cplfw,0.2520190269371831,0.1993006993006993,0.9556235654169855
cplfw,0.2519968643026455,0.2,0.9556235654169855
cplfw,0.25193774235711025,0.2006993006993007,0.9556235654169855
cplfw,0.25164313940736005,0.2006993006993007,0.9563886763580719
cplfw,0.25140331645664316,0.2013986013986014,0.9563886763580719
cplfw,0.2513771543125952,0.2020979020979021,0.9563886763580719
cplfw,0.2503333578573099,0.20279720279720279,0.9563886763580719
cplfw,0.25021096591468167,0.2034965034965035,0.9563886763580719
cplfw,0.25000224263092163,0.2041958041958042,0.9563886763580719
cplfw,0.2496427086174987,0.2048951048951049,0.9563886763580719
cplfw,0.24963734865505172,0.2055944055944056,0.9563886763580719
cplfw,0.24958552014475271,0.2062937062937063,0.9563886763580719
cplfw,0.24944432626785626,0.206993006993007,0.9563886763580719
cplfw,0.24921361688832988,0.2076923076923077,0.9563886763580719
cplfw,0.2491861454434771,0.2083916083916084,0.9563886763580719
cplfw,0.24892674113641558,0.2083916083916084,0.9571537872991583
cplfw,0.24879764220589162,0.20909090909090908,0.9571537872991583
cplfw,0.24870596556450136,0.20909090909090908,0.9579188982402448
cplfw,0.2484521870754434,0.2097902097902098,0.9579188982402448
cplfw,0.2484138371772814,0.21048951048951048,0.9579188982402448
cplfw,0.24840660088518052,0.2111888111888112,0.9579188982402448
cplfw,0.2479837880881517,0.21188811188811188,0.9579188982402448
cplfw,0.24777118061786127,0.2125874125874126,0.9579188982402448
cplfw,0.24718624785858834,0.21328671328671328,0.9579188982402448
cplfw,0.2469068776443371,0.213986013986014,0.9579188982402448
cplfw,0.24657679906285335,0.213986013986014,0.9586840091813313
cplfw,0.2458705887883803,0.21468531468531468,0.9586840091813313
cplfw,0.24570045524995565,0.2153846153846154,0.9586840091813313
cplfw,0.24553696390344557,0.21608391608391608,0.9586840091813313
cplfw,0.2453811138922914,0.21678321678321677,0.9586840091813313
cplfw,0.24533011375975222,0.21748251748251748,0.9586840091813313
cplfw,0.24504871232100892,0.21818181818181817,0.9586840091813313
cplfw,0.24503726003567383,0.21888111888111889,0.9586840091813313
cplfw,0.24501517133926382,0.21958041958041957,0.9586840091813313
cplfw,0.24442098508903923,0.2202797202797203,0.9586840091813313
cplfw,0.24410597787309712,0.22097902097902097,0.9586840091813313
cplfw,0.24409977878068828,0.2216783216783217,0.9586840091813313
cplfw,0.24394122165300727,0.22237762237762237,0.9586840091813313
cplfw,0.24393734031028272,0.2230769230769231,0.9586840091813313
cplfw,0.24368881390148925,0.22377622377622378,0.9586840091813313
cplfw,0.24362010023020797,0.22447552447552446,0.9586840091813313
cplfw,0.24330501735772225,0.22517482517482518,0.9586840091813313
cplfw,0.24263649273509225,0.22587412587412586,0.9586840091813313
cplfw,0.24257314508186203,0.22657342657342658,0.9586840091813313
cplfw,0.2423423470957571,0.22727272727272727,0.9586840091813313
cplfw,0.24204572092000717,0.22797202797202798,0.9586840091813313
cplfw,0.24175179047091822,0.22867132867132867,0.9586840091813313
cplfw,0.2417032135116965,0.22867132867132867,0.9594491201224178
cplfw,0.2416833127283698,0.22937062937062938,0.9594491201224178
cplfw,0.24167945122859338,0.23006993006993007,0.9594491201224178
cplfw,0.2415384500646454,0.23006993006993007,0.9602142310635042
cplfw,0.24146772216939363,0.23076923076923078,0.9602142310635042
cplfw,0.24135201290499053,0.23146853146853147,0.9602142310635042
cplfw,0.24072325593048313,0.23146853146853147,0.9609793420045907
cplfw,0.24070707062854568,0.23216783216783216,0.9609793420045907
cplfw,0.240680942975464,0.23286713286713287,0.9609793420045907
cplfw,0.2403918499091457,0.23356643356643356,0.9609793420045907
cplfw,0.24019260326143407,0.23426573426573427,0.9609793420045907
cplfw,0.24006956264365392,0.23496503496503496,0.9609793420045907
cplfw,0.23964454299269305,0.23566433566433567,0.9609793420045907
cplfw,0.2396187657414316,0.23636363636363636,0.9609793420045907
cplfw,0.23948267729977257,0.23706293706293707,0.9609793420045907
cplfw,0.23945096815354283,0.23776223776223776,0.9609793420045907
cplfw,0.23931784275269075,0.23846153846153847,0.9609793420045907
cplfw,0.23915935851504597,0.23916083916083916,0.9609793420045907
cplfw,0.23892742925951663,0.23986013986013985,0.9609793420045907
cplfw,0.2386458158263502,0.24055944055944056,0.9609793420045907
cplfw,0.23853632225642413,0.24125874125874125,0.9609793420045907
cplfw,0.238507462375085,0.24195804195804196,0.9609793420045907
cplfw,0.23845008590949857,0.24265734265734265,0.9609793420045907
cplfw,0.23793607814570422,0.24335664335664337,0.9609793420045907
cplfw,0.23767175256928053,0.24405594405594405,0.9609793420045907
cplfw,0.23742075722246125,0.24475524475524477,0.9609793420045907
cplfw,0.23731771241448651,0.24545454545454545,0.9609793420045907
cplfw,0.23635299599162868,0.24615384615384617,0.9609793420045907
cplfw,0.2358239711900736,0.24685314685314685,0.9609793420045907
cplfw,0.23579258611457315,0.24755244755244754,0.9609793420045907
cplfw,0.23578903245959137,0.24825174825174826,0.9609793420045907
cplfw,0.23558856484360952,0.24895104895104894,0.9609793420045907
cplfw,0.23558765934685075,0.24965034965034966,0.9609793420045907
cplfw,0.2355742162808367,0.25034965034965034,0.9609793420045907
cplfw,0.23480387159831884,0.25104895104895103,0.9609793420045907
cplfw,0.23462507628090395,0.2517482517482518,0.9609793420045907
cplfw,0.23449088373686558,0.2517482517482518,0.9617444529456771
cplfw,0.23448271139094498,0.25244755244755246,0.9617444529456771
cplfw,0.23434773044627805,0.25314685314685315,0.9617444529456771
cplfw,0.23422975440602872,0.25384615384615383,0.9617444529456771
cplfw,0.23420143151077852,0.2545454545454545,0.9617444529456771
cplfw,0.23400364871707854,0.25524475524475526,0.9617444529456771
cplfw,0.23395559272061744,0.25594405594405595,0.9617444529456771
cplfw,0.23365905922292365,0.25664335664335663,0.9617444529456771
cplfw,0.2335847850193498,0.2573426573426573,0.9617444529456771
cplfw,0.2332760405905642,0.25804195804195806,0.9617444529456771
cplfw,0.23274444596349292,0.25874125874125875,0.9617444529456771
cplfw,0.23258157037961893,0.25944055944055944,0.9617444529456771
cplfw,0.23250747927104004,0.2601398601398601,0.9617444529456771
cplfw,0.23222380949646168,0.26083916083916087,0.9617444529456771
cplfw,0.23218067304220286,0.26153846153846155,0.9617444529456771
cplfw,0.2320543561420784,0.26223776223776224,0.9617444529456771
cplfw,0.23198755716527597,0.2629370629370629,0.9617444529456771
cplfw,0.23175212810673199,0.2636363636363636,0.9617444529456771
cplfw,0.23169711153342948,0.26433566433566436,0.9617444529456771
cplfw,0.23157337868999706,0.26503496503496504,0.9617444529456771
cplfw,0.23123164062871818,0.26573426573426573,0.9617444529456771
cplfw,0.23109103586256163,0.2664335664335664,0.9617444529456771
cplfw,0.2310439824809679,0.26713286713286716,0.9617444529456771
cplfw,0.23088015916622706,0.26783216783216784,0.9617444529456771
cplfw,0.23063794117496872,0.26853146853146853,0.9617444529456771
cplfw,0.23054251924029776,0.2692307692307692,0.9617444529456771
cplfw,0.23037956078976582,0.2699300699300699,0.9617444529456771
cplfw,0.23000704081957815,0.27062937062937065,0.9617444529456771
cplfw,0.22999068530655997,0.27132867132867133,0.9617444529456771
cplfw,0.22970349212202573,0.272027972027972,0.9617444529456771
cplfw,0.22967180002294169,0.2727272727272727,0.9617444529456771
cplfw,0.22955080559020144,0.27342657342657345,0.9617444529456771
cplfw,0.22932277119729808,0.27412587412587414,0.9617444529456771
cplfw,0.22879006496330112,0.2748251748251748,0.9617444529456771
cplfw,0.22855717985384805,0.2755244755244755,0.9617444529456771
cplfw,0.22851250332088155,0.2762237762237762,0.9617444529456771
cplfw,0.22823514451514784,0.2762237762237762,0.9625095638867636
cplfw,0.2279907922698897,0.27692307692307694,0.9625095638867636
cplfw,0.2279375846102267,0.2776223776223776,0.9625095638867636
cplfw,0.22734554842670507,0.2783216783216783,0.9625095638867636
cplfw,0.2272875243869499,0.2783216783216783,0.96327467482785
cplfw,0.22728259740234955,0.279020979020979,0.96327467482785
cplfw,0.22704398576889553,0.27972027972027974,0.96327467482785
cplfw,0.22696787565588103,0.2804195804195804,0.96327467482785
cplfw,0.22696516969660957,0.2811188811188811,0.96327467482785
cplfw,0.2267149228131559,0.2818181818181818,0.96327467482785
cplfw,0.2266068969376327,0.28251748251748254,0.96327467482785
cplfw,0.22636654781912682,0.28321678321678323,0.96327467482785
cplfw,0.2259066833390866,0.28321678321678323,0.9640397857689365
cplfw,0.2258040270240781,0.2839160839160839,0.9640397857689365
cplfw,0.22576643927067067,0.2846153846153846,0.9640397857689365
cplfw,0.22530641561721862,0.2853146853146853,0.9640397857689365
cplfw,0.22512943256698226,0.28601398601398603,0.9640397857689365
cplfw,0.22508995129961598,0.2867132867132867,0.9640397857689365
cplfw,0.2250427711086263,0.2874125874125874,0.9640397857689365
cplfw,0.22499857010538962,0.2874125874125874,0.964804896710023
cplfw,0.22498582126577926,0.2881118881118881,0.964804896710023
cplfw,0.22440704248750837,0.28881118881118883,0.964804896710023
cplfw,0.2243753044005433,0.2895104895104895,0.964804896710023
cplfw,0.22394013359850373,0.2902097902097902,0.964804896710023
cplfw,0.22373012719485716,0.2909090909090909,0.964804896710023
cplfw,0.22345754081651276,0.2916083916083916,0.964804896710023
cplfw,0.22319787126289647,0.2923076923076923,0.964804896710023
cplfw,0.22296601838068214,0.293006993006993,0.964804896710023
cplfw,0.2226634606679997,0.2937062937062937,0.964804896710023
cplfw,0.22265861691823646,0.2944055944055944,0.964804896710023
cplfw,0.22263025588730817,0.2951048951048951,0.964804896710023
cplfw,0.22231877448561274,0.2951048951048951,0.9655700076511095
cplfw,0.22151455861751504,0.2958041958041958,0.9655700076511095
cplfw,0.22115256225905877,0.2965034965034965,0.9655700076511095
cplfw,0.2210924296722722,0.2972027972027972,0.9655700076511095
cplfw,0.22108029869759063,0.29790209790209793,0.9655700076511095
cplfw,0.22099180902243698,0.2986013986013986,0.9655700076511095
cplfw,0.2209365656950689,0.2993006993006993,0.9655700076511095
cplfw,0.2208607007245623,0.3,0.9655700076511095
cplfw,0.22063655037517102,0.3006993006993007,0.9655700076511095
cplfw,0.22000455140521935,0.3013986013986014,0.9655700076511095
cplfw,0.21990973110603407,0.3020979020979021,0.9655700076511095
cplfw,0.2198071612791675,0.3027972027972028,0.9655700076511095
cplfw,0.2195066194002938,0.3034965034965035,0.9655700076511095
cplfw,0.21947143433876914,0.3041958041958042,0.9655700076511095
cplfw,0.21938598002372495,0.3048951048951049,0.9655700076511095
cplfw,0.21919464093589963,0.3055944055944056,0.9655700076511095
cplfw,0.2191385441865096,0.3062937062937063,0.9655700076511095
cplfw,0.218829716732104,0.30699300699300697,0.9655700076511095
cplfw,0.21879421567080984,0.3076923076923077,0.9655700076511095
cplfw,0.21863043838343532,0.3083916083916084,0.9655700076511095
cplfw,0.21826918978545087,0.3090909090909091,0.9655700076511095
cplfw,0.21786304486954855,0.30979020979020977,0.9655700076511095
cplfw,0.2178046179202575,0.3104895104895105,0.9655700076511095
cplfw,0.21780185761558857,0.3104895104895105,0.9663351185921959
cplfw,0.21777354641448607,0.3111888111888112,0.9663351185921959
cplfw,0.21776795498394497,0.3118881118881119,0.9663351185921959
cplfw,0.21763203428237837,0.31258741258741257,0.9663351185921959
cplfw,0.21753570696950014,0.3132867132867133,0.9663351185921959
cplfw,0.21748737076086036,0.313986013986014,0.9663351185921959
cplfw,0.21744512605815317,0.3146853146853147,0.9663351185921959
cplfw,0.21723011958634447,0.3153846153846154,0.9663351185921959
cplfw,0.2171367358975042,0.31608391608391606,0.9663351185921959
cplfw,0.21697549030821175,0.3167832167832168,0.9663351185921959
cplfw,0.21682441635055796,0.3174825174825175,0.9663351185921959
cplfw,0.21643992524264474,0.3181818181818182,0.9663351185921959
cplfw,0.2163437085068463,0.31888111888111886,0.9663351185921959
cplfw,0.21602582439194642,0.3195804195804196,0.9663351185921959
cplfw,0.21599736399923497,0.3202797202797203,0.9663351185921959
cplfw,0.21578385073818063,0.320979020979021,0.9663351185921959
cplfw,0.21560345679597542,0.32167832167832167,0.9663351185921959
cplfw,0.21550836546318178,0.32237762237762235,0.9663351185921959
cplfw,0.21547451734474823,0.3230769230769231,0.9663351185921959
cplfw,0.21509389768095333,0.3237762237762238,0.9663351185921959
cplfw,0.21489907682634146,0.32447552447552447,0.9663351185921959
cplfw,0.21462901193734088,0.32517482517482516,0.9663351185921959
cplfw,0.21450494035444045,0.32517482517482516,0.9671002295332823
cplfw,0.21445538496839234,0.32517482517482516,0.9678653404743688
cplfw,0.21444888207587498,0.3258741258741259,0.9678653404743688
cplfw,0.21438943129743435,0.3258741258741259,0.9686304514154552
cplfw,0.21416806699351634,0.3265734265734266,0.9686304514154552
cplfw,0.2138519541689238,0.32727272727272727,0.9686304514154552
cplfw,0.21369319211566595,0.32797202797202796,0.9686304514154552
cplfw,0.21366107660607156,0.32867132867132864,0.9686304514154552
cplfw,0.21362903180503393,0.3293706293706294,0.9686304514154552
cplfw,0.21307994729771318,0.3300699300699301,0.9686304514154552
cplfw,0.21266091207848464,0.33076923076923076,0.9686304514154552
cplfw,0.2125091608653652,0.33146853146853145,0.9686304514154552
cplfw,0.21247793400741743,0.3321678321678322,0.9686304514154552
cplfw,0.21240430321163858,0.3328671328671329,0.9686304514154552
cplfw,0.21171339614682677,0.33356643356643356,0.9686304514154552
cplfw,0.21163142769471685,0.33426573426573425,0.9686304514154552
cplfw,0.21158090645702865,0.334965034965035,0.9686304514154552
cplfw,0.21154804561520998,0.3356643356643357,0.9686304514154552
cplfw,0.21147672127590708,0.33636363636363636,0.9686304514154552
cplfw,0.21124720756188312,0.33706293706293705,0.9686304514154552
cplfw,0.21093535770201838,0.33776223776223774,0.9686304514154552
cplfw,0.2109228205292302,0.3384615384615385,0.9686304514154552
cplfw,0.21089737942898637,0.33916083916083917,0.9686304514154552
cplfw,0.21069062748681827,0.33986013986013985,0.9686304514154552
cplfw,0.21061611432057056,0.34055944055944054,0.9686304514154552
cplfw,0.21036896254293153,0.3412587412587413,0.9686304514154552
cplfw,0.20987351946556226,0.3412587412587413,0.9693955623565417
cplfw,0.2098149739990776,0.34195804195804197,0.9693955623565417
cplfw,0.2096788815903676,0.34265734265734266,0.9693955623565417
cplfw,0.2094762773170159,0.34335664335664334,0.9693955623565417
cplfw,0.20934877428338067,0.34405594405594403,0.9693955623565417
cplfw,0.20920397214160488,0.34475524475524477,0.9693955623565417
cplfw,0.20909251710263974,0.34545454545454546,0.9693955623565417
cplfw,0.20882201666551695,0.34615384615384615,0.9693955623565417
cplfw,0.2087583506476503,0.34685314685314683,0.9693955623565417
cplfw,0.20853735143141489,0.3475524475524476,0.9693955623565417
cplfw,0.20844293681835918,0.34825174825174826,0.9693955623565417
cplfw,0.20831207060494278,0.34895104895104895,0.9693955623565417
cplfw,0.20809078170663994,0.34965034965034963,0.9693955623565417
cplfw,0.20787992071292416,0.3503496503496504,0.9693955623565417
cplfw,0.20773480263515207,0.35104895104895106,0.9693955623565417
cplfw,0.20772812499749888,0.35174825174825175,0.9693955623565417
cplfw,0.20757077185434206,0.35244755244755244,0.9693955623565417
cplfw,0.20713180568784564,0.3531468531468531,0.9693955623565417
cplfw,0.2070569246363007,0.35384615384615387,0.9693955623565417
cplfw,0.20655828609809493,0.35454545454545455,0.9693955623565417
cplfw,0.20640291711023467,0.35524475524475524,0.9693955623565417
cplfw,0.20610847532560486,0.3559440559440559,0.9693955623565417
cplfw,0.20594568871595756,0.35664335664335667,0.9693955623565417
cplfw,0.2056204186530705,0.35734265734265735,0.9693955623565417
cplfw,0.2054873346825357,0.35804195804195804,0.9693955623565417
cplfw,0.20529033281379516,0.35874125874125873,0.9693955623565417
cplfw,0.20490829753806106,0.3594405594405594,0.9693955623565417
cplfw,0.20470483140741316,0.36013986013986016,0.9693955623565417
cplfw,0.20462857473871496,0.36083916083916084,0.9693955623565417
cplfw,0.20460048104443743,0.36153846153846153,0.9693955623565417
cplfw,0.2044201402867968,0.3622377622377622,0.9693955623565417
cplfw,0.204251196801567,0.36293706293706296,0.9693955623565417
cplfw,0.20416169612279345,0.36363636363636365,0.9693955623565417
cplfw,0.20414867884516155,0.36433566433566433,0.9693955623565417
cplfw,0.20400243728763676,0.365034965034965,0.9693955623565417
cplfw,0.20376838176112969,0.3657342657342657,0.9693955623565417
cplfw,0.2037284910941016,0.36643356643356645,0.9693955623565417
cplfw,0.20319398538243919,0.36713286713286714,0.9693955623565417
cplfw,0.20285168140917426,0.3678321678321678,0.9693955623565417
cplfw,0.20257698445396385,0.3685314685314685,0.9693955623565417
cplfw,0.2021334781264843,0.36923076923076925,0.9693955623565417
cplfw,0.2021159907225584,0.36993006993006994,0.9693955623565417
cplfw,0.20192561498461672,0.3706293706293706,0.9693955623565417
cplfw,0.20190449547846903,0.3713286713286713,0.9693955623565417
cplfw,0.2012711944896408,0.37202797202797205,0.9693955623565417
cplfw,0.201174271649609,0.37272727272727274,0.9693955623565417
cplfw,0.20097601679394642,0.3734265734265734,0.9693955623565417
cplfw,0.20076121133997446,0.3741258741258741,0.9693955623565417
cplfw,0.20044604634240903,0.3748251748251748,0.9693955623565417
cplfw,0.2002582017032603,0.37552447552447554,0.9693955623565417
cplfw,0.2001106044584933,0.37622377622377623,0.9693955623565417
cplfw,0.20007173755895358,0.3769230769230769,0.9693955623565417
cplfw,0.19993344325543005,0.3776223776223776,0.9693955623565417
cplfw,0.19975799619276843,0.37832167832167835,0.9693955623565417
cplfw,0.19970833696263635,0.37902097902097903,0.9693955623565417
cplfw,0.19957249831638896,0.3797202797202797,0.9693955623565417
cplfw,0.19954827336978093,0.3804195804195804,0.9693955623565417
cplfw,0.19922287110312578,0.3811188811188811,0.9693955623565417
cplfw,0.19902485276769122,0.3811188811188811,0.9701606732976281
cplfw,0.19896124975506466,0.38181818181818183,0.9701606732976281
cplfw,0.1986480083231213,0.3825174825174825,0.9701606732976281
cplfw,0.19797178324994777,0.3832167832167832,0.9701606732976281
cplfw,0.1977638211010669,0.3839160839160839,0.9701606732976281
cplfw,0.19762943567585728,0.38461538461538464,0.9701606732976281
cplfw,0.19739279083436762,0.3853146853146853,0.9701606732976281
cplfw,0.19704184940838343,0.3853146853146853,0.9709257842387146
cplfw,0.19703335805772926,0.386013986013986,0.9709257842387146
cplfw,0.1969341766262543,0.3867132867132867,0.9709257842387146
cplfw,0.19688268707826104,0.38741258741258744,0.9709257842387146
cplfw,0.19675962132806815,0.3881118881118881,0.9709257842387146
cplfw,0.19656465589276367,0.3888111888111888,0.9709257842387146
cplfw,0.1963826082469547,0.3895104895104895,0.9709257842387146
cplfw,0.19626488271838108,0.3902097902097902,0.9709257842387146
cplfw,0.19626164052764772,0.39090909090909093,0.9709257842387146
cplfw,0.19608540180600773,0.3916083916083916,0.9709257842387146
cplfw,0.1959196394717079,0.3923076923076923,0.9709257842387146
cplfw,0.19591926668923024,0.393006993006993,0.9709257842387146
cplfw,0.19590244634736365,0.39370629370629373,0.9709257842387146
cplfw,0.1957124417888482,0.39370629370629373,0.9716908951798011
cplfw,0.1956975695205538,0.3944055944055944,0.9716908951798011
cplfw,0.19560635051671624,0.3951048951048951,0.9716908951798011
cplfw,0.19557287925988992,0.3958041958041958,0.9716908951798011
cplfw,0.1954965347667181,0.3965034965034965,0.9716908951798011
cplfw,0.19546534761493078,0.3972027972027972,0.9716908951798011
cplfw,0.19503930475757772,0.3979020979020979,0.9716908951798011
cplfw,0.19481308949541426,0.3986013986013986,0.9716908951798011
cplfw,0.19480929769836774,0.3993006993006993,0.9716908951798011
cplfw,0.19471434923732261,0.4,0.9716908951798011
cplfw,0.19445279871583238,0.4006993006993007,0.9716908951798011
cplfw,0.19425005614246754,0.4013986013986014,0.9716908951798011
cplfw,0.19414953079028452,0.4020979020979021,0.9716908951798011
cplfw,0.1941159479429457,0.4020979020979021,0.9724560061208876
cplfw,0.19402551137789176,0.4027972027972028,0.9724560061208876
cplfw,0.193792065427568,0.4034965034965035,0.9724560061208876
cplfw,0.19364710847479769,0.4041958041958042,0.9724560061208876
cplfw,0.1936387743348798,0.4048951048951049,0.9724560061208876
cplfw,0.19350202843044262,0.40559440559440557,0.9724560061208876
cplfw,0.19348032992081776,0.4062937062937063,0.9724560061208876
cplfw,0.19319145368361743,0.406993006993007,0.9724560061208876
cplfw,0.1927446828832125,0.406993006993007,0.973221117061974
cplfw,0.19246613584017006,0.4076923076923077,0.973221117061974
cplfw,0.19223269109305616,0.4083916083916084,0.973221117061974
cplfw,0.19211918089162416,0.4090909090909091,0.973221117061974
cplfw,0.19205681893257986,0.4097902097902098,0.973221117061974
cplfw,0.1919389569579331,0.4104895104895105,0.973221117061974
cplfw,0.19162836838162828,0.4111888111888112,0.973221117061974
cplfw,0.1914547427752762,0.41188811188811186,0.973221117061974
cplfw,0.19145243456773134,0.4125874125874126,0.973221117061974
cplfw,0.19139213011204473,0.4132867132867133,0.973221117061974
cplfw,0.19138433847174144,0.413986013986014,0.973221117061974
cplfw,0.19135132972808966,0.41468531468531467,0.973221117061974
cplfw,0.19117854061894024,0.4153846153846154,0.973221117061974
cplfw,0.19095229587496337,0.4160839160839161,0.973221117061974
cplfw,0.1908486748317415,0.4167832167832168,0.973221117061974
cplfw,0.19079368305962574,0.4167832167832168,0.9739862280030605
cplfw,0.19068384588898157,0.41748251748251747,0.9739862280030605
cplfw,0.19059252579515845,0.41818181818181815,0.9739862280030605
cplfw,0.19032477146213916,0.4188811188811189,0.9739862280030605
cplfw,0.1900311537320559,0.4195804195804196,0.9739862280030605
cplfw,0.18999691876602182,0.42027972027972027,0.9739862280030605
cplfw,0.1896001463727193,0.42097902097902096,0.9739862280030605
cplfw,0.18954596074258642,0.4216783216783217,0.9739862280030605
cplfw,0.18946022128465176,0.4223776223776224,0.9739862280030605
cplfw,0.18940165616097748,0.4230769230769231,0.9739862280030605
cplfw,0.18937971140830878,0.42377622377622376,0.9739862280030605
cplfw,0.1893783934960902,0.4244755244755245,0.9739862280030605
cplfw,0.1892435595185079,0.4251748251748252,0.9739862280030605
cplfw,0.1891862173507235,0.4258741258741259,0.9739862280030605
cplfw,0.18839950337467387,0.42657342657342656,0.9739862280030605
cplfw,0.18832490600207194,0.42727272727272725,0.9739862280030605
cplfw,0.18830889195083914,0.427972027972028,0.9739862280030605
cplfw,0.18820025666509818,0.4286713286713287,0.9739862280030605
cplfw,0.1881180246644485,0.42937062937062936,0.9739862280030605
cplfw,0.18809900514634129,0.43006993006993005,0.9739862280030605
cplfw,0.1878680633643655,0.4307692307692308,0.9739862280030605
cplfw,0.18767531392689926,0.4314685314685315,0.9739862280030605
cplfw,0.18762741392963228,0.43216783216783217,0.9739862280030605
cplfw,0.18758441188962,0.43286713286713285,0.9739862280030605
cplfw,0.18749422400187388,0.43356643356643354,0.9739862280030605
cplfw,0.1874289474872008,0.4342657342657343,0.9739862280030605
cplfw,0.18728122809722086,0.43496503496503497,0.9739862280030605
cplfw,0.18726836928894147,0.43496503496503497,0.9747513389441469
cplfw,0.1870664355655055,0.43496503496503497,0.9755164498852333
cplfw,0.18700038726962515,0.43566433566433566,0.9755164498852333
cplfw,0.18696015545807354,0.43636363636363634,0.9755164498852333
cplfw,0.18681054203134054,0.4370629370629371,0.9755164498852333
cplfw,0.18657415942466765,0.43776223776223777,0.9755164498852333
cplfw,0.18627615761627467,0.43776223776223777,0.9762815608263198
cplfw,0.18626595777452523,0.43846153846153846,0.9762815608263198
cplfw,0.18600377418412528,0.43916083916083914,0.9762815608263198
cplfw,0.18533942800770306,0.4398601398601399,0.9762815608263198
cplfw,0.18526320918787842,0.4405594405594406,0.9762815608263198
cplfw,0.18515541056875093,0.44125874125874126,0.9762815608263198
cplfw,0.18509094799695225,0.44195804195804195,0.9762815608263198
cplfw,0.18487493358433563,0.44265734265734263,0.9762815608263198
cplfw,0.18472671850838657,0.4433566433566434,0.9762815608263198
cplfw,0.1845587895240102,0.44405594405594406,0.9762815608263198
cplfw,0.1843160312699323,0.44475524475524475,0.9762815608263198
cplfw,0.18406381871257527,0.44545454545454544,0.9762815608263198
cplfw,0.18391123855612965,0.4461538461538462,0.9762815608263198
cplfw,0.18321231370275115,0.44685314685314687,0.9762815608263198
cplfw,0.1832026959185549,0.44755244755244755,0.9762815608263198
cplfw,0.18290625328125198,0.44825174825174824,0.9762815608263198
cplfw,0.18223916835266996,0.4489510489510489,0.9762815608263198
cplfw,0.18218826458826917,0.44965034965034967,0.9762815608263198
cplfw,0.18217895611593254,0.45034965034965035,0.9762815608263198
cplfw,0.18191904426092415,0.45104895104895104,0.9762815608263198
cplfw,0.18184236154371777,0.45174825174825173,0.9762815608263198
cplfw,0.18178045169629212,0.45244755244755247,0.9762815608263198
cplfw,0.18120935171297842,0.45314685314685316,0.9762815608263198
cplfw,0.18117937574160112,0.45384615384615384,0.9762815608263198
cplfw,0.18062267713107502,0.45454545454545453,0.9762815608263198
cplfw,0.18057721941892982,0.4552447552447552,0.9762815608263198
cplfw,0.18046627539657176,0.45594405594405596,0.9762815608263198
cplfw,0.18042053848824774,0.45664335664335665,0.9762815608263198
cplfw,0.18039780967324,0.45734265734265733,0.9762815608263198
cplfw,0.18035571527994176,0.458041958041958,0.9762815608263198
cplfw,0.18027894932827598,0.45874125874125876,0.9762815608263198
cplfw,0.18017468065167652,0.45944055944055945,0.9762815608263198
cplfw,0.1801029367327633,0.46013986013986014,0.9762815608263198
cplfw,0.1801011614252733,0.4608391608391608,0.9762815608263198
cplfw,0.18003816027682884,0.46153846153846156,0.9762815608263198
cplfw,0.1799909990861485,0.46223776223776225,0.9762815608263198
cplfw,0.17991043021738434,0.46293706293706294,0.9762815608263198
cplfw,0.17979886583502436,0.4636363636363636,0.9762815608263198
cplfw,0.1795603127740698,0.4643356643356643,0.9762815608263198
cplfw,0.17921499002469096,0.46503496503496505,0.9762815608263198
cplfw,0.17913405194614945,0.46573426573426574,0.9762815608263198
cplfw,0.1791080675286167,0.4664335664335664,0.9762815608263198
cplfw,0.17906130301945236,0.4671328671328671,0.9762815608263198
cplfw,0.17876387466642266,0.46783216783216786,0.9762815608263198
cplfw,0.17864629601856286,0.46853146853146854,0.9762815608263198
cplfw,0.17836260611677737,0.46923076923076923,0.9762815608263198
cplfw,0.1782197614065452,0.4699300699300699,0.9762815608263198
cplfw,0.17809882423172202,0.4706293706293706,0.9762815608263198
cplfw,0.17808811312921377,0.47132867132867134,0.9762815608263198
cplfw,0.17773087404658072,0.47202797202797203,0.9762815608263198
cplfw,0.17766053660811867,0.4727272727272727,0.9762815608263198
cplfw,0.1775894813108929,0.4734265734265734,0.9762815608263198
cplfw,0.1774803996691538,0.47412587412587415,0.9762815608263198
cplfw,0.17710635761391483,0.47482517482517483,0.9762815608263198
cplfw,0.17680908626033842,0.4755244755244755,0.9762815608263198
cplfw,0.17647576747235982,0.4762237762237762,0.9762815608263198
cplfw,0.17640031950542603,0.47692307692307695,0.9762815608263198
cplfw,0.17636747229427893,0.47762237762237764,0.9762815608263198
cplfw,0.1762603894347185,0.4783216783216783,0.9762815608263198
cplfw,0.17624136798213566,0.479020979020979,0.9762815608263198
cplfw,0.1761146932083815,0.4797202797202797,0.9762815608263198
cplfw,0.17601318594640006,0.48041958041958044,0.9762815608263198
cplfw,0.17583210610860472,0.4811188811188811,0.9762815608263198
cplfw,0.17566177992489415,0.4818181818181818,0.9762815608263198
cplfw,0.17516191770274142,0.4825174825174825,0.9762815608263198
cplfw,0.17498155108536895,0.48321678321678324,0.9762815608263198
cplfw,0.17478701797427162,0.48391608391608393,0.9762815608263198
cplfw,0.17457981914455134,0.4846153846153846,0.9762815608263198
cplfw,0.17438068541496815,0.4853146853146853,0.9762815608263198
cplfw,0.17395317648818007,0.486013986013986,0.9762815608263198
cplfw,0.17392861134464618,0.48671328671328673,0.9762815608263198
cplfw,0.17383865017557762,0.4874125874125874,0.9762815608263198
cplfw,0.17369047085114087,0.4881118881118881,0.9762815608263198
cplfw,0.17337104084384183,0.4888111888111888,0.9762815608263198
cplfw,0.1730058049855594,0.48951048951048953,0.9762815608263198
cplfw,0.17258930781399742,0.4902097902097902,0.9762815608263198
cplfw,0.1724090063189371,0.4909090909090909,0.9762815608263198
cplfw,0.17202506778226062,0.4916083916083916,0.9762815608263198
cplfw,0.17198174109536937,0.49230769230769234,0.9762815608263198
cplfw,0.17194218979238896,0.493006993006993,0.9762815608263198
cplfw,0.17192926072758136,0.493006993006993,0.9770466717674062
cplfw,0.17156667803625325,0.4937062937062937,0.9770466717674062
cplfw,0.17150610278015582,0.4944055944055944,0.9770466717674062
cplfw,0.17150376007820387,0.4951048951048951,0.9770466717674062
cplfw,0.1715036322380552,0.4958041958041958,0.9770466717674062
cplfw,0.17149417492741534,0.4965034965034965,0.9770466717674062
cplfw,0.17130555997754782,0.4972027972027972,0.9770466717674062
cplfw,0.17129292244145203,0.4979020979020979,0.9770466717674062
cplfw,0.17126769755860757,0.4986013986013986,0.9770466717674062
cplfw,0.17103064069274748,0.4993006993006993,0.9770466717674062
cplfw,0.1708876378631316,0.5,0.9770466717674062
cplfw,0.17057288877445753,0.5006993006993007,0.9770466717674062
cplfw,0.17055870263976128,0.5013986013986014,0.9770466717674062
cplfw,0.1705041888904105,0.5020979020979021,0.9770466717674062
cplfw,0.17045071542286963,0.5027972027972027,0.9770466717674062
cplfw,0.170296574206391,0.5034965034965035,0.9770466717674062
cplfw,0.17014312952977884,0.5041958041958042,0.9770466717674062
cplfw,0.17009178749658513,0.5048951048951049,0.9770466717674062
cplfw,0.17008546476674258,0.5055944055944056,0.9770466717674062
cplfw,0.17003842620975165,0.5062937062937063,0.9770466717674062
cplfw,0.16990219848978805,0.5062937062937063,0.9778117827084928
cplfw,0.16970947519706706,0.506993006993007,0.9778117827084928
cplfw,0.16958636173237768,0.5076923076923077,0.9778117827084928
cplfw,0.1695779255134232,0.5083916083916084,0.9778117827084928
cplfw,0.16941837764938664,0.509090909090909,0.9778117827084928
cplfw,0.16935613989263526,0.5097902097902098,0.9778117827084928
cplfw,0.16927581749751452,0.5104895104895105,0.9778117827084928
cplfw,0.16920191404064228,0.5111888111888112,0.9778117827084928
cplfw,0.16896152084358704,0.5118881118881119,0.9778117827084928
cplfw,0.16884348608634073,0.5125874125874126,0.9778117827084928
cplfw,0.16879421879190684,0.5132867132867133,0.9778117827084928
cplfw,0.16869968024274823,0.513986013986014,0.9778117827084928
cplfw,0.1686907001916627,0.513986013986014,0.9785768936495792
cplfw,0.16856831665031397,0.5146853146853146,0.9785768936495792
cplfw,0.1685140933785775,0.5153846153846153,0.9785768936495792
cplfw,0.16842773072021128,0.5160839160839161,0.9785768936495792
cplfw,0.1683769925036185,0.5167832167832168,0.9785768936495792
cplfw,0.16819627093453868,0.5174825174825175,0.9785768936495792
cplfw,0.16787929063752874,0.5181818181818182,0.9785768936495792
cplfw,0.16741447973276505,0.5188811188811189,0.9785768936495792
cplfw,0.16714454248193722,0.5195804195804196,0.9785768936495792
cplfw,0.1671294313514644,0.5202797202797202,0.9785768936495792
cplfw,0.16693944429890903,0.5209790209790209,0.9785768936495792
cplfw,0.16693630818265115,0.5216783216783217,0.9785768936495792
cplfw,0.16670776891439126,0.5223776223776224,0.9785768936495792
cplfw,0.16660341917908741,0.5230769230769231,0.9785768936495792
cplfw,0.16655506487510377,0.5237762237762238,0.9785768936495792
cplfw,0.1662845688734752,0.5244755244755245,0.9785768936495792
cplfw,0.16614223710129203,0.5251748251748252,0.9785768936495792
cplfw,0.1658667417860754,0.5258741258741259,0.9785768936495792
cplfw,0.1658578142750483,0.5258741258741259,0.9793420045906657
cplfw,0.1658475889813493,0.5265734265734265,0.9793420045906657
cplfw,0.16564212745686785,0.5272727272727272,0.9793420045906657
cplfw,0.16533381313588763,0.527972027972028,0.9793420045906657
cplfw,0.16506835805679804,0.5286713286713287,0.9793420045906657
cplfw,0.16491750727269378,0.5293706293706294,0.9793420045906657
cplfw,0.16478599181213768,0.5300699300699301,0.9793420045906657
cplfw,0.16462071237993975,0.5307692307692308,0.9793420045906657
cplfw,0.16441444410272557,0.5314685314685315,0.9793420045906657
cplfw,0.16402731527377074,0.5321678321678321,0.9793420045906657
cplfw,0.164015528897903,0.5328671328671328,0.9793420045906657
cplfw,0.16352934791777143,0.5335664335664335,0.9793420045906657
cplfw,0.16321934384984116,0.5342657342657343,0.9793420045906657
cplfw,0.1630759020410208,0.534965034965035,0.9793420045906657
cplfw,0.16279756754453661,0.5356643356643357,0.9793420045906657
cplfw,0.16267185782344004,0.5363636363636364,0.9793420045906657
cplfw,0.16257561042476032,0.5370629370629371,0.9793420045906657
cplfw,0.16257430377692755,0.5370629370629371,0.9801071155317521
cplfw,0.16243625850544643,0.5377622377622377,0.9801071155317521
cplfw,0.16241597787659898,0.5384615384615384,0.9801071155317521
cplfw,0.16238738575115827,0.5391608391608391,0.9801071155317521
cplfw,0.1622100964006554,0.5398601398601398,0.9801071155317521
cplfw,0.16201836761664387,0.5405594405594406,0.9801071155317521
cplfw,0.1618187516333079,0.5412587412587413,0.9801071155317521
cplfw,0.16180100854814838,0.541958041958042,0.9801071155317521
cplfw,0.16178003320696535,0.5426573426573427,0.9801071155317521
cplfw,0.161402094904942,0.5433566433566434,0.9801071155317521
cplfw,0.16127587342861516,0.544055944055944,0.9801071155317521
cplfw,0.16118800254947646,0.5447552447552447,0.9801071155317521
cplfw,0.16111516333025355,0.5447552447552447,0.9808722264728386
cplfw,0.1609576166000595,0.5454545454545454,0.9808722264728386
cplfw,0.16047992089559535,0.5461538461538461,0.9808722264728386
cplfw,0.1604614956465248,0.5468531468531469,0.9808722264728386
cplfw,0.15997899693625725,0.5475524475524476,0.9808722264728386
cplfw,0.15959896028265422,0.5482517482517483,0.9808722264728386
cplfw,0.15929703973743506,0.548951048951049,0.9808722264728386
cplfw,0.1592814271716056,0.5496503496503496,0.9808722264728386
cplfw,0.15922736608958307,0.5503496503496503,0.9808722264728386
cplfw,0.15919308529749307,0.551048951048951,0.9808722264728386
cplfw,0.15914478710892874,0.5517482517482517,0.9808722264728386
cplfw,0.15907637337206637,0.5524475524475524,0.9808722264728386
cplfw,0.15897337050471466,0.5531468531468532,0.9808722264728386
cplfw,0.15843498961612346,0.5538461538461539,0.9808722264728386
cplfw,0.15817170846280398,0.5545454545454546,0.9808722264728386
cplfw,0.15816582408902696,0.5552447552447553,0.9808722264728386
cplfw,0.15809191806573025,0.5559440559440559,0.9808722264728386
cplfw,0.1579981541331369,0.5566433566433566,0.9808722264728386
cplfw,0.1578058642685046,0.5573426573426573,0.9808722264728386
cplfw,0.1575556712289921,0.558041958041958,0.9808722264728386
cplfw,0.15733481192407428,0.5587412587412588,0.9808722264728386
cplfw,0.15725445233865357,0.5594405594405595,0.9808722264728386
cplfw,0.15720682167260752,0.5601398601398602,0.9808722264728386
cplfw,0.15685432411416741,0.5608391608391609,0.9808722264728386
cplfw,0.1567658455169522,0.5615384615384615,0.9808722264728386
cplfw,0.15666241304080866,0.5622377622377622,0.9808722264728386
cplfw,0.1565518603454222,0.5629370629370629,0.9808722264728386
cplfw,0.1563919343514767,0.5636363636363636,0.9808722264728386
cplfw,0.15619837158443142,0.5643356643356643,0.9808722264728386
cplfw,0.1560555829160014,0.5650349650349651,0.9808722264728386
cplfw,0.1555915473163047,0.5650349650349651,0.981637337413925
cplfw,0.15550383708497953,0.5657342657342658,0.981637337413925
cplfw,0.15542193953701752,0.5664335664335665,0.981637337413925
cplfw,0.15512325273214256,0.5671328671328671,0.981637337413925
cplfw,0.15508568945051387,0.5678321678321678,0.981637337413925
cplfw,0.15485782457129763,0.5685314685314685,0.981637337413925
cplfw,0.1548521805716194,0.5692307692307692,0.981637337413925
cplfw,0.15389441594547743,0.5699300699300699,0.981637337413925
cplfw,0.15384646436882424,0.5706293706293706,0.981637337413925
cplfw,0.15343555771579834,0.5713286713286714,0.981637337413925
cplfw,0.1533334344425985,0.5720279720279721,0.981637337413925
cplfw,0.1532919346806331,0.5727272727272728,0.981637337413925
cplfw,0.15321081096504707,0.5734265734265734,0.981637337413925
cplfw,0.15315112489916932,0.5741258741258741,0.981637337413925
cplfw,0.15300964407445972,0.5748251748251748,0.981637337413925
cplfw,0.1529762152400083,0.5755244755244755,0.981637337413925
cplfw,0.15295178754080424,0.5762237762237762,0.981637337413925
cplfw,0.15293799907801758,0.5769230769230769,0.981637337413925
cplfw,0.15290207542410805,0.5776223776223777,0.981637337413925
cplfw,0.15224389160157023,0.5783216783216784,0.981637337413925
cplfw,0.1521801418383526,0.579020979020979,0.981637337413925
cplfw,0.15201272119596618,0.5797202797202797,0.981637337413925
cplfw,0.1519695386783488,0.5804195804195804,0.981637337413925
cplfw,0.15196682398383812,0.5811188811188811,0.981637337413925
cplfw,0.151918962978564,0.5818181818181818,0.981637337413925
cplfw,0.1517349778675977,0.5825174825174825,0.981637337413925
cplfw,0.15165675668201914,0.5832167832167832,0.981637337413925
cplfw,0.15149256222332122,0.583916083916084,0.981637337413925
cplfw,0.15146025752644615,0.5846153846153846,0.981637337413925
cplfw,0.15134442980949708,0.5853146853146853,0.981637337413925
cplfw,0.15129749787012098,0.586013986013986,0.981637337413925
cplfw,0.1511884527632766,0.5867132867132867,0.981637337413925
cplfw,0.1511866904474317,0.5874125874125874,0.981637337413925
cplfw,0.15115750216498325,0.5881118881118881,0.981637337413925
cplfw,0.15114641208348215,0.5888111888111888,0.981637337413925
cplfw,0.1504517914184192,0.5895104895104896,0.981637337413925
cplfw,0.1501771157064136,0.5902097902097903,0.981637337413925
cplfw,0.14980318765949413,0.5909090909090909,0.981637337413925
cplfw,0.1494794026971718,0.5916083916083916,0.981637337413925
cplfw,0.1492991697530915,0.5923076923076923,0.981637337413925
cplfw,0.1487022525567395,0.593006993006993,0.981637337413925
cplfw,0.14863077101754157,0.5937062937062937,0.981637337413925
cplfw,0.14806063233873223,0.5944055944055944,0.981637337413925
cplfw,0.14787231356867045,0.5951048951048951,0.981637337413925
cplfw,0.14745577207402966,0.5958041958041959,0.981637337413925
cplfw,0.14713788531528849,0.5965034965034965,0.981637337413925
cplfw,0.14713024251663356,0.5972027972027972,0.981637337413925
cplfw,0.14697201741849875,0.5979020979020979,0.981637337413925
cplfw,0.14695825793141432,0.5986013986013986,0.981637337413925
cplfw,0.14695145359148,0.5993006993006993,0.981637337413925
cplfw,0.14652890896332327,0.6,0.981637337413925
cplfw,0.14651898191891058,0.6006993006993007,0.981637337413925
cplfw,0.14637641589698666,0.6006993006993007,0.9824024483550114
cplfw,0.1462409435476459,0.6013986013986014,0.9824024483550114
cplfw,0.14621896061742026,0.6020979020979021,0.9824024483550114
cplfw,0.14620799756173353,0.6027972027972028,0.9824024483550114
cplfw,0.1461954761847925,0.6034965034965035,0.9824024483550114
cplfw,0.1452901451702979,0.6041958041958042,0.9824024483550114
cplfw,0.14522766408639154,0.6048951048951049,0.9824024483550114
cplfw,0.14518436521150935,0.6055944055944056,0.9824024483550114
cplfw,0.1448514401224866,0.6062937062937063,0.9824024483550114
cplfw,0.14484883674364712,0.606993006993007,0.9824024483550114
cplfw,0.1446225180328717,0.6076923076923076,0.9824024483550114
cplfw,0.14454700715261048,0.6083916083916084,0.9824024483550114
cplfw,0.14418099139610255,0.6083916083916084,0.9831675592960979
cplfw,0.1437472284058497,0.6090909090909091,0.9831675592960979
cplfw,0.1435830411889356,0.6097902097902098,0.9831675592960979
cplfw,0.14352818542290227,0.6104895104895105,0.9831675592960979
cplfw,0.1434818845166669,0.6111888111888112,0.9831675592960979
cplfw,0.14332744391233956,0.6118881118881119,0.9831675592960979
cplfw,0.14317082240298862,0.6125874125874126,0.9831675592960979
cplfw,0.14288190025981,0.6132867132867132,0.9831675592960979
cplfw,0.14286916829677557,0.6139860139860139,0.9831675592960979
cplfw,0.1425770979163847,0.6146853146853147,0.9831675592960979
cplfw,0.14238815057628113,0.6153846153846154,0.9831675592960979
cplfw,0.1423748922470541,0.6160839160839161,0.9831675592960979
cplfw,0.14235245867194574,0.6167832167832168,0.9831675592960979
cplfw,0.14230345665900831,0.6174825174825175,0.9831675592960979
cplfw,0.14227798105664538,0.6181818181818182,0.9831675592960979
cplfw,0.14224434073752873,0.6188811188811189,0.9831675592960979
cplfw,0.1422072529867879,0.6195804195804195,0.9831675592960979
cplfw,0.14212817331052166,0.6202797202797202,0.9831675592960979
cplfw,0.14193678538089358,0.620979020979021,0.9831675592960979
cplfw,0.14190285056993338,0.6216783216783217,0.9831675592960979
cplfw,0.14186739329791817,0.6223776223776224,0.9831675592960979
cplfw,0.14156666196808854,0.6230769230769231,0.9831675592960979
cplfw,0.1415176614404633,0.6237762237762238,0.9831675592960979
cplfw,0.14120793269545306,0.6244755244755245,0.9831675592960979
cplfw,0.14116568425456769,0.6251748251748251,0.9831675592960979
cplfw,0.14115172000250753,0.6258741258741258,0.9831675592960979
cplfw,0.1411203502209936,0.6265734265734266,0.9831675592960979
cplfw,0.1410348815276373,0.6272727272727273,0.9831675592960979
cplfw,0.14085784808920207,0.627972027972028,0.9831675592960979
cplfw,0.14062814105078603,0.6286713286713287,0.9831675592960979
cplfw,0.13974662958508488,0.6293706293706294,0.9831675592960979
cplfw,0.13934643985172454,0.6300699300699301,0.9831675592960979
cplfw,0.1390743257304655,0.6300699300699301,0.9839326702371843
cplfw,0.13902512186389013,0.6307692307692307,0.9839326702371843
cplfw,0.13901978259781148,0.6314685314685314,0.9839326702371843
cplfw,0.1388631991156752,0.6321678321678321,0.9839326702371843
cplfw,0.1387566031255372,0.6328671328671329,0.9839326702371843
cplfw,0.13824645221243265,0.6335664335664336,0.9839326702371843
cplfw,0.13823707729589707,0.6342657342657343,0.9839326702371843
cplfw,0.13799765108185022,0.634965034965035,0.9839326702371843
cplfw,0.1378189256148822,0.6356643356643357,0.9839326702371843
cplfw,0.13775386363903067,0.6363636363636364,0.9839326702371843
cplfw,0.1376551156184,0.637062937062937,0.9839326702371843
cplfw,0.13745285872031554,0.6377622377622377,0.9839326702371843
cplfw,0.1369313479374525,0.6384615384615384,0.9839326702371843
cplfw,0.1367466843424274,0.6391608391608392,0.9839326702371843
cplfw,0.13663496540087383,0.6398601398601399,0.9839326702371843
cplfw,0.13643431257756125,0.6405594405594406,0.9839326702371843
cplfw,0.1363829748056471,0.6412587412587413,0.9839326702371843
cplfw,0.13622895598806173,0.641958041958042,0.9839326702371843
cplfw,0.13617056205821917,0.6426573426573426,0.9839326702371843
cplfw,0.13615919801212345,0.6433566433566433,0.9839326702371843
cplfw,0.13588853703268503,0.644055944055944,0.9839326702371843
cplfw,0.1358803757312575,0.6447552447552447,0.9839326702371843
cplfw,0.13581800279203227,0.6454545454545455,0.9839326702371843
cplfw,0.13538195118928295,0.6461538461538462,0.9839326702371843
cplfw,0.13499212934135296,0.6468531468531469,0.9839326702371843
cplfw,0.1349063225634794,0.6475524475524476,0.9839326702371843
cplfw,0.13478496963417963,0.6482517482517482,0.9839326702371843
cplfw,0.1344815513806957,0.6489510489510489,0.9839326702371843
cplfw,0.13391295750894153,0.6496503496503496,0.9839326702371843
cplfw,0.13363609646844457,0.6503496503496503,0.9839326702371843
cplfw,0.13358105191923908,0.651048951048951,0.9839326702371843
cplfw,0.13356322602676088,0.6517482517482518,0.9839326702371843
cplfw,0.13350618402206368,0.6524475524475525,0.9839326702371843
cplfw,0.13328796891326955,0.6524475524475525,0.9846977811782709
cplfw,0.1330342185425348,0.6531468531468532,0.9846977811782709
cplfw,0.1329295856724708,0.6538461538461539,0.9846977811782709
cplfw,0.13276156239081924,0.6545454545454545,0.9846977811782709
cplfw,0.1323727577732975,0.6552447552447552,0.9846977811782709
cplfw,0.13229355717015062,0.6559440559440559,0.9846977811782709
cplfw,0.13190427089804754,0.6566433566433566,0.9846977811782709
cplfw,0.13186395433111606,0.6573426573426573,0.9846977811782709
cplfw,0.13163291100092026,0.6580419580419581,0.9846977811782709
cplfw,0.13159059108328292,0.6587412587412588,0.9846977811782709
cplfw,0.1313575790151576,0.6594405594405595,0.9846977811782709
cplfw,0.13130435092281706,0.6601398601398601,0.9846977811782709
cplfw,0.13118179095924848,0.6608391608391608,0.9846977811782709
cplfw,0.13110755263060792,0.6615384615384615,0.9846977811782709
cplfw,0.13101535107787793,0.6622377622377622,0.9846977811782709
cplfw,0.13081975724429082,0.6629370629370629,0.9846977811782709
cplfw,0.13033393759340206,0.6636363636363637,0.9846977811782709
cplfw,0.13005751079864306,0.6643356643356644,0.9846977811782709
cplfw,0.13002463697395863,0.6650349650349651,0.9846977811782709
cplfw,0.1299555002874014,0.6657342657342658,0.9846977811782709
cplfw,0.12977799152788216,0.6664335664335664,0.9846977811782709
cplfw,0.129736456514998,0.6671328671328671,0.9846977811782709
cplfw,0.12929207386075137,0.6678321678321678,0.9846977811782709
cplfw,0.12897049145286554,0.6685314685314685,0.9846977811782709
cplfw,0.1289436827023341,0.6692307692307692,0.9846977811782709
cplfw,0.12876975526686352,0.66993006993007,0.9846977811782709
cplfw,0.127543616317621,0.6706293706293707,0.9846977811782709
cplfw,0.1274175773496661,0.6713286713286714,0.9846977811782709
cplfw,0.12692451768043683,0.672027972027972,0.9846977811782709
cplfw,0.12684144319534327,0.6727272727272727,0.9846977811782709
cplfw,0.1265386674673656,0.6734265734265734,0.9846977811782709
cplfw,0.12604475007320107,0.6741258741258741,0.9846977811782709
cplfw,0.12599665339644775,0.6741258741258741,0.9854628921193573
cplfw,0.1259268431697848,0.6748251748251748,0.9854628921193573
cplfw,0.12523778287348036,0.6755244755244755,0.9854628921193573
cplfw,0.1251977056542919,0.6762237762237763,0.9854628921193573
cplfw,0.1251358662209621,0.676923076923077,0.9854628921193573
cplfw,0.1249165473003415,0.6776223776223776,0.9854628921193573
cplfw,0.12483507486907802,0.6783216783216783,0.9854628921193573
cplfw,0.12478797931787161,0.679020979020979,0.9854628921193573
cplfw,0.12446482965469435,0.6797202797202797,0.9854628921193573
cplfw,0.12438044401134085,0.6804195804195804,0.9854628921193573
cplfw,0.12405997421106228,0.6811188811188811,0.9854628921193573
cplfw,0.12334894898702095,0.6818181818181818,0.9854628921193573
cplfw,0.12318444946702117,0.6818181818181818,0.9862280030604438
cplfw,0.12308717959817018,0.6825174825174826,0.9862280030604438
cplfw,0.12289593198202828,0.6832167832167833,0.9862280030604438
cplfw,0.12242407939386343,0.6839160839160839,0.9862280030604438
cplfw,0.12224222205427776,0.6846153846153846,0.9862280030604438
cplfw,0.12220064348158116,0.6853146853146853,0.9862280030604438
cplfw,0.12202444776538096,0.686013986013986,0.9862280030604438
cplfw,0.1218267194409712,0.6867132867132867,0.9862280030604438
cplfw,0.12181894976269758,0.6874125874125874,0.9862280030604438
cplfw,0.1216824555282965,0.6881118881118881,0.9862280030604438
cplfw,0.12142270523778526,0.6888111888111889,0.9862280030604438
cplfw,0.12129929455182084,0.6895104895104895,0.9862280030604438
cplfw,0.1212233041869837,0.6902097902097902,0.9862280030604438
cplfw,0.1210837890252121,0.6909090909090909,0.9862280030604438
cplfw,0.12105401433769145,0.6916083916083916,0.9862280030604438
cplfw,0.12104271563096217,0.6923076923076923,0.9862280030604438
cplfw,0.12071115955154656,0.693006993006993,0.9862280030604438
cplfw,0.12061953108342834,0.6937062937062937,0.9862280030604438
cplfw,0.1202770725740521,0.6944055944055944,0.9862280030604438
cplfw,0.12013586256304556,0.6951048951048951,0.9862280030604438
cplfw,0.11991292996450531,0.6958041958041958,0.9862280030604438
cplfw,0.11964945344699981,0.6965034965034965,0.9862280030604438
cplfw,0.11962918051165415,0.6972027972027972,0.9862280030604438
cplfw,0.11950174267945435,0.6979020979020979,0.9862280030604438
cplfw,0.1194221964344728,0.6986013986013986,0.9862280030604438
cplfw,0.11916791963027228,0.6993006993006993,0.9862280030604438
cplfw,0.11909182848071512,0.7,0.9862280030604438
cplfw,0.11898448094856552,0.7006993006993008,0.9862280030604438
cplfw,0.1188251653147619,0.7013986013986014,0.9862280030604438
cplfw,0.118730343155507,0.7020979020979021,0.9862280030604438
cplfw,0.11861239679789569,0.7027972027972028,0.9862280030604438
cplfw,0.11850742360285216,0.7027972027972028,0.9869931140015302
cplfw,0.11835974079668848,0.7034965034965035,0.9869931140015302
cplfw,0.11830273160403126,0.7041958041958042,0.9869931140015302
cplfw,0.11810215037681755,0.7048951048951049,0.9869931140015302
cplfw,0.1180816735465228,0.7055944055944056,0.9869931140015302
cplfw,0.11801685873046493,0.7062937062937062,0.9869931140015302
cplfw,0.11799634676322433,0.706993006993007,0.9869931140015302
cplfw,0.11765365177451645,0.7076923076923077,0.9869931140015302
cplfw,0.11725525971421959,0.7083916083916084,0.9869931140015302
cplfw,0.11706785097154263,0.7090909090909091,0.9869931140015302
cplfw,0.1169163485147755,0.7097902097902098,0.9869931140015302
cplfw,0.11677229251539514,0.7104895104895105,0.9869931140015302
cplfw,0.11625419195375405,0.7111888111888112,0.9869931140015302
cplfw,0.11611994959721308,0.7118881118881119,0.9869931140015302
cplfw,0.11551718214061923,0.7125874125874125,0.9869931140015302
cplfw,0.11544430689363476,0.7132867132867133,0.9869931140015302
cplfw,0.11535698144356457,0.713986013986014,0.9869931140015302
cplfw,0.11523282098288117,0.7146853146853147,0.9869931140015302
cplfw,0.11514015566207517,0.7153846153846154,0.9869931140015302
cplfw,0.11495727389046694,0.7160839160839161,0.9869931140015302
cplfw,0.11491270517348753,0.7167832167832168,0.9869931140015302
cplfw,0.11484625651066685,0.7174825174825175,0.9869931140015302
cplfw,0.11481521038258047,0.7181818181818181,0.9869931140015302
cplfw,0.11465252999770453,0.7188811188811188,0.9869931140015302
cplfw,0.11447669232170624,0.7195804195804196,0.9869931140015302
cplfw,0.11415296228722875,0.7202797202797203,0.9869931140015302
cplfw,0.11347122815552928,0.720979020979021,0.9869931140015302
cplfw,0.11339632841764405,0.7216783216783217,0.9869931140015302
cplfw,0.11326846805382373,0.7223776223776224,0.9869931140015302
cplfw,0.11240034445719689,0.7230769230769231,0.9869931140015302
cplfw,0.11226106242079363,0.7237762237762237,0.9869931140015302
cplfw,0.11220893951321516,0.7244755244755244,0.9869931140015302
cplfw,0.11206715782033719,0.7251748251748251,0.9869931140015302
cplfw,0.11194350105196929,0.7258741258741259,0.9869931140015302
cplfw,0.11161864981526474,0.7265734265734266,0.9869931140015302
cplfw,0.11096171001404656,0.7272727272727273,0.9869931140015302
cplfw,0.11094670157640024,0.727972027972028,0.9869931140015302
cplfw,0.110827982322146,0.7286713286713287,0.9869931140015302
cplfw,0.11068599815633029,0.7293706293706294,0.9869931140015302
cplfw,0.11053587724888901,0.73006993006993,0.9869931140015302
cplfw,0.1104057428572728,0.7307692307692307,0.9869931140015302
cplfw,0.11008921999519973,0.7314685314685314,0.9869931140015302
cplfw,0.11003597681596584,0.7321678321678322,0.9869931140015302
cplfw,0.1100325053792515,0.7328671328671329,0.9869931140015302
cplfw,0.10969406884944527,0.7335664335664336,0.9869931140015302
cplfw,0.10952799074719127,0.7342657342657343,0.9869931140015302
cplfw,0.10930819115580123,0.734965034965035,0.9869931140015302
cplfw,0.10928046302951105,0.7356643356643356,0.9869931140015302
cplfw,0.1092330267450157,0.7363636363636363,0.9869931140015302
cplfw,0.10921113883732848,0.737062937062937,0.9869931140015302
cplfw,0.10900417091275831,0.7377622377622378,0.9869931140015302
cplfw,0.10891449896830101,0.7384615384615385,0.9869931140015302
cplfw,0.10880687587932943,0.7391608391608392,0.9869931140015302
cplfw,0.10862316039766251,0.7398601398601399,0.9869931140015302
cplfw,0.10823216699583675,0.7405594405594406,0.9869931140015302
cplfw,0.10818058972370997,0.7412587412587412,0.9869931140015302
cplfw,0.10787881071164575,0.7419580419580419,0.9869931140015302
cplfw,0.10783993268823425,0.7426573426573426,0.9869931140015302
cplfw,0.1076902379525521,0.7433566433566433,0.9869931140015302
cplfw,0.10759090987679361,0.7440559440559441,0.9869931140015302
cplfw,0.10718433983863596,0.7447552447552448,0.9869931140015302
cplfw,0.10709156500707465,0.7454545454545455,0.9869931140015302
cplfw,0.1069507146941219,0.7461538461538462,0.9869931140015302
cplfw,0.10591224030770482,0.7468531468531469,0.9869931140015302
cplfw,0.10574047951597465,0.7475524475524475,0.9869931140015302
cplfw,0.10554982729782891,0.7482517482517482,0.9869931140015302
cplfw,0.10549045915062981,0.7489510489510489,0.9869931140015302
cplfw,0.10525386471778798,0.7496503496503496,0.9869931140015302
cplfw,0.10514599574207383,0.7503496503496504,0.9869931140015302
cplfw,0.10505226027975662,0.7510489510489511,0.9869931140015302
cplfw,0.10498026474435207,0.7517482517482518,0.9869931140015302
cplfw,0.10440098291897579,0.7524475524475525,0.9869931140015302
cplfw,0.10406338487291454,0.7531468531468531,0.9869931140015302
cplfw,0.10379533417346112,0.7538461538461538,0.9869931140015302
cplfw,0.10343942846418297,0.7545454545454545,0.9869931140015302
cplfw,0.10280736692048127,0.7545454545454545,0.9877582249426167
cplfw,0.10265681676794294,0.7552447552447552,0.9877582249426167
cplfw,0.10242818586685347,0.7559440559440559,0.9877582249426167
cplfw,0.10210587310561603,0.7566433566433567,0.9877582249426167
cplfw,0.10207637714445181,0.7573426573426574,0.9877582249426167
cplfw,0.10178839771805497,0.7580419580419581,0.9877582249426167
cplfw,0.10142889918554553,0.7587412587412588,0.9877582249426167
cplfw,0.10080449157210924,0.7594405594405594,0.9877582249426167
cplfw,0.1006722107515547,0.7601398601398601,0.9877582249426167
cplfw,0.10062099169709643,0.7608391608391608,0.9877582249426167
cplfw,0.10061901229120644,0.7615384615384615,0.9877582249426167
cplfw,0.10051616716954344,0.7622377622377622,0.9877582249426167
cplfw,0.1003070100345061,0.762937062937063,0.9877582249426167
cplfw,0.10028473013386868,0.7636363636363637,0.9877582249426167
cplfw,0.09961519953592438,0.7643356643356644,0.9877582249426167
cplfw,0.09958375100150194,0.765034965034965,0.9877582249426167
cplfw,0.09957462518686222,0.7657342657342657,0.9877582249426167
cplfw,0.09944626853901457,0.7664335664335664,0.9877582249426167
cplfw,0.0991086098025338,0.7671328671328671,0.9877582249426167
cplfw,0.09845367463226617,0.7678321678321678,0.9877582249426167
cplfw,0.0979150144035272,0.7685314685314686,0.9877582249426167
cplfw,0.09777023203135389,0.7692307692307693,0.9877582249426167
cplfw,0.09769711226930404,0.76993006993007,0.9877582249426167
cplfw,0.09730326868047226,0.7706293706293706,0.9877582249426167
cplfw,0.09711591121900401,0.7706293706293706,0.9885233358837031
cplfw,0.09661605976205673,0.7713286713286713,0.9885233358837031
cplfw,0.0953030705993125,0.772027972027972,0.9885233358837031
cplfw,0.09512138982754616,0.7727272727272727,0.9885233358837031
cplfw,0.09501371147604806,0.7727272727272727,0.9892884468247896
cplfw,0.09484898238527388,0.7727272727272727,0.990053557765876
cplfw,0.09454882386992093,0.7734265734265734,0.990053557765876
cplfw,0.09439945475238813,0.7741258741258741,0.990053557765876
cplfw,0.09438915496427702,0.7748251748251749,0.990053557765876
cplfw,0.09423851903818549,0.7755244755244756,0.990053557765876
cplfw,0.09423040246256936,0.7762237762237763,0.990053557765876
cplfw,0.09415711267212261,0.7769230769230769,0.990053557765876
cplfw,0.09393925371940276,0.7776223776223776,0.990053557765876
cplfw,0.09370646444207255,0.7783216783216783,0.990053557765876
cplfw,0.09323705720680857,0.7783216783216783,0.9908186687069626
cplfw,0.09289934551926438,0.779020979020979,0.9908186687069626
cplfw,0.09243708507741681,0.7797202797202797,0.9908186687069626
cplfw,0.09226025753376431,0.7804195804195804,0.9908186687069626
cplfw,0.09205437512419605,0.7811188811188812,0.9908186687069626
cplfw,0.0919673038445406,0.7818181818181819,0.9908186687069626
cplfw,0.09152639894557686,0.7825174825174825,0.9908186687069626
cplfw,0.09147200976304551,0.7832167832167832,0.9908186687069626
cplfw,0.09137289192433769,0.7839160839160839,0.9908186687069626
cplfw,0.09093987958211244,0.7846153846153846,0.9908186687069626
cplfw,0.09065357000525148,0.7853146853146853,0.9908186687069626
cplfw,0.0901260898027067,0.786013986013986,0.9908186687069626
cplfw,0.08991475228334704,0.7867132867132867,0.9908186687069626
cplfw,0.08986904892670435,0.7874125874125875,0.9908186687069626
cplfw,0.0898314004944187,0.7881118881118881,0.9908186687069626
cplfw,0.08953156878418297,0.7888111888111888,0.9908186687069626
cplfw,0.08905640975910807,0.7895104895104895,0.9908186687069626
cplfw,0.08896020286258344,0.7902097902097902,0.9908186687069626
cplfw,0.08827978800356802,0.7909090909090909,0.9908186687069626
cplfw,0.0882574389565211,0.7916083916083916,0.9908186687069626
cplfw,0.08816872020905403,0.7923076923076923,0.9908186687069626
cplfw,0.08793961205583807,0.793006993006993,0.9908186687069626
cplfw,0.08727604157022488,0.7937062937062938,0.9908186687069626
cplfw,0.08701517151774815,0.7944055944055944,0.9908186687069626
cplfw,0.08695857800697618,0.7951048951048951,0.9908186687069626
cplfw,0.08679282601073295,0.7958041958041958,0.9908186687069626
cplfw,0.08665695230350792,0.7965034965034965,0.9908186687069626
cplfw,0.08664581589773608,0.7972027972027972,0.9908186687069626
cplfw,0.08638053653485663,0.7979020979020979,0.9908186687069626
cplfw,0.08631039747641583,0.7986013986013986,0.9908186687069626
cplfw,0.08538765937916819,0.7993006993006992,0.9908186687069626
cplfw,0.08508348977238323,0.8,0.9908186687069626
cplfw,0.08487109652177889,0.8006993006993007,0.9908186687069626
cplfw,0.08464178621362271,0.8013986013986014,0.9908186687069626
cplfw,0.08387013068756258,0.8020979020979021,0.9908186687069626
cplfw,0.08353726828006804,0.8027972027972028,0.9908186687069626
cplfw,0.08352954125036093,0.8034965034965035,0.9908186687069626
cplfw,0.08322135167223342,0.8041958041958042,0.9908186687069626
cplfw,0.08187047508669489,0.8048951048951049,0.9908186687069626
cplfw,0.08158290940701399,0.8055944055944056,0.9908186687069626
cplfw,0.08041144832027944,0.8062937062937063,0.9908186687069626
cplfw,0.0801072816144,0.806993006993007,0.9908186687069626
cplfw,0.0800265769612539,0.8076923076923077,0.9908186687069626
cplfw,0.07992508286203642,0.8083916083916084,0.9908186687069626
cplfw,0.07972601150043686,0.8090909090909091,0.9908186687069626
cplfw,0.079279218092485,0.8097902097902098,0.9908186687069626
cplfw,0.07910882490900152,0.8104895104895105,0.9908186687069626
cplfw,0.07910695013238282,0.8111888111888111,0.9908186687069626
cplfw,0.07903454568961596,0.8118881118881119,0.9908186687069626
cplfw,0.07870551955686933,0.8125874125874126,0.9908186687069626
cplfw,0.07850782351001696,0.8132867132867133,0.9908186687069626
cplfw,0.078191930563648,0.813986013986014,0.9908186687069626
cplfw,0.07816463716816642,0.8146853146853147,0.9908186687069626
cplfw,0.0773874420828929,0.8153846153846154,0.9908186687069626
cplfw,0.07701141841664459,0.8160839160839161,0.9908186687069626
cplfw,0.07683623616791292,0.8167832167832167,0.9908186687069626
cplfw,0.07683136150119832,0.8174825174825174,0.9908186687069626
cplfw,0.07655477972174558,0.8181818181818182,0.9908186687069626
cplfw,0.07639723814513819,0.8188811188811189,0.9908186687069626
cplfw,0.07605959038873539,0.8195804195804196,0.9908186687069626
cplfw,0.07560421159728271,0.8202797202797203,0.9908186687069626
cplfw,0.07555606138426785,0.820979020979021,0.9908186687069626
cplfw,0.07540321434115559,0.8216783216783217,0.9908186687069626
cplfw,0.07490962337044357,0.8223776223776224,0.9908186687069626
cplfw,0.0748760103093564,0.823076923076923,0.9908186687069626
cplfw,0.07411600464078959,0.8237762237762237,0.9908186687069626
cplfw,0.07409079684542283,0.8244755244755245,0.9908186687069626
cplfw,0.0736815982748404,0.8251748251748252,0.9908186687069626
cplfw,0.07363111940699638,0.8258741258741259,0.9908186687069626
cplfw,0.0730020382923827,0.8265734265734266,0.9908186687069626
cplfw,0.07176404859592801,0.8272727272727273,0.9908186687069626
cplfw,0.0715064560099303,0.827972027972028,0.9908186687069626
cplfw,0.07131659175848754,0.8286713286713286,0.9908186687069626
cplfw,0.07112737240899134,0.8293706293706293,0.9908186687069626
cplfw,0.0707442827337491,0.83006993006993,0.9908186687069626
cplfw,0.0698983144296039,0.8307692307692308,0.9908186687069626
cplfw,0.06985109547945423,0.8314685314685315,0.9908186687069626
cplfw,0.06941273077151658,0.8321678321678322,0.9908186687069626
cplfw,0.06932440965226691,0.8328671328671329,0.9908186687069626
cplfw,0.06920508377878694,0.8335664335664336,0.9908186687069626
cplfw,0.06908755892128574,0.8342657342657342,0.9908186687069626
cplfw,0.06907387429094415,0.8349650349650349,0.9908186687069626
cplfw,0.06906639499583034,0.8356643356643356,0.9908186687069626
cplfw,0.06902457005735123,0.8363636363636363,0.9908186687069626
cplfw,0.06873638819902728,0.8370629370629371,0.9908186687069626
cplfw,0.06855134455995668,0.8377622377622378,0.9908186687069626
cplfw,0.06757807631354074,0.8384615384615385,0.9908186687069626
cplfw,0.06704070116831717,0.8391608391608392,0.9908186687069626
cplfw,0.06660273444277877,0.8398601398601399,0.9908186687069626
cplfw,0.06612676986582627,0.8405594405594405,0.9908186687069626
cplfw,0.0655107726273769,0.8412587412587412,0.9908186687069626
cplfw,0.06516990416398816,0.8419580419580419,0.9908186687069626
cplfw,0.06508716230873907,0.8426573426573427,0.9908186687069626
cplfw,0.06494795917043329,0.8426573426573427,0.991583779648049
cplfw,0.06473579223002428,0.8433566433566434,0.991583779648049
cplfw,0.06455388006467978,0.8440559440559441,0.991583779648049
cplfw,0.0645517700113009,0.8447552447552448,0.991583779648049
cplfw,0.0644425133151757,0.8454545454545455,0.991583779648049
cplfw,0.06392407400043139,0.8461538461538461,0.991583779648049
cplfw,0.06356122022383885,0.8468531468531468,0.991583779648049
cplfw,0.06316538188763872,0.8475524475524475,0.991583779648049
cplfw,0.06293757113527922,0.8482517482517482,0.991583779648049
cplfw,0.062166492245886384,0.848951048951049,0.991583779648049
cplfw,0.062107443473163826,0.8496503496503497,0.991583779648049
cplfw,0.061900195172208725,0.8503496503496504,0.991583779648049
cplfw,0.06185239752258339,0.8510489510489511,0.991583779648049
cplfw,0.06172696361149058,0.8517482517482518,0.991583779648049
cplfw,0.06104556786823839,0.8524475524475524,0.991583779648049
cplfw,0.06099082075092542,0.8531468531468531,0.991583779648049
cplfw,0.06029123686451486,0.8538461538461538,0.991583779648049
cplfw,0.060207498311024496,0.8545454545454545,0.991583779648049
cplfw,0.060000382436944166,0.8552447552447553,0.991583779648049
cplfw,0.059198845188014174,0.855944055944056,0.991583779648049
cplfw,0.05903980587300562,0.8566433566433567,0.991583779648049
cplfw,0.058748911529184704,0.8573426573426574,0.991583779648049
cplfw,0.058649385304825274,0.858041958041958,0.991583779648049
cplfw,0.058615929118631976,0.8587412587412587,0.991583779648049
cplfw,0.057848539055869674,0.8594405594405594,0.991583779648049
cplfw,0.0572472593527204,0.8601398601398601,0.991583779648049
cplfw,0.05722192193120483,0.8608391608391608,0.991583779648049
cplfw,0.056745638431913034,0.8615384615384616,0.991583779648049
cplfw,0.05599905730092225,0.8622377622377623,0.991583779648049
cplfw,0.0558031058095404,0.862937062937063,0.991583779648049
cplfw,0.05565198633270045,0.8636363636363636,0.991583779648049
cplfw,0.05499672682820585,0.8636363636363636,0.9923488905891354
cplfw,0.0549265415955324,0.8643356643356643,0.9923488905891354
cplfw,0.0545713634775068,0.865034965034965,0.9923488905891354
cplfw,0.0545231766887797,0.8657342657342657,0.9923488905891354
cplfw,0.05438357793525268,0.8664335664335664,0.9923488905891354
cplfw,0.05421555422627739,0.8671328671328671,0.9923488905891354
cplfw,0.053770357648157886,0.8678321678321679,0.9923488905891354
cplfw,0.05366210682325927,0.8685314685314686,0.9923488905891354
cplfw,0.05324799781028544,0.8692307692307693,0.9923488905891354
cplfw,0.053184817462284886,0.8699300699300699,0.9923488905891354
cplfw,0.05307551919464306,0.8706293706293706,0.9923488905891354
cplfw,0.052807536975825034,0.8713286713286713,0.9923488905891354
cplfw,0.05247604163935149,0.872027972027972,0.9923488905891354
cplfw,0.051539059379171054,0.8727272727272727,0.9923488905891354
cplfw,0.05117129837796529,0.8734265734265734,0.9923488905891354
cplfw,0.05099001439159354,0.8741258741258742,0.9923488905891354
cplfw,0.05091242180295267,0.8748251748251749,0.9923488905891354
cplfw,0.050427590235480366,0.8755244755244755,0.9923488905891354
cplfw,0.050329422060791384,0.8762237762237762,0.9923488905891354
cplfw,0.0502990280987584,0.8769230769230769,0.9923488905891354
cplfw,0.050223420517813186,0.8776223776223776,0.9923488905891354
cplfw,0.05015883330367144,0.8783216783216783,0.9923488905891354
cplfw,0.04963308702401387,0.879020979020979,0.9923488905891354
cplfw,0.049082545859090505,0.8797202797202798,0.9923488905891354
cplfw,0.04899939445125257,0.8804195804195805,0.9923488905891354
cplfw,0.048830490196187376,0.8811188811188811,0.9923488905891354
cplfw,0.04870668868261025,0.8818181818181818,0.9923488905891354
cplfw,0.04838651814882004,0.8825174825174825,0.9923488905891354
cplfw,0.048205091349035945,0.8832167832167832,0.9923488905891354
cplfw,0.047935993533066226,0.8839160839160839,0.9923488905891354
cplfw,0.047589154676229366,0.8846153846153846,0.9923488905891354
cplfw,0.04742296029617357,0.8853146853146853,0.9923488905891354
cplfw,0.047149288493023175,0.8860139860139861,0.9923488905891354
cplfw,0.046376051923726534,0.8867132867132868,0.9923488905891354
cplfw,0.04606446102826949,0.8874125874125874,0.9923488905891354
cplfw,0.04448517942029944,0.8874125874125874,0.9931140015302219
cplfw,0.04443982321254348,0.8881118881118881,0.9931140015302219
cplfw,0.04421361335160259,0.8888111888111888,0.9931140015302219
cplfw,0.04356081638686975,0.8895104895104895,0.9931140015302219
cplfw,0.043015788809176024,0.8902097902097902,0.9931140015302219
cplfw,0.042633638522873905,0.8909090909090909,0.9931140015302219
cplfw,0.042307128836291376,0.8916083916083916,0.9931140015302219
cplfw,0.04168635329585453,0.8923076923076924,0.9931140015302219
cplfw,0.041463331754065864,0.893006993006993,0.9931140015302219
cplfw,0.04107076971893334,0.8937062937062937,0.9931140015302219
cplfw,0.04099544085404873,0.8944055944055944,0.9931140015302219
cplfw,0.04065996693646359,0.8951048951048951,0.9931140015302219
cplfw,0.04033903753628135,0.8958041958041958,0.9931140015302219
cplfw,0.03989701406989336,0.8965034965034965,0.9931140015302219
cplfw,0.03873922102201291,0.8972027972027972,0.9931140015302219
cplfw,0.03796756638240598,0.8979020979020979,0.9931140015302219
cplfw,0.03747701459055572,0.8986013986013986,0.9931140015302219
cplfw,0.037446971305911,0.8993006993006993,0.9931140015302219
cplfw,0.03736582291848711,0.9,0.9931140015302219
cplfw,0.03630969840678686,0.9006993006993007,0.9931140015302219
cplfw,0.03623154756233843,0.9013986013986014,0.9931140015302219
cplfw,0.03603337909102956,0.9020979020979021,0.9931140015302219
cplfw,0.03575132950167688,0.9027972027972028,0.9931140015302219
cplfw,0.03553167649054499,0.9034965034965035,0.9931140015302219
cplfw,0.035452486121477035,0.9041958041958041,0.9931140015302219
cplfw,0.03536738578337906,0.9048951048951049,0.9931140015302219
cplfw,0.03523414762045436,0.9055944055944056,0.9931140015302219
cplfw,0.03356717443183988,0.9062937062937063,0.9931140015302219
cplfw,0.033369099942061914,0.906993006993007,0.9931140015302219
cplfw,0.03302506988297256,0.9076923076923077,0.9931140015302219
cplfw,0.032606898832893125,0.9083916083916084,0.9931140015302219
cplfw,0.0318906781353005,0.9090909090909091,0.9931140015302219
cplfw,0.03187975750312919,0.9097902097902097,0.9931140015302219
cplfw,0.03184397280843456,0.9104895104895104,0.9931140015302219
cplfw,0.031744448680525866,0.9111888111888112,0.9931140015302219
cplfw,0.03164345674540786,0.9118881118881119,0.9931140015302219
cplfw,0.03157921593661908,0.9125874125874126,0.9931140015302219
cplfw,0.029692642828671904,0.9132867132867133,0.9931140015302219
cplfw,0.029375703404184113,0.913986013986014,0.9931140015302219
cplfw,0.028948906639057206,0.913986013986014,0.9938791124713083
cplfw,0.028540841503666325,0.9146853146853147,0.9938791124713083
cplfw,0.027035234820986836,0.9153846153846154,0.9938791124713083
cplfw,0.02693251253492083,0.916083916083916,0.9938791124713083
cplfw,0.026840326379492165,0.9167832167832168,0.9938791124713083
cplfw,0.026810470667308725,0.9167832167832168,0.9946442234123948
cplfw,0.02639373585703262,0.9174825174825175,0.9946442234123948
cplfw,0.026304190270193248,0.9181818181818182,0.9946442234123948
cplfw,0.02564184018006661,0.9181818181818182,0.9954093343534812
cplfw,0.025456107273862917,0.9188811188811189,0.9954093343534812
cplfw,0.025278928330963336,0.9195804195804196,0.9954093343534812
cplfw,0.02512037068204932,0.9202797202797203,0.9954093343534812
cplfw,0.025108852426721864,0.920979020979021,0.9954093343534812
cplfw,0.024385452736931497,0.9216783216783216,0.9954093343534812
cplfw,0.02341198488217222,0.9223776223776223,0.9954093343534812
cplfw,0.02326157954648162,0.9230769230769231,0.9954093343534812
cplfw,0.022878118090971143,0.9237762237762238,0.9954093343534812
cplfw,0.0228626772460532,0.9244755244755245,0.9954093343534812
cplfw,0.022848285328917615,0.9251748251748252,0.9954093343534812
cplfw,0.022315249666578083,0.9258741258741259,0.9954093343534812
cplfw,0.022048522367231944,0.9265734265734266,0.9954093343534812
cplfw,0.021377197484247365,0.9272727272727272,0.9954093343534812
cplfw,0.019506866350077205,0.9279720279720279,0.9954093343534812
cplfw,0.017840501791243607,0.9286713286713286,0.9954093343534812
cplfw,0.017704258813635094,0.9293706293706294,0.9954093343534812
cplfw,0.017617536822955512,0.9300699300699301,0.9954093343534812
cplfw,0.016579329902091773,0.9307692307692308,0.9954093343534812
cplfw,0.016360719540682,0.9314685314685315,0.9954093343534812
cplfw,0.01617812523399264,0.9321678321678322,0.9954093343534812
cplfw,0.016097352555641306,0.9328671328671329,0.9954093343534812
cplfw,0.01554473049920961,0.9335664335664335,0.9954093343534812
cplfw,0.01542835601135185,0.9342657342657342,0.9954093343534812
cplfw,0.015411908554335205,0.9349650349650349,0.9954093343534812
cplfw,0.01467448493832146,0.9356643356643357,0.9954093343534812
cplfw,0.014060156023325622,0.9363636363636364,0.9954093343534812
cplfw,0.012423406854144697,0.9370629370629371,0.9954093343534812
cplfw,0.011767366178342497,0.9377622377622378,0.9954093343534812
cplfw,0.011593620520320392,0.9384615384615385,0.9954093343534812
cplfw,0.011150074590473413,0.9391608391608391,0.9954093343534812
cplfw,0.010767306522413722,0.9398601398601398,0.9954093343534812
cplfw,0.010149827510580538,0.9405594405594405,0.9954093343534812
cplfw,0.008734209644223606,0.9412587412587412,0.9954093343534812
cplfw,0.008731065727968834,0.941958041958042,0.9954093343534812
cplfw,0.008684672079025804,0.9426573426573427,0.9954093343534812
cplfw,0.008669343679389756,0.9433566433566434,0.9954093343534812
cplfw,0.007072187725636588,0.9440559440559441,0.9954093343534812
cplfw,0.006951309009757885,0.9447552447552447,0.9954093343534812
cplfw,0.0067742283637828435,0.9454545454545454,0.9954093343534812
cplfw,0.005988390313382226,0.9461538461538461,0.9954093343534812
cplfw,0.005024953831353907,0.9468531468531468,0.9954093343534812
cplfw,0.00463050284549266,0.9475524475524476,0.9954093343534812
cplfw,0.003103361839795441,0.9482517482517483,0.9954093343534812
cplfw,0.002711064967926627,0.948951048951049,0.9954093343534812
cplfw,0.0026044891536708584,0.9496503496503497,0.9954093343534812
cplfw,0.0024108688592275607,0.9503496503496504,0.9954093343534812
cplfw,0.0015252043743743532,0.951048951048951,0.9954093343534812
cplfw,0.0004905784952532188,0.951048951048951,0.9961744452945677
cplfw,0.00020858949092411597,0.9517482517482517,0.9961744452945677
cplfw,-0.0004850800218644865,0.9524475524475524,0.9961744452945677
cplfw,-0.0006776707015313244,0.9531468531468531,0.9961744452945677
cplfw,-0.0023587794000559208,0.9538461538461539,0.9961744452945677
cplfw,-0.0024877676007316247,0.9545454545454546,0.9961744452945677
cplfw,-0.0033167959200201724,0.9552447552447553,0.9961744452945677
cplfw,-0.005170880211541787,0.955944055944056,0.9961744452945677
cplfw,-0.005503598362574484,0.9566433566433566,0.9961744452945677
cplfw,-0.006972027546354368,0.9573426573426573,0.9961744452945677
cplfw,-0.007774635653911436,0.9573426573426573,0.9969395562356542
cplfw,-0.008308452905958653,0.958041958041958,0.9969395562356542
cplfw,-0.00834866172685988,0.9587412587412587,0.9969395562356542
cplfw,-0.00852092954052418,0.9594405594405594,0.9969395562356542
cplfw,-0.009153202182617134,0.9601398601398602,0.9969395562356542
cplfw,-0.010631129563733131,0.9608391608391609,0.9969395562356542
cplfw,-0.010896402372620857,0.9615384615384616,0.9969395562356542
cplfw,-0.012440702485025589,0.9622377622377623,0.9969395562356542
cplfw,-0.01292101495033493,0.9629370629370629,0.9969395562356542
cplfw,-0.013409345845981798,0.9636363636363636,0.9969395562356542
cplfw,-0.014441799146612075,0.9643356643356643,0.9969395562356542
cplfw,-0.01470930051295181,0.9643356643356643,0.9977046671767407
cplfw,-0.015331651535598637,0.965034965034965,0.9977046671767407
cplfw,-0.01622720897221637,0.9657342657342657,0.9977046671767407
cplfw,-0.018106759779478118,0.9664335664335665,0.9977046671767407
cplfw,-0.01980077844741707,0.9664335664335665,0.9984697781178271
cplfw,-0.020734667698515518,0.9671328671328672,0.9984697781178271
cplfw,-0.023181388317380678,0.9678321678321679,0.9984697781178271
cplfw,-0.02399500309841538,0.9685314685314685,0.9984697781178271
cplfw,-0.02460880963433426,0.9692307692307692,0.9984697781178271
cplfw,-0.024700314020149994,0.9699300699300699,0.9984697781178271
cplfw,-0.02475743859663993,0.9706293706293706,0.9984697781178271
cplfw,-0.024930405452009963,0.9713286713286713,0.9984697781178271
cplfw,-0.02545592260834505,0.9713286713286713,0.9992348890589136
cplfw,-0.025541736383489763,0.972027972027972,0.9992348890589136
cplfw,-0.025551093999093482,0.9727272727272728,0.9992348890589136
cplfw,-0.025762578314358936,0.9734265734265735,0.9992348890589136
cplfw,-0.026343192904011714,0.9741258741258741,0.9992348890589136
cplfw,-0.029985933530514344,0.9748251748251748,0.9992348890589136
cplfw,-0.030914700531358422,0.9755244755244755,0.9992348890589136
cplfw,-0.03116608046169126,0.9762237762237762,0.9992348890589136
cplfw,-0.031644547348523386,0.9769230769230769,0.9992348890589136
cplfw,-0.03176070971859123,0.9776223776223776,0.9992348890589136
cplfw,-0.03253463799282591,0.9783216783216783,0.9992348890589136
cplfw,-0.034450836952482355,0.9790209790209791,0.9992348890589136
cplfw,-0.03531624338397598,0.9797202797202798,0.9992348890589136
cplfw,-0.035362534053647574,0.9804195804195804,0.9992348890589136
cplfw,-0.03745311626401809,0.9811188811188811,0.9992348890589136
cplfw,-0.03772710921502607,0.9818181818181818,0.9992348890589136
cplfw,-0.03987886666486625,0.9825174825174825,0.9992348890589136
cplfw,-0.040546887407838336,0.9832167832167832,0.9992348890589136
cplfw,-0.043421160475863814,0.9839160839160839,0.9992348890589136
cplfw,-0.044618564327600384,0.9846153846153847,0.9992348890589136
cplfw,-0.045324271042562266,0.9853146853146854,0.9992348890589136
cplfw,-0.04619932268279525,0.986013986013986,0.9992348890589136
cplfw,-0.0473934770412787,0.9867132867132867,0.9992348890589136
cplfw,-0.0480349132858087,0.9867132867132867,1.0
cplfw,-0.04944357240763576,0.9874125874125874,1.0
cplfw,-0.050795618879653004,0.9881118881118881,1.0
cplfw,-0.0559082893866016,0.9888111888111888,1.0
cplfw,-0.0566206404492762,0.9895104895104895,1.0
cplfw,-0.05857666783476721,0.9902097902097902,1.0
cplfw,-0.06539349336094953,0.990909090909091,1.0
cplfw,-0.0689509937187358,0.9916083916083916,1.0
cplfw,-0.07143453622382145,0.9923076923076923,1.0
cplfw,-0.07174466102904217,0.993006993006993,1.0
cplfw,-0.07258300347580325,0.9937062937062937,1.0
cplfw,-0.07456527548063915,0.9944055944055944,1.0
cplfw,-0.07500873320339535,0.9951048951048951,1.0
cplfw,-0.08120749890320078,0.9958041958041958,1.0
cplfw,-0.08581997623766059,0.9965034965034965,1.0
cplfw,-0.09398781931959564,0.9972027972027973,1.0
cplfw,-0.0993564980561377,0.9979020979020979,1.0
cplfw,-0.12922669969671893,0.9986013986013986,1.0
cplfw,-0.13553374050696718,0.9993006993006993,1.0
cplfw,-0.16119486863420215,1.0,1.0
cplfw,-1.1611948686342022,1.0,1.0
